image_path,original_path,label,label_type,source_id,session_id,subject_id,frame_number,split,original_resolution,face_detection_status,face_score,quality_status,quality_score,quality_reasons,brightness,sharpness,md5,dhash
data/processed/alcohol_v1/images/alcoholic/A0523.png,AlcoholDetectionDataset/alcoholic/A0523.png,alcoholic,dataset_label_unverified,AlcoholDetectionDataset,AlcoholDetectionDataset:alcoholic,unknown,523,train,227x227,ok,0.9407,ok,0.4121,,87.03,64.97,d7e8e4c0143c18253c2658296a359f2e,7057587790171408151
data/processed/alcohol_v1/images/alcoholic/A0524.png,AlcoholDetectionDataset/alcoholic/A0524.png,alcoholic,dataset_label_unverified,AlcoholDetectionDataset,AlcoholDetectionDataset:alcoholic,unknown,524,train,227x227,ok,0.9414,ok,0.4263,,85.99,67.7,f94cbfdb562418dd96d6c80a97fe162b,8210227819809935127
data/processed/alcohol_v1/images/alcoholic/A0525.png,AlcoholDetectionDataset/alcoholic/A0525.png,alcoholic,dataset_label_unverified,AlcoholDetectionDataset,AlcoholDetectionDataset:alcoholic,unknown,525,train,227x227,ok,0.9415,ok,0.4078,,87.01,64.29,485c854dfdb98c6f9c7e084d1e862664,8210504896731746071
data/processed/alcohol_v1/images/alcoholic/A0526.png,AlcoholDetectionDataset/alcoholic/A0526.png,alcoholic,dataset_label_unverified,AlcoholDetectionDataset,AlcoholDetectionDataset:alcoholic,unknown,526,train,227x227,ok,0.9405,ok,0.3882,,87.18,61.12,0fcca6f3148532b4dcbc315a94e8cd0a,8210504896731746071
data/processed/alcohol_v1/images/alcoholic/A0527.png,AlcoholDetectionDataset/alcoholic/A0527.png,alcoholic,dataset_label_unverified,AlcoholDetectionDataset,AlcoholDetectionDataset:alcoholic,unknown,527,train,227x227,ok,0.9432,ok,0.4922,,87.06,77.57,177ad47e24090b7718167c393266e5d7,8354623383275374359
data/processed/alcohol_v1/images/alcoholic/A0528.png,AlcoholDetectionDataset/alcoholic/A0528.png,alcoholic,dataset_label_unverified,AlcoholDetectionDataset,AlcoholDetectionDataset:alcoholic,unknown,528,train,227x227,ok,0.9422,ok,0.4246,,86.16,67.36,25cec03df0eca09bedb1df262aba8211,8210509294778255127
data/processed/alcohol_v1/images/alcoholic/A0529.png,AlcoholDetectionDataset/alcoholic/A0529.png,alcoholic,dataset_label_unverified,AlcoholDetectionDataset,AlcoholDetectionDataset:alcoholic,unknown,529,train,227x227,ok,0.9403,ok,0.4544,,86.4,71.96,b4f58ee5a745b8c5e4806916422dd1f2,8210504896731744023
data/processed/alcohol_v1/images/alcoholic/A0530.png,AlcoholDetectionDataset/alcoholic/A0530.png,alcoholic,dataset_label_unverified,AlcoholDetectionDataset,AlcoholDetectionDataset:alcoholic,unknown,530,train,227x227,ok,0.9438,ok,0.4915,,87.61,77.16,6b274b54ed130c59f5748a7952ff9f75,8345618383111001879
data/processed/alcohol_v1/images/alcoholic/A0531.png,AlcoholDetectionDataset/alcoholic/A0531.png,alcoholic,dataset_label_unverified,AlcoholDetectionDataset,AlcoholDetectionDataset:alcoholic,unknown,531,train,227x227,ok,0.9405,ok,0.5466,,88.08,85.5,38b75d3282f78a247a257112c845687e,8318594586055087895
data/processed/alcohol_v1/images/alcoholic/A0532.png,AlcoholDetectionDataset/alcoholic/A0532.png,alcoholic,dataset_label_unverified,AlcoholDetectionDataset,AlcoholDetectionDataset:alcoholic,unknown,532,train,227x227,ok,0.9417,ok,0.3964,,87.24,62.4,97c281f700fc7952f5fa59392d0ef700,8354623383275374359
data/processed/alcohol_v1/images/alcoholic/A0533.png,AlcoholDetectionDataset/alcoholic/A0533.png,alcoholic,dataset_label_unverified,AlcoholDetectionDataset,AlcoholDetectionDataset:alcoholic,unknown,533,train,227x227,ok,0.942,ok,0.3888,,84.99,62.21,05d12b9a730ec2e93b73ff49071e2e33,7057588889620121367
data/processed/alcohol_v1/images/alcoholic/A0534.png,AlcoholDetectionDataset/alcoholic/A0534.png,alcoholic,dataset_label_unverified,AlcoholDetectionDataset,AlcoholDetectionDataset:alcoholic,unknown,534,train,227x227,ok,0.9449,ok,0.4774,,86.67,75.45,f4945e6be3e2aea3af25506f9d184a9f,8354623383275374359
data/processed/alcohol_v1/images/alcoholic/A0535.png,AlcoholDetectionDataset/alcoholic/A0535.png,alcoholic,dataset_label_unverified,AlcoholDetectionDataset,AlcoholDetectionDataset:alcoholic,unknown,535,train,227x227,ok,0.9404,ok,0.3833,,86.07,60.84,f003261bc364d0884053e5b8e6d732e5,8354623383275374359
data/processed/alcohol_v1/images/alcoholic/A0536.png,AlcoholDetectionDataset/alcoholic/A0536.png,alcoholic,dataset_label_unverified,AlcoholDetectionDataset,AlcoholDetectionDataset:alcoholic,unknown,536,train,227x227,ok,0.9414,ok,0.4194,,87.46,65.91,cf8896b00afac17e78b0487ae895516e,8354623383271180055
data/processed/alcohol_v1/images/alcoholic/A0537.png,AlcoholDetectionDataset/alcoholic/A0537.png,alcoholic,dataset_label_unverified,AlcoholDetectionDataset,AlcoholDetectionDataset:alcoholic,unknown,537,train,227x227,ok,0.9421,ok,0.4208,,85.55,67.06,b25349f8de93259f7ec0fbde9dfbed96,8354625582365738775
data/processed/alcohol_v1/images/alcoholic/A0538.png,AlcoholDetectionDataset/alcoholic/A0538.png,alcoholic,dataset_label_unverified,AlcoholDetectionDataset,AlcoholDetectionDataset:alcoholic,unknown,538,train,227x227,ok,0.9418,ok,0.4932,,87.26,77.61,0fb8ad7623c3e1dc848e095e1cc4e110,8354623383342483223
data/processed/alcohol_v1/images/alcoholic/A0539.png,AlcoholDetectionDataset/alcoholic/A0539.png,alcoholic,dataset_label_unverified,AlcoholDetectionDataset,AlcoholDetectionDataset:alcoholic,unknown,539,train,227x227,ok,0.942,ok,0.4791,,86.69,75.7,601c81213ed884bd8bc17d72fbde3e5c,8354623383275374359
data/processed/alcohol_v1/images/alcoholic/A0540.png,AlcoholDetectionDataset/alcoholic/A0540.png,alcoholic,dataset_label_unverified,AlcoholDetectionDataset,AlcoholDetectionDataset:alcoholic,unknown,540,train,227x227,ok,0.9435,ok,0.4391,,86.85,69.31,7e7bdb119c46f16c931d4a0a691e7d48,7201704077758891799
data/processed/alcohol_v1/images/alcoholic/A0541.png,AlcoholDetectionDataset/alcoholic/A0541.png,alcoholic,dataset_label_unverified,AlcoholDetectionDataset,AlcoholDetectionDataset:alcoholic,unknown,541,train,227x227,ok,0.9427,ok,0.502,,87.38,78.93,14205b0093e7bf791467727caad88c3a,8354625582365738775
data/processed/alcohol_v1/images/alcoholic/A0542.png,AlcoholDetectionDataset/alcoholic/A0542.png,alcoholic,dataset_label_unverified,AlcoholDetectionDataset,AlcoholDetectionDataset:alcoholic,unknown,542,train,227x227,ok,0.9426,ok,0.3979,,85.05,63.65,a3d2fe036ec96291741043d32ecf370a,7201702978180155159
data/processed/alcohol_v1/images/alcoholic/A0543.png,AlcoholDetectionDataset/alcoholic/A0543.png,alcoholic,dataset_label_unverified,AlcoholDetectionDataset,AlcoholDetectionDataset:alcoholic,unknown,543,train,227x227,ok,0.9411,ok,0.4026,,87.65,63.17,bba88f92ca336490ff1b301bbd3654f8,8354623383275374359
data/processed/alcohol_v1/images/alcoholic/A0544.png,AlcoholDetectionDataset/alcoholic/A0544.png,alcoholic,dataset_label_unverified,AlcoholDetectionDataset,AlcoholDetectionDataset:alcoholic,unknown,544,train,227x227,ok,0.941,ok,0.3703,,86.73,58.49,26b5580ea831ff9cdea44e5923cf9d7f,8354625582298629911
data/processed/alcohol_v1/images/alcoholic/A0545.png,AlcoholDetectionDataset/alcoholic/A0545.png,alcoholic,dataset_label_unverified,AlcoholDetectionDataset,AlcoholDetectionDataset:alcoholic,unknown,545,train,227x227,ok,0.9426,ok,0.4192,,87.38,65.9,21ae9cc6a18322a2533eb1497345c598,7201701878664333079
data/processed/alcohol_v1/images/alcoholic/A0546.png,AlcoholDetectionDataset/alcoholic/A0546.png,alcoholic,dataset_label_unverified,AlcoholDetectionDataset,AlcoholDetectionDataset:alcoholic,unknown,546,train,227x227,ok,0.9418,ok,0.4522,,86.69,71.45,6ce7b9184ebd390791eccd4fb5178624,7201704077754697495
data/processed/alcohol_v1/images/alcoholic/A0547.png,AlcoholDetectionDataset/alcoholic/A0547.png,alcoholic,dataset_label_unverified,AlcoholDetectionDataset,AlcoholDetectionDataset:alcoholic,unknown,547,train,227x227,ok,0.944,ok,0.4132,,86.68,65.3,2270cac026e17f90b13833a4b0b422df,8354624482854110999
data/processed/alcohol_v1/images/alcoholic/A0548.png,AlcoholDetectionDataset/alcoholic/A0548.png,alcoholic,dataset_label_unverified,AlcoholDetectionDataset,AlcoholDetectionDataset:alcoholic,unknown,548,train,227x227,ok,0.9433,ok,0.4641,,87.01,73.16,f98ca64026ea6aa4e62b9d153205d700,8354623383342487319
data/processed/alcohol_v1/images/alcoholic/A0549.png,AlcoholDetectionDataset/alcoholic/A0549.png,alcoholic,dataset_label_unverified,AlcoholDetectionDataset,AlcoholDetectionDataset:alcoholic,unknown,549,train,227x227,ok,0.9436,ok,0.4647,,86.68,73.44,13e100d11c6dfb26e80e0d5bf570d261,7201704077691782935
data/processed/alcohol_v1/images/alcoholic/A0550.png,AlcoholDetectionDataset/alcoholic/A0550.png,alcoholic,dataset_label_unverified,AlcoholDetectionDataset,AlcoholDetectionDataset:alcoholic,unknown,550,train,227x227,ok,0.9442,ok,0.4419,,86.45,69.96,2e07962616f2ca015e012ced40f99f25,8354625582298629911
data/processed/alcohol_v1/images/alcoholic/A0551.png,AlcoholDetectionDataset/alcoholic/A0551.png,alcoholic,dataset_label_unverified,AlcoholDetectionDataset,AlcoholDetectionDataset:alcoholic,unknown,551,train,227x227,ok,0.9439,ok,0.4141,,86.32,65.62,1273d1a368a4b85ce653adbfe66fef73,8210510394289882903
data/processed/alcohol_v1/images/alcoholic/A0552.png,AlcoholDetectionDataset/alcoholic/A0552.png,alcoholic,dataset_label_unverified,AlcoholDetectionDataset,AlcoholDetectionDataset:alcoholic,unknown,552,train,227x227,ok,0.9443,ok,0.4974,,87.31,78.25,910146f879a7811502b0c41ac01bf95d,8354625582365738775
data/processed/alcohol_v1/images/alcoholic/A0553.png,AlcoholDetectionDataset/alcoholic/A0553.png,alcoholic,dataset_label_unverified,AlcoholDetectionDataset,AlcoholDetectionDataset:alcoholic,unknown,553,train,227x227,ok,0.9419,ok,0.4483,,86.98,70.7,3b4a004921e3f1bdcc4c3ac31e5e9f51,8354625582365738775
data/processed/alcohol_v1/images/alcoholic/A0554.png,AlcoholDetectionDataset/alcoholic/A0554.png,alcoholic,dataset_label_unverified,AlcoholDetectionDataset,AlcoholDetectionDataset:alcoholic,unknown,554,train,227x227,ok,0.9445,ok,0.4603,,87.37,72.38,be2cce687fd5e729e26f38b14002a6dc,8354625582365738775
data/processed/alcohol_v1/images/alcoholic/A0555.png,AlcoholDetectionDataset/alcoholic/A0555.png,alcoholic,dataset_label_unverified,AlcoholDetectionDataset,AlcoholDetectionDataset:alcoholic,unknown,555,train,227x227,ok,0.9475,ok,0.5657,,87.65,88.77,c8ad2a0760444ee6c695f81b242a4c50,8354623383271180055
data/processed/alcohol_v1/images/alcoholic/A0556.png,AlcoholDetectionDataset/alcoholic/A0556.png,alcoholic,dataset_label_unverified,AlcoholDetectionDataset,AlcoholDetectionDataset:alcoholic,unknown,556,train,227x227,ok,0.9428,ok,0.4952,,85.71,78.81,adbafc1b28ba74092a8007c65e2323a5,7201704077754697495
data/processed/alcohol_v1/images/alcoholic/A0557.png,AlcoholDetectionDataset/alcoholic/A0557.png,alcoholic,dataset_label_unverified,AlcoholDetectionDataset,AlcoholDetectionDataset:alcoholic,unknown,557,train,227x227,ok,0.9426,ok,0.4594,,88.05,71.89,94db98db646aff43edc074f619851909,8354623383275374359
data/processed/alcohol_v1/images/alcoholic/A0558.png,AlcoholDetectionDataset/alcoholic/A0558.png,alcoholic,dataset_label_unverified,AlcoholDetectionDataset,AlcoholDetectionDataset:alcoholic,unknown,558,train,227x227,ok,0.9413,ok,0.7302,,87.57,114.65,918f46e4f9107a69aa339159678b4192,8354623383292282647
data/processed/alcohol_v1/images/alcoholic/A0559.png,AlcoholDetectionDataset/alcoholic/A0559.png,alcoholic,dataset_label_unverified,AlcoholDetectionDataset,AlcoholDetectionDataset:alcoholic,unknown,559,train,227x227,ok,0.9437,ok,0.5761,,88.0,90.17,a80fddab0a5503a309bd7dfce7634965,7201704077704496919
data/processed/alcohol_v1/images/alcoholic/A0560.png,AlcoholDetectionDataset/alcoholic/A0560.png,alcoholic,dataset_label_unverified,AlcoholDetectionDataset,AlcoholDetectionDataset:alcoholic,unknown,560,train,227x227,ok,0.9403,ok,0.5654,,87.67,88.7,09ee511725d23384578895f1ed045d96,7201701878668658455
data/processed/alcohol_v1/images/alcoholic/A0561.png,AlcoholDetectionDataset/alcoholic/A0561.png,alcoholic,dataset_label_unverified,AlcoholDetectionDataset,AlcoholDetectionDataset:alcoholic,unknown,561,train,227x227,ok,0.9408,ok,0.6398,,88.82,99.55,b525e3513f4a1a99e71cdbd30f7c5775,7192694679413921559
data/processed/alcohol_v1/images/alcoholic/A0562.png,AlcoholDetectionDataset/alcoholic/A0562.png,alcoholic,dataset_label_unverified,AlcoholDetectionDataset,AlcoholDetectionDataset:alcoholic,unknown,562,train,227x227,ok,0.9375,ok,0.5592,,89.07,86.85,9a6639454f05e4982abe87bbc8acad0a,7201701878685439767
data/processed/alcohol_v1/images/alcoholic/A0563.png,AlcoholDetectionDataset/alcoholic/A0563.png,alcoholic,dataset_label_unverified,AlcoholDetectionDataset,AlcoholDetectionDataset:alcoholic,unknown,563,train,227x227,ok,0.9366,ok,0.5701,,89.63,88.19,ce4cc8069f7190af06edd3e8ae471988,8354623383275505431
data/processed/alcohol_v1/images/alcoholic/A0564.png,AlcoholDetectionDataset/alcoholic/A0564.png,alcoholic,dataset_label_unverified,AlcoholDetectionDataset,AlcoholDetectionDataset:alcoholic,unknown,564,train,227x227,ok,0.9401,ok,0.5807,,88.98,90.25,6536a0f3d5d110095d1540338c1f3e09,8354623383292282647
data/processed/alcohol_v1/images/alcoholic/A0565.png,AlcoholDetectionDataset/alcoholic/A0565.png,alcoholic,dataset_label_unverified,AlcoholDetectionDataset,AlcoholDetectionDataset:alcoholic,unknown,565,train,227x227,ok,0.9386,ok,0.6599,,88.96,102.58,1901fbfe9b0c834a5e0171b15afa0903,8354623383275505431
data/processed/alcohol_v1/images/alcoholic/A0566.png,AlcoholDetectionDataset/alcoholic/A0566.png,alcoholic,dataset_label_unverified,AlcoholDetectionDataset,AlcoholDetectionDataset:alcoholic,unknown,566,train,227x227,ok,0.9419,ok,0.6366,,88.55,99.25,bea3300d0b1e8e78c3baf6f29a1cf251,8354623383275505431
data/processed/alcohol_v1/images/alcoholic/A0567.png,AlcoholDetectionDataset/alcoholic/A0567.png,alcoholic,dataset_label_unverified,AlcoholDetectionDataset,AlcoholDetectionDataset:alcoholic,unknown,567,train,227x227,ok,0.94,ok,0.6362,,87.79,99.73,759c707e4809b0e615447e072b907600,8354623383275505431
data/processed/alcohol_v1/images/alcoholic/A0568.png,AlcoholDetectionDataset/alcoholic/A0568.png,alcoholic,dataset_label_unverified,AlcoholDetectionDataset,AlcoholDetectionDataset:alcoholic,unknown,568,train,227x227,ok,0.9454,ok,0.6146,,87.4,96.62,3e8270d7ad8d1f285a75e8aa7cd41a56,8354623383292282647
data/processed/alcohol_v1/images/alcoholic/A0569.png,AlcoholDetectionDataset/alcoholic/A0569.png,alcoholic,dataset_label_unverified,AlcoholDetectionDataset,AlcoholDetectionDataset:alcoholic,unknown,569,train,227x227,ok,0.9425,ok,0.5939,,87.54,93.27,64a01468822f4d74d734df32bdc92a54,7201701878685435671
data/processed/alcohol_v1/images/alcoholic/A0570.png,AlcoholDetectionDataset/alcoholic/A0570.png,alcoholic,dataset_label_unverified,AlcoholDetectionDataset,AlcoholDetectionDataset:alcoholic,unknown,570,train,227x227,ok,0.9435,ok,0.5618,,85.73,89.4,7b1feaf869df76b1082cc44f9589847e,7201701878685435671
data/processed/alcohol_v1/images/alcoholic/A0571.png,AlcoholDetectionDataset/alcoholic/A0571.png,alcoholic,dataset_label_unverified,AlcoholDetectionDataset,AlcoholDetectionDataset:alcoholic,unknown,571,train,227x227,ok,0.9432,ok,0.5023,,87.52,78.9,1b80a8ee190f218cb2db8cbdce9d46d8,7201704077708691223
data/processed/alcohol_v1/images/alcoholic/A0572.png,AlcoholDetectionDataset/alcoholic/A0572.png,alcoholic,dataset_label_unverified,AlcoholDetectionDataset,AlcoholDetectionDataset:alcoholic,unknown,572,train,227x227,ok,0.9432,ok,0.5651,,87.54,88.75,8c3eafff184a14db70d86af2d5e9917d,7201704077708691223
data/processed/alcohol_v1/images/alcoholic/A0573.png,AlcoholDetectionDataset/alcoholic/A0573.png,alcoholic,dataset_label_unverified,AlcoholDetectionDataset,AlcoholDetectionDataset:alcoholic,unknown,573,train,227x227,ok,0.9411,ok,0.5694,,87.04,89.75,b762ff14fc5154b535edba6613df0818,7201704077708691223
data/processed/alcohol_v1/images/alcoholic/A0574.png,AlcoholDetectionDataset/alcoholic/A0574.png,alcoholic,dataset_label_unverified,AlcoholDetectionDataset,AlcoholDetectionDataset:alcoholic,unknown,574,train,227x227,ok,0.9432,ok,0.5637,,88.9,87.65,caaf6d7e5f45ed48eafe1a316b4fa232,8354625582315538199
data/processed/alcohol_v1/images/alcoholic/A0575.png,AlcoholDetectionDataset/alcoholic/A0575.png,alcoholic,dataset_label_unverified,AlcoholDetectionDataset,AlcoholDetectionDataset:alcoholic,unknown,575,train,227x227,ok,0.9433,ok,0.5684,,87.9,89.02,3ecfd4a0c0683e7cb8f46ea659fbe73a,7201704077708691223
data/processed/alcohol_v1/images/alcoholic/A0576.png,AlcoholDetectionDataset/alcoholic/A0576.png,alcoholic,dataset_label_unverified,AlcoholDetectionDataset,AlcoholDetectionDataset:alcoholic,unknown,576,train,227x227,ok,0.943,ok,0.5623,,87.78,88.15,4d0029923f85b9e48234ade7b807e74e,7201704077708691223
data/processed/alcohol_v1/images/alcoholic/A0577.png,AlcoholDetectionDataset/alcoholic/A0577.png,alcoholic,dataset_label_unverified,AlcoholDetectionDataset,AlcoholDetectionDataset:alcoholic,unknown,577,train,227x227,ok,0.9442,ok,0.5723,,88.12,89.5,5ee2820710813d28ec4f60ef9aa532ff,7057588889632835351
data/processed/alcohol_v1/images/alcoholic/A0578.png,AlcoholDetectionDataset/alcoholic/A0578.png,alcoholic,dataset_label_unverified,AlcoholDetectionDataset,AlcoholDetectionDataset:alcoholic,unknown,578,train,227x227,ok,0.9452,ok,0.5635,,86.72,89.03,946dbc60ee354943f319bcbaf74a0603,7057588889632704279
data/processed/alcohol_v1/images/alcoholic/A0579.png,AlcoholDetectionDataset/alcoholic/A0579.png,alcoholic,dataset_label_unverified,AlcoholDetectionDataset,AlcoholDetectionDataset:alcoholic,unknown,579,train,227x227,ok,0.9435,ok,0.5556,,85.51,88.56,60c612a832a787e18cde17a95560367a,7057588889632704279
data/processed/alcohol_v1/images/alcoholic/A0580.png,AlcoholDetectionDataset/alcoholic/A0580.png,alcoholic,dataset_label_unverified,AlcoholDetectionDataset,AlcoholDetectionDataset:alcoholic,unknown,580,train,227x227,ok,0.9448,ok,0.5718,,85.49,91.16,12a560609f68f4d3112978f4570f3a66,7057588889632704279
data/processed/alcohol_v1/images/alcoholic/A0581.png,AlcoholDetectionDataset/alcoholic/A0581.png,alcoholic,dataset_label_unverified,AlcoholDetectionDataset,AlcoholDetectionDataset:alcoholic,unknown,581,train,227x227,ok,0.942,ok,0.5544,,85.14,88.61,8c94376b9bb8e7db1767f73033b17c22,7057588889632704279
data/processed/alcohol_v1/images/alcoholic/A0582.png,AlcoholDetectionDataset/alcoholic/A0582.png,alcoholic,dataset_label_unverified,AlcoholDetectionDataset,AlcoholDetectionDataset:alcoholic,unknown,582,train,227x227,ok,0.9431,ok,0.5776,,88.24,90.25,c563e1612a504d48a2343d36827d7662,7201701878685435671
data/processed/alcohol_v1/images/alcoholic/A0583.png,AlcoholDetectionDataset/alcoholic/A0583.png,alcoholic,dataset_label_unverified,AlcoholDetectionDataset,AlcoholDetectionDataset:alcoholic,unknown,583,train,227x227,ok,0.9441,ok,0.5761,,87.84,90.27,5a0e1db2b199828e44bf8df35e87348d,7057588889632704279
data/processed/alcohol_v1/images/alcoholic/A0584.png,AlcoholDetectionDataset/alcoholic/A0584.png,alcoholic,dataset_label_unverified,AlcoholDetectionDataset,AlcoholDetectionDataset:alcoholic,unknown,584,train,227x227,ok,0.9427,ok,0.5655,,87.2,89.03,2742577436ad862c0445fed0365e499a,7057588889632704279
data/processed/alcohol_v1/images/alcoholic/A0585.png,AlcoholDetectionDataset/alcoholic/A0585.png,alcoholic,dataset_label_unverified,AlcoholDetectionDataset,AlcoholDetectionDataset:alcoholic,unknown,585,train,227x227,ok,0.9418,ok,0.547,,86.35,86.66,6493c36895e86f551947ef9e12b66eee,7201704077708560151
data/processed/alcohol_v1/images/alcoholic/A0586.png,AlcoholDetectionDataset/alcoholic/A0586.png,alcoholic,dataset_label_unverified,AlcoholDetectionDataset,AlcoholDetectionDataset:alcoholic,unknown,586,train,227x227,ok,0.9438,ok,0.5501,,84.97,88.03,9ad6f9ceb8aaeaa833c4a024e6461400,7201704077708560151
data/processed/alcohol_v1/images/alcoholic/A0587.png,AlcoholDetectionDataset/alcoholic/A0587.png,alcoholic,dataset_label_unverified,AlcoholDetectionDataset,AlcoholDetectionDataset:alcoholic,unknown,587,train,227x227,ok,0.9361,ok,0.6713,,87.93,105.12,b945fdda81d53711adeb45cb69fa83ca,7192696878453950231
data/processed/alcohol_v1/images/alcoholic/A0588.png,AlcoholDetectionDataset/alcoholic/A0588.png,alcoholic,dataset_label_unverified,AlcoholDetectionDataset,AlcoholDetectionDataset:alcoholic,unknown,588,train,227x227,ok,0.9391,ok,0.4736,,86.71,74.83,f0371b20197af1f523af930c18c12619,7201704077708691223
data/processed/alcohol_v1/images/alcoholic/A0589.png,AlcoholDetectionDataset/alcoholic/A0589.png,alcoholic,dataset_label_unverified,AlcoholDetectionDataset,AlcoholDetectionDataset:alcoholic,unknown,589,train,227x227,ok,0.9425,ok,0.5972,,87.65,93.72,eaf52914bb35182ae22a2d68e14978ba,7201704077708691223
data/processed/alcohol_v1/images/alcoholic/A0590.png,AlcoholDetectionDataset/alcoholic/A0590.png,alcoholic,dataset_label_unverified,AlcoholDetectionDataset,AlcoholDetectionDataset:alcoholic,unknown,590,train,227x227,ok,0.9427,ok,0.5855,,87.33,92.09,2a50a2c44b5e2efbaedc45c53e0b9225,7201704077708691223
data/processed/alcohol_v1/images/alcoholic/A0591.png,AlcoholDetectionDataset/alcoholic/A0591.png,alcoholic,dataset_label_unverified,AlcoholDetectionDataset,AlcoholDetectionDataset:alcoholic,unknown,591,train,227x227,ok,0.9402,ok,0.5594,,86.17,88.74,be80d48d7d5228fecaaf3d7abb3c9786,7201704077708560151
data/processed/alcohol_v1/images/alcoholic/A0592.png,AlcoholDetectionDataset/alcoholic/A0592.png,alcoholic,dataset_label_unverified,AlcoholDetectionDataset,AlcoholDetectionDataset:alcoholic,unknown,592,train,227x227,ok,0.9433,ok,0.4965,,85.22,79.31,bf81633da19073e1bee33dd039a9b652,7201704077708560151
data/processed/alcohol_v1/images/alcoholic/A0593.png,AlcoholDetectionDataset/alcoholic/A0593.png,alcoholic,dataset_label_unverified,AlcoholDetectionDataset,AlcoholDetectionDataset:alcoholic,unknown,593,train,227x227,ok,0.9398,ok,0.539,,85.08,86.18,00b208609d7d0c3dbc24b09fa51cbdd6,7201704077708560151
data/processed/alcohol_v1/images/alcoholic/A0594.png,AlcoholDetectionDataset/alcoholic/A0594.png,alcoholic,dataset_label_unverified,AlcoholDetectionDataset,AlcoholDetectionDataset:alcoholic,unknown,594,train,227x227,ok,0.9436,ok,0.6429,,87.47,101.02,bfdb858c688e0234bf9262ce44b0176d,7201704077708695319
data/processed/alcohol_v1/images/alcoholic/A0595.png,AlcoholDetectionDataset/alcoholic/A0595.png,alcoholic,dataset_label_unverified,AlcoholDetectionDataset,AlcoholDetectionDataset:alcoholic,unknown,595,train,227x227,ok,0.9395,ok,0.5422,,87.96,84.89,c25e3400bfa3c886eb6a5cc7f89160ad,7201701878685439767
data/processed/alcohol_v1/images/alcoholic/A0596.png,AlcoholDetectionDataset/alcoholic/A0596.png,alcoholic,dataset_label_unverified,AlcoholDetectionDataset,AlcoholDetectionDataset:alcoholic,unknown,596,train,227x227,ok,0.9417,ok,0.5627,,87.65,88.3,1c63769efde55839b245fb63e93d95c2,8354623383292282647
data/processed/alcohol_v1/images/alcoholic/A0597.png,AlcoholDetectionDataset/alcoholic/A0597.png,alcoholic,dataset_label_unverified,AlcoholDetectionDataset,AlcoholDetectionDataset:alcoholic,unknown,597,train,227x227,ok,0.9415,ok,0.5665,,87.53,88.97,1b50bb9dc75fc0b75010df7fe67371c7,8354623383292282647
data/processed/alcohol_v1/images/alcoholic/A0598.png,AlcoholDetectionDataset/alcoholic/A0598.png,alcoholic,dataset_label_unverified,AlcoholDetectionDataset,AlcoholDetectionDataset:alcoholic,unknown,598,train,227x227,ok,0.943,ok,0.5122,,87.47,80.49,33bc5ef209adaba43b9e16e8ae3c6b0b,8354623383292282647
data/processed/alcohol_v1/images/alcoholic/A0599.png,AlcoholDetectionDataset/alcoholic/A0599.png,alcoholic,dataset_label_unverified,AlcoholDetectionDataset,AlcoholDetectionDataset:alcoholic,unknown,599,train,227x227,ok,0.9378,ok,0.5933,,88.8,92.33,ae9ff42049e4221ff235a0a86ba7ec83,7201701878685439767
data/processed/alcohol_v1/images/alcoholic/A0600.png,AlcoholDetectionDataset/alcoholic/A0600.png,alcoholic,dataset_label_unverified,AlcoholDetectionDataset,AlcoholDetectionDataset:alcoholic,unknown,600,train,227x227,ok,0.9415,ok,0.5803,,87.93,90.87,684fe8d2ff49cc2d4368daaa2623d50f,7201701878685435671
data/processed/alcohol_v1/images/alcoholic/A0601.png,AlcoholDetectionDataset/alcoholic/A0601.png,alcoholic,dataset_label_unverified,AlcoholDetectionDataset,AlcoholDetectionDataset:alcoholic,unknown,601,train,227x227,ok,0.9432,ok,0.54,,86.17,85.66,b4f19ad456fc1098803a5be23498dd87,7201704077708691223
data/processed/alcohol_v1/images/alcoholic/A0602.png,AlcoholDetectionDataset/alcoholic/A0602.png,alcoholic,dataset_label_unverified,AlcoholDetectionDataset,AlcoholDetectionDataset:alcoholic,unknown,602,train,227x227,ok,0.9397,ok,0.5716,,87.49,89.8,02757638c60343c32e4df3f73dd4e005,7201701878685435671
data/processed/alcohol_v1/images/alcoholic/A0603.png,AlcoholDetectionDataset/alcoholic/A0603.png,alcoholic,dataset_label_unverified,AlcoholDetectionDataset,AlcoholDetectionDataset:alcoholic,unknown,603,train,227x227,ok,0.9408,ok,0.5554,,86.14,88.13,b5858d279dceda792f457af2dafc1a59,7201701878685435671
data/processed/alcohol_v1/images/alcoholic/A0604.png,AlcoholDetectionDataset/alcoholic/A0604.png,alcoholic,dataset_label_unverified,AlcoholDetectionDataset,AlcoholDetectionDataset:alcoholic,unknown,604,train,227x227,ok,0.9387,ok,0.565,,88.38,88.19,6f47d1c78314f07eaa58e95f9d163f64,7201701878685439767
data/processed/alcohol_v1/images/alcoholic/A0605.png,AlcoholDetectionDataset/alcoholic/A0605.png,alcoholic,dataset_label_unverified,AlcoholDetectionDataset,AlcoholDetectionDataset:alcoholic,unknown,605,train,227x227,ok,0.9404,ok,0.571,,87.17,89.92,2a361788147b6e0e9977951d6a71068c,7201704077708691223
data/processed/alcohol_v1/images/alcoholic/A0606.png,AlcoholDetectionDataset/alcoholic/A0606.png,alcoholic,dataset_label_unverified,AlcoholDetectionDataset,AlcoholDetectionDataset:alcoholic,unknown,606,train,227x227,ok,0.9404,ok,0.5306,,87.65,83.26,915e9976ef2f429affe9069f103d6702,7201701878685435671
data/processed/alcohol_v1/images/alcoholic/A0607.png,AlcoholDetectionDataset/alcoholic/A0607.png,alcoholic,dataset_label_unverified,AlcoholDetectionDataset,AlcoholDetectionDataset:alcoholic,unknown,607,train,227x227,ok,0.9428,ok,0.5651,,88.6,88.07,ffedd7707e8882295d2d7dff6a1756b1,7201701878685435671
data/processed/alcohol_v1/images/alcoholic/A0608.png,AlcoholDetectionDataset/alcoholic/A0608.png,alcoholic,dataset_label_unverified,AlcoholDetectionDataset,AlcoholDetectionDataset:alcoholic,unknown,608,train,227x227,ok,0.9417,ok,0.5657,,87.91,88.6,c675a2c21bcc712a7ae015449f2e4bd5,7201701878685435671
data/processed/alcohol_v1/images/alcoholic/A0609.png,AlcoholDetectionDataset/alcoholic/A0609.png,alcoholic,dataset_label_unverified,AlcoholDetectionDataset,AlcoholDetectionDataset:alcoholic,unknown,609,train,227x227,ok,0.9412,ok,0.5461,,88.18,85.37,cb00205845ae74324d1e4cfb8cae066d,8354625582315542295
data/processed/alcohol_v1/images/alcoholic/A0610.png,AlcoholDetectionDataset/alcoholic/A0610.png,alcoholic,dataset_label_unverified,AlcoholDetectionDataset,AlcoholDetectionDataset:alcoholic,unknown,610,train,227x227,ok,0.9412,ok,0.5076,,87.74,79.6,d5765e4fe26e078add75053df500077b,8354623383292282647
data/processed/alcohol_v1/images/alcoholic/A0611.png,AlcoholDetectionDataset/alcoholic/A0611.png,alcoholic,dataset_label_unverified,AlcoholDetectionDataset,AlcoholDetectionDataset:alcoholic,unknown,611,train,227x227,ok,0.9413,ok,0.5635,,88.5,87.88,ffd2cd4775831368098067780fc9d930,8354623383292282647
data/processed/alcohol_v1/images/alcoholic/A0612.png,AlcoholDetectionDataset/alcoholic/A0612.png,alcoholic,dataset_label_unverified,AlcoholDetectionDataset,AlcoholDetectionDataset:alcoholic,unknown,612,train,227x227,ok,0.9436,ok,0.4716,,86.54,74.61,ddb3fd4dda5ec5449aa3530960c4a8bc,7201701878685435671
data/processed/alcohol_v1/images/alcoholic/A0613.png,AlcoholDetectionDataset/alcoholic/A0613.png,alcoholic,dataset_label_unverified,AlcoholDetectionDataset,AlcoholDetectionDataset:alcoholic,unknown,613,train,227x227,ok,0.9417,ok,0.5334,,88.21,83.36,df38fd25aa30c0f1a16ac7eb1a92e5c8,8354623383292282647
data/processed/alcohol_v1/images/alcoholic/A0614.png,AlcoholDetectionDataset/alcoholic/A0614.png,alcoholic,dataset_label_unverified,AlcoholDetectionDataset,AlcoholDetectionDataset:alcoholic,unknown,614,train,227x227,ok,0.9413,ok,0.5927,,87.96,92.79,2660216013a2a663807cd3fa0f9a1f34,8354623383292282647
data/processed/alcohol_v1/images/alcoholic/A0615.png,AlcoholDetectionDataset/alcoholic/A0615.png,alcoholic,dataset_label_unverified,AlcoholDetectionDataset,AlcoholDetectionDataset:alcoholic,unknown,615,train,227x227,ok,0.9381,ok,0.535,,87.43,84.08,7b3e21a3ab5be46230516e3524ee910a,8354623383292282647
data/processed/alcohol_v1/images/alcoholic/A0616.png,AlcoholDetectionDataset/alcoholic/A0616.png,alcoholic,dataset_label_unverified,AlcoholDetectionDataset,AlcoholDetectionDataset:alcoholic,unknown,616,train,227x227,ok,0.9393,ok,0.5049,,87.06,79.57,365513dda85821b836b666c411b949e8,7201704077708691223
data/processed/alcohol_v1/images/alcoholic/A0617.png,AlcoholDetectionDataset/alcoholic/A0617.png,alcoholic,dataset_label_unverified,AlcoholDetectionDataset,AlcoholDetectionDataset:alcoholic,unknown,617,train,227x227,ok,0.9392,ok,0.5555,,86.93,87.63,dabf42d51919aea89cafb0f063488a25,8354623383292282647
data/processed/alcohol_v1/images/alcoholic/A0618.png,AlcoholDetectionDataset/alcoholic/A0618.png,alcoholic,dataset_label_unverified,AlcoholDetectionDataset,AlcoholDetectionDataset:alcoholic,unknown,618,train,227x227,ok,0.9392,ok,0.4334,,88.02,67.83,98415e5e884a957e407704d2032c78e0,8354623383292282647
data/processed/alcohol_v1/images/alcoholic/A0619.png,AlcoholDetectionDataset/alcoholic/A0619.png,alcoholic,dataset_label_unverified,AlcoholDetectionDataset,AlcoholDetectionDataset:alcoholic,unknown,619,train,227x227,ok,0.938,ok,0.5543,,85.88,88.12,234afbbe206e9dea4222f76fd1e44697,7201704077708691223
data/processed/alcohol_v1/images/alcoholic/A0620.png,AlcoholDetectionDataset/alcoholic/A0620.png,alcoholic,dataset_label_unverified,AlcoholDetectionDataset,AlcoholDetectionDataset:alcoholic,unknown,620,train,227x227,ok,0.9318,ok,0.5871,,86.37,92.99,e070fce5686aafb15ff33870e9e2c7eb,7192696878453950231
data/processed/alcohol_v1/images/alcoholic/A0621.png,AlcoholDetectionDataset/alcoholic/A0621.png,alcoholic,dataset_label_unverified,AlcoholDetectionDataset,AlcoholDetectionDataset:alcoholic,unknown,621,train,227x227,ok,0.933,ok,0.5758,,86.37,91.2,24bbf9b2133b0560251a2167f219ee32,8354625582315538199
data/processed/alcohol_v1/images/alcoholic/A0622.png,AlcoholDetectionDataset/alcoholic/A0622.png,alcoholic,dataset_label_unverified,AlcoholDetectionDataset,AlcoholDetectionDataset:alcoholic,unknown,622,train,227x227,ok,0.9374,ok,0.5709,,86.61,90.26,d18805de00de94426d7a8c4dfa8b894e,7201704077708691223
data/processed/alcohol_v1/images/alcoholic/A0623.png,AlcoholDetectionDataset/alcoholic/A0623.png,alcoholic,dataset_label_unverified,AlcoholDetectionDataset,AlcoholDetectionDataset:alcoholic,unknown,623,train,227x227,ok,0.9362,ok,0.5114,,85.15,81.74,0c63e5f180dae844f9251fd4851a7e37,7192696878453950231
data/processed/alcohol_v1/images/alcoholic/A0624.png,AlcoholDetectionDataset/alcoholic/A0624.png,alcoholic,dataset_label_unverified,AlcoholDetectionDataset,AlcoholDetectionDataset:alcoholic,unknown,624,train,227x227,ok,0.9378,ok,0.4975,,85.46,79.33,4d57d52a75b6f9998ee629a6b06d31e8,7201701878685435671
data/processed/alcohol_v1/images/alcoholic/A0625.png,AlcoholDetectionDataset/alcoholic/A0625.png,alcoholic,dataset_label_unverified,AlcoholDetectionDataset,AlcoholDetectionDataset:alcoholic,unknown,625,train,227x227,ok,0.9389,ok,0.5593,,87.03,88.16,4b5b741cab922b30e83d1167073face0,7201704077708691223
data/processed/alcohol_v1/images/alcoholic/A0626.png,AlcoholDetectionDataset/alcoholic/A0626.png,alcoholic,dataset_label_unverified,AlcoholDetectionDataset,AlcoholDetectionDataset:alcoholic,unknown,626,train,227x227,ok,0.9362,ok,0.5737,,87.63,90.03,64eec72e14a6862d239bb99e5b37bf1a,8354625582315538199
data/processed/alcohol_v1/images/alcoholic/A0627.png,AlcoholDetectionDataset/alcoholic/A0627.png,alcoholic,dataset_label_unverified,AlcoholDetectionDataset,AlcoholDetectionDataset:alcoholic,unknown,627,train,227x227,ok,0.9398,ok,0.5443,,85.62,86.7,c280e131ca4a314c655ec0d3f356fb0d,7201704077708691223
data/processed/alcohol_v1/images/alcoholic/A0628.png,AlcoholDetectionDataset/alcoholic/A0628.png,alcoholic,dataset_label_unverified,AlcoholDetectionDataset,AlcoholDetectionDataset:alcoholic,unknown,628,train,227x227,ok,0.939,ok,0.5874,,86.66,92.83,f9be340d67dc6354a39ab25e82ec8926,7201701878685435671
data/processed/alcohol_v1/images/alcoholic/A0629.png,AlcoholDetectionDataset/alcoholic/A0629.png,alcoholic,dataset_label_unverified,AlcoholDetectionDataset,AlcoholDetectionDataset:alcoholic,unknown,629,train,227x227,ok,0.9387,ok,0.525,,86.3,83.2,2893363723f4fa7402a34e878cad95c4,8354625582315538199
data/processed/alcohol_v1/images/alcoholic/A0630.png,AlcoholDetectionDataset/alcoholic/A0630.png,alcoholic,dataset_label_unverified,AlcoholDetectionDataset,AlcoholDetectionDataset:alcoholic,unknown,630,train,227x227,ok,0.9384,ok,0.5823,,85.56,92.78,67d88e96fd998a21e0528d0d8ba6a180,7201704077708691223
data/processed/alcohol_v1/images/alcoholic/A0631.png,AlcoholDetectionDataset/alcoholic/A0631.png,alcoholic,dataset_label_unverified,AlcoholDetectionDataset,AlcoholDetectionDataset:alcoholic,unknown,631,train,227x227,ok,0.9373,ok,0.5653,,86.36,89.55,ee7e463ef3ad978e387cc5f69f83ccb1,7201701878681241367
data/processed/alcohol_v1/images/alcoholic/A0632.png,AlcoholDetectionDataset/alcoholic/A0632.png,alcoholic,dataset_label_unverified,AlcoholDetectionDataset,AlcoholDetectionDataset:alcoholic,unknown,632,train,227x227,ok,0.9359,ok,0.6008,,87.31,94.51,461c56fa55459f55bd063aa79e0a557c,8354623383292282647
data/processed/alcohol_v1/images/alcoholic/A0633.png,AlcoholDetectionDataset/alcoholic/A0633.png,alcoholic,dataset_label_unverified,AlcoholDetectionDataset,AlcoholDetectionDataset:alcoholic,unknown,633,train,227x227,ok,0.9395,ok,0.5288,,86.1,83.93,c9008bf69693df99b13c2edb0a410256,7201704077708691223
data/processed/alcohol_v1/images/alcoholic/A0634.png,AlcoholDetectionDataset/alcoholic/A0634.png,alcoholic,dataset_label_unverified,AlcoholDetectionDataset,AlcoholDetectionDataset:alcoholic,unknown,634,train,227x227,ok,0.9384,ok,0.6118,,84.99,97.89,fd6f3b1f7d35376b873de3a024d57ed2,7201704077708691223
data/processed/alcohol_v1/images/alcoholic/A0635.png,AlcoholDetectionDataset/alcoholic/A0635.png,alcoholic,dataset_label_unverified,AlcoholDetectionDataset,AlcoholDetectionDataset:alcoholic,unknown,635,train,227x227,ok,0.9374,ok,0.5451,,86.86,86.03,123616e66839e3c4145975fb8ca1808d,7201704077708691223
data/processed/alcohol_v1/images/alcoholic/A0636.png,AlcoholDetectionDataset/alcoholic/A0636.png,alcoholic,dataset_label_unverified,AlcoholDetectionDataset,AlcoholDetectionDataset:alcoholic,unknown,636,train,227x227,ok,0.9343,ok,0.5428,,87.4,85.33,f974e985686325ea28930505dfeae8d7,7201704077708691223
data/processed/alcohol_v1/images/alcoholic/A0637.png,AlcoholDetectionDataset/alcoholic/A0637.png,alcoholic,dataset_label_unverified,AlcoholDetectionDataset,AlcoholDetectionDataset:alcoholic,unknown,637,train,227x227,ok,0.9358,ok,0.5934,,85.87,94.34,36d95b6ab3a0d9345e9d3997e5e1113b,7201704077708691223
data/processed/alcohol_v1/images/alcoholic/A0638.png,AlcoholDetectionDataset/alcoholic/A0638.png,alcoholic,dataset_label_unverified,AlcoholDetectionDataset,AlcoholDetectionDataset:alcoholic,unknown,638,train,227x227,ok,0.939,ok,0.5782,,84.88,92.6,3dc8ddadd0504af9be16c442556393d1,7201704077708691223
data/processed/alcohol_v1/images/alcoholic/A0639.png,AlcoholDetectionDataset/alcoholic/A0639.png,alcoholic,dataset_label_unverified,AlcoholDetectionDataset,AlcoholDetectionDataset:alcoholic,unknown,639,train,227x227,ok,0.9381,ok,0.5552,,86.08,88.13,a190820d9be057b021bac4f1658d3b6f,7201704077704496919
data/processed/alcohol_v1/images/alcoholic/A0640.png,AlcoholDetectionDataset/alcoholic/A0640.png,alcoholic,dataset_label_unverified,AlcoholDetectionDataset,AlcoholDetectionDataset:alcoholic,unknown,640,train,227x227,ok,0.938,ok,0.5425,,87.98,84.92,f4613a91bfd637c47450ec0d4dbeac6f,8354623383292282647
data/processed/alcohol_v1/images/alcoholic/A0641.png,AlcoholDetectionDataset/alcoholic/A0641.png,alcoholic,dataset_label_unverified,AlcoholDetectionDataset,AlcoholDetectionDataset:alcoholic,unknown,641,train,227x227,ok,0.9378,ok,0.4878,,85.26,77.9,aedac6d5d48e1953c829ddddae3c804d,7201701878685435671
data/processed/alcohol_v1/images/alcoholic/A0642.png,AlcoholDetectionDataset/alcoholic/A0642.png,alcoholic,dataset_label_unverified,AlcoholDetectionDataset,AlcoholDetectionDataset:alcoholic,unknown,642,train,227x227,ok,0.9381,ok,0.5755,,86.73,90.92,a8aaa133c731451340eb3a52a581457e,8354623383292282647
data/processed/alcohol_v1/images/alcoholic/A0643.png,AlcoholDetectionDataset/alcoholic/A0643.png,alcoholic,dataset_label_unverified,AlcoholDetectionDataset,AlcoholDetectionDataset:alcoholic,unknown,643,train,227x227,ok,0.9397,ok,0.575,,84.84,92.11,bb2f54c717f249a608b0cd6493195fb4,8354623383292282647
data/processed/alcohol_v1/images/alcoholic/A0644.png,AlcoholDetectionDataset/alcoholic/A0644.png,alcoholic,dataset_label_unverified,AlcoholDetectionDataset,AlcoholDetectionDataset:alcoholic,unknown,644,train,227x227,ok,0.9418,ok,0.5112,,84.29,82.22,72bd66672d783f2b8914fb48e5bed66d,7201704077704496919
data/processed/alcohol_v1/images/alcoholic/A0645.png,AlcoholDetectionDataset/alcoholic/A0645.png,alcoholic,dataset_label_unverified,AlcoholDetectionDataset,AlcoholDetectionDataset:alcoholic,unknown,645,train,227x227,ok,0.9396,ok,0.4915,,85.42,78.4,be62ceda7c3371d07707ce5669a4ad91,8210228919246063383
data/processed/alcohol_v1/images/alcoholic/A0646.png,AlcoholDetectionDataset/alcoholic/A0646.png,alcoholic,dataset_label_unverified,AlcoholDetectionDataset,AlcoholDetectionDataset:alcoholic,unknown,646,train,227x227,ok,0.9431,ok,0.5274,,86.09,83.71,55a7e731cc9bd5e543f14a62e71e237a,8354625582315411223
data/processed/alcohol_v1/images/alcoholic/A0647.png,AlcoholDetectionDataset/alcoholic/A0647.png,alcoholic,dataset_label_unverified,AlcoholDetectionDataset,AlcoholDetectionDataset:alcoholic,unknown,647,train,227x227,ok,0.9437,ok,0.4996,,86.14,79.27,5f031e4549c1c533bcd26ef30b510207,8354624482854113047
data/processed/alcohol_v1/images/alcoholic/A0648.png,AlcoholDetectionDataset/alcoholic/A0648.png,alcoholic,dataset_label_unverified,AlcoholDetectionDataset,AlcoholDetectionDataset:alcoholic,unknown,648,train,227x227,ok,0.9373,ok,0.5695,,85.91,90.5,bc8e63f6b5faf2fad296d049e4279044,8354623383271180055
data/processed/alcohol_v1/images/alcoholic/A0649.png,AlcoholDetectionDataset/alcoholic/A0649.png,alcoholic,dataset_label_unverified,AlcoholDetectionDataset,AlcoholDetectionDataset:alcoholic,unknown,649,train,227x227,ok,0.9444,ok,0.4987,,85.22,79.67,da2d37b3a5ff39beebbe059da8ccce39,7201704077687588631
data/processed/alcohol_v1/images/alcoholic/A0650.png,AlcoholDetectionDataset/alcoholic/A0650.png,alcoholic,dataset_label_unverified,AlcoholDetectionDataset,AlcoholDetectionDataset:alcoholic,unknown,650,train,227x227,ok,0.9408,ok,0.5389,,85.75,85.75,d6bd9078047e751136001c6bfb9caa55,7201704077687588631
data/processed/alcohol_v1/images/alcoholic/A0651.png,AlcoholDetectionDataset/alcoholic/A0651.png,alcoholic,dataset_label_unverified,AlcoholDetectionDataset,AlcoholDetectionDataset:alcoholic,unknown,651,train,227x227,ok,0.9415,ok,0.5013,,85.94,79.65,5129e82ab924967c2ecdea88957ba0b5,8354623383275374359
data/processed/alcohol_v1/images/alcoholic/A0652.png,AlcoholDetectionDataset/alcoholic/A0652.png,alcoholic,dataset_label_unverified,AlcoholDetectionDataset,AlcoholDetectionDataset:alcoholic,unknown,652,train,227x227,ok,0.9425,ok,0.5668,,85.86,90.11,675cf44bdd9a12297b14c7ed10cab0d8,8354625582294566679
data/processed/alcohol_v1/images/alcoholic/A0653.png,AlcoholDetectionDataset/alcoholic/A0653.png,alcoholic,dataset_label_unverified,AlcoholDetectionDataset,AlcoholDetectionDataset:alcoholic,unknown,653,train,227x227,ok,0.9441,ok,0.4826,,84.93,77.25,4d3d1a97472ab5d6bfc27fcb32e7ad60,7201704077687588631
data/processed/alcohol_v1/images/alcoholic/A0654.png,AlcoholDetectionDataset/alcoholic/A0654.png,alcoholic,dataset_label_unverified,AlcoholDetectionDataset,AlcoholDetectionDataset:alcoholic,unknown,654,train,227x227,ok,0.9431,ok,0.4981,,85.27,79.53,42ee252611f0bf4b7200c83130305131,7201704077687588631
data/processed/alcohol_v1/images/alcoholic/A0655.png,AlcoholDetectionDataset/alcoholic/A0655.png,alcoholic,dataset_label_unverified,AlcoholDetectionDataset,AlcoholDetectionDataset:alcoholic,unknown,655,train,227x227,ok,0.9443,ok,0.4568,,86.59,72.23,8baabdd5e4dbee20dc9ed942aec23c53,7201704077691782935
data/processed/alcohol_v1/images/alcoholic/A0656.png,AlcoholDetectionDataset/alcoholic/A0656.png,alcoholic,dataset_label_unverified,AlcoholDetectionDataset,AlcoholDetectionDataset:alcoholic,unknown,656,buffer,227x227,ok,0.9441,ok,0.4665,,85.76,74.22,e6e008147f8dd45d94cedf5215bdc1f3,7201704077687588631
data/processed/alcohol_v1/images/alcoholic/A0657.png,AlcoholDetectionDataset/alcoholic/A0657.png,alcoholic,dataset_label_unverified,AlcoholDetectionDataset,AlcoholDetectionDataset:alcoholic,unknown,657,buffer,227x227,ok,0.9432,ok,0.4338,,86.83,68.49,68608c30cf2183b8c8ce04962dbf39d8,8345618383043893015
data/processed/alcohol_v1/images/alcoholic/A0658.png,AlcoholDetectionDataset/alcoholic/A0658.png,alcoholic,dataset_label_unverified,AlcoholDetectionDataset,AlcoholDetectionDataset:alcoholic,unknown,658,buffer,227x227,ok,0.9413,ok,0.4741,,85.02,75.84,66f303bcc2b7068ddb5816a7e73fb6b7,7201704077704501015
data/processed/alcohol_v1/images/alcoholic/A0659.png,AlcoholDetectionDataset/alcoholic/A0659.png,alcoholic,dataset_label_unverified,AlcoholDetectionDataset,AlcoholDetectionDataset:alcoholic,unknown,659,buffer,227x227,ok,0.9405,ok,0.4721,,86.03,74.97,41bec9d6a1fe10da4628f24f9dd6bb46,7201704077708691223
data/processed/alcohol_v1/images/alcoholic/A0660.png,AlcoholDetectionDataset/alcoholic/A0660.png,alcoholic,dataset_label_unverified,AlcoholDetectionDataset,AlcoholDetectionDataset:alcoholic,unknown,660,buffer,227x227,ok,0.9428,ok,0.5507,,88.14,86.11,a45d19a039347dd4b536c758a9f20d72,8354623383292282647
data/processed/alcohol_v1/images/alcoholic/A0661.png,AlcoholDetectionDataset/alcoholic/A0661.png,alcoholic,dataset_label_unverified,AlcoholDetectionDataset,AlcoholDetectionDataset:alcoholic,unknown,661,buffer,227x227,ok,0.9397,ok,0.4415,,85.84,70.2,933510168c4bc9d71170cb562ae99533,7201701878685435671
data/processed/alcohol_v1/images/alcoholic/A0662.png,AlcoholDetectionDataset/alcoholic/A0662.png,alcoholic,dataset_label_unverified,AlcoholDetectionDataset,AlcoholDetectionDataset:alcoholic,unknown,662,buffer,227x227,ok,0.9407,ok,0.5111,,87.45,80.31,14b0ffb0101c6157bf4ac345557e6fcb,8354623383292282647
data/processed/alcohol_v1/images/alcoholic/A0663.png,AlcoholDetectionDataset/alcoholic/A0663.png,alcoholic,dataset_label_unverified,AlcoholDetectionDataset,AlcoholDetectionDataset:alcoholic,unknown,663,buffer,227x227,ok,0.9421,ok,0.5191,,87.39,81.61,4e2044bd3865ca60ac50306635484d48,8354623383292286743
data/processed/alcohol_v1/images/alcoholic/A0664.png,AlcoholDetectionDataset/alcoholic/A0664.png,alcoholic,dataset_label_unverified,AlcoholDetectionDataset,AlcoholDetectionDataset:alcoholic,unknown,664,buffer,227x227,ok,0.9423,ok,0.5595,,85.26,89.35,cc6edd9d19c389df665ed367ccab75a9,7201701878664333079
data/processed/alcohol_v1/images/alcoholic/A0665.png,AlcoholDetectionDataset/alcoholic/A0665.png,alcoholic,dataset_label_unverified,AlcoholDetectionDataset,AlcoholDetectionDataset:alcoholic,unknown,665,buffer,227x227,ok,0.9411,ok,0.4671,,87.1,73.59,53dfa0298d2a9880df7d8911f1ae1223,8354625582315407127
data/processed/alcohol_v1/images/alcoholic/A0666.png,AlcoholDetectionDataset/alcoholic/A0666.png,alcoholic,dataset_label_unverified,AlcoholDetectionDataset,AlcoholDetectionDataset:alcoholic,unknown,666,val,227x227,ok,0.9409,ok,0.4872,,86.2,77.26,69d82824dfbb3c49743f4e2676ee3399,7201701878685439767
data/processed/alcohol_v1/images/alcoholic/A0667.png,AlcoholDetectionDataset/alcoholic/A0667.png,alcoholic,dataset_label_unverified,AlcoholDetectionDataset,AlcoholDetectionDataset:alcoholic,unknown,667,val,227x227,ok,0.9424,ok,0.471,,87.01,74.26,2bc0ffd5a498a83955f5ae8fd32283d2,8354625582315407127
data/processed/alcohol_v1/images/alcoholic/A0668.png,AlcoholDetectionDataset/alcoholic/A0668.png,alcoholic,dataset_label_unverified,AlcoholDetectionDataset,AlcoholDetectionDataset:alcoholic,unknown,668,val,227x227,ok,0.9441,ok,0.5116,,86.72,80.82,818b1dc0aa518290dbad043d5ab390b3,8354623383292286743
data/processed/alcohol_v1/images/alcoholic/A0669.png,AlcoholDetectionDataset/alcoholic/A0669.png,alcoholic,dataset_label_unverified,AlcoholDetectionDataset,AlcoholDetectionDataset:alcoholic,unknown,669,val,227x227,ok,0.9426,ok,0.4948,,86.34,78.4,7981d44f0d9059f879cc4f9d2d63c33d,7201701878685304599
data/processed/alcohol_v1/images/alcoholic/A0670.png,AlcoholDetectionDataset/alcoholic/A0670.png,alcoholic,dataset_label_unverified,AlcoholDetectionDataset,AlcoholDetectionDataset:alcoholic,unknown,670,val,227x227,ok,0.9425,ok,0.4875,,85.74,77.57,bd0634d1d4142c064451be510de59f2b,7201704077708560151
data/processed/alcohol_v1/images/alcoholic/A0671.png,AlcoholDetectionDataset/alcoholic/A0671.png,alcoholic,dataset_label_unverified,AlcoholDetectionDataset,AlcoholDetectionDataset:alcoholic,unknown,671,val,227x227,ok,0.942,ok,0.506,,86.24,80.22,718d491b4eb6576cc28727c1525566d8,7201701878685304599
data/processed/alcohol_v1/images/alcoholic/A0672.png,AlcoholDetectionDataset/alcoholic/A0672.png,alcoholic,dataset_label_unverified,AlcoholDetectionDataset,AlcoholDetectionDataset:alcoholic,unknown,672,val,227x227,ok,0.9441,ok,0.5021,,85.7,79.92,7bdc2e666850eece5b2b340a1c3a17d5,7201701878685304599
data/processed/alcohol_v1/images/alcoholic/A0673.png,AlcoholDetectionDataset/alcoholic/A0673.png,alcoholic,dataset_label_unverified,AlcoholDetectionDataset,AlcoholDetectionDataset:alcoholic,unknown,673,val,227x227,ok,0.943,ok,0.5458,,86.14,86.59,f3925f51877be07e08b5f5872958abef,8354623383292151575
data/processed/alcohol_v1/images/alcoholic/A0674.png,AlcoholDetectionDataset/alcoholic/A0674.png,alcoholic,dataset_label_unverified,AlcoholDetectionDataset,AlcoholDetectionDataset:alcoholic,unknown,674,val,227x227,ok,0.9436,ok,0.5053,,85.32,80.65,c67d778b57887c2501f5821d4e9660ff,7201704077708560151
data/processed/alcohol_v1/images/alcoholic/A0675.png,AlcoholDetectionDataset/alcoholic/A0675.png,alcoholic,dataset_label_unverified,AlcoholDetectionDataset,AlcoholDetectionDataset:alcoholic,unknown,675,val,227x227,ok,0.9446,ok,0.5061,,85.58,80.62,a41f9ba927b71a54f49d3de5373c4e5f,7201704077708560151
data/processed/alcohol_v1/images/alcoholic/A0676.png,AlcoholDetectionDataset/alcoholic/A0676.png,alcoholic,dataset_label_unverified,AlcoholDetectionDataset,AlcoholDetectionDataset:alcoholic,unknown,676,val,227x227,ok,0.9423,ok,0.5103,,84.71,81.83,fa5c63d387ee98177910744dd670e3bb,7201704077704365847
data/processed/alcohol_v1/images/alcoholic/A0677.png,AlcoholDetectionDataset/alcoholic/A0677.png,alcoholic,dataset_label_unverified,AlcoholDetectionDataset,AlcoholDetectionDataset:alcoholic,unknown,677,val,227x227,ok,0.9424,ok,0.5121,,85.4,81.69,64c31f68e700ca5a427259e620fc9c5d,7201701878681110295
data/processed/alcohol_v1/images/alcoholic/A0678.png,AlcoholDetectionDataset/alcoholic/A0678.png,alcoholic,dataset_label_unverified,AlcoholDetectionDataset,AlcoholDetectionDataset:alcoholic,unknown,678,val,227x227,ok,0.9433,ok,0.5119,,84.49,82.22,5dedbe09bc2de805c6034ea8009d392c,7201704077704365847
data/processed/alcohol_v1/images/alcoholic/A0679.png,AlcoholDetectionDataset/alcoholic/A0679.png,alcoholic,dataset_label_unverified,AlcoholDetectionDataset,AlcoholDetectionDataset:alcoholic,unknown,679,val,227x227,ok,0.9433,ok,0.5425,,86.46,85.87,702bf3b5e18956c47517c5f7934e1e65,8354625582315407127
data/processed/alcohol_v1/images/alcoholic/A0680.png,AlcoholDetectionDataset/alcoholic/A0680.png,alcoholic,dataset_label_unverified,AlcoholDetectionDataset,AlcoholDetectionDataset:alcoholic,unknown,680,val,227x227,ok,0.9421,ok,0.5042,,85.14,80.59,6998635d2acf026ae39bdd2a808d1776,7201704077708560151
data/processed/alcohol_v1/images/alcoholic/A0681.png,AlcoholDetectionDataset/alcoholic/A0681.png,alcoholic,dataset_label_unverified,AlcoholDetectionDataset,AlcoholDetectionDataset:alcoholic,unknown,681,val,227x227,ok,0.9407,ok,0.5051,,85.22,80.69,a2fec9e0b4cb8dde0b9b29e1b0b777f9,7201701878681110295
data/processed/alcohol_v1/images/alcoholic/A0682.png,AlcoholDetectionDataset/alcoholic/A0682.png,alcoholic,dataset_label_unverified,AlcoholDetectionDataset,AlcoholDetectionDataset:alcoholic,unknown,682,val,227x227,ok,0.9454,ok,0.5006,,85.71,79.67,efc096820a080a47d7ff9da38f3af49a,8354625582315407127
data/processed/alcohol_v1/images/alcoholic/A0683.png,AlcoholDetectionDataset/alcoholic/A0683.png,alcoholic,dataset_label_unverified,AlcoholDetectionDataset,AlcoholDetectionDataset:alcoholic,unknown,683,val,227x227,ok,0.9434,ok,0.5145,,83.51,83.24,d5e2070fe7dd8eae826e1e79d5f1ef1c,7201704077687588631
data/processed/alcohol_v1/images/alcoholic/A0684.png,AlcoholDetectionDataset/alcoholic/A0684.png,alcoholic,dataset_label_unverified,AlcoholDetectionDataset,AlcoholDetectionDataset:alcoholic,unknown,684,val,227x227,ok,0.9426,ok,0.5124,,86.4,81.14,a87c229712b76374ec9ee20b65d208fd,7201701878685304599
data/processed/alcohol_v1/images/alcoholic/A0685.png,AlcoholDetectionDataset/alcoholic/A0685.png,alcoholic,dataset_label_unverified,AlcoholDetectionDataset,AlcoholDetectionDataset:alcoholic,unknown,685,buffer,227x227,ok,0.9427,ok,0.5206,,87.45,81.82,5522a556515399eae6695733a654aa47,8354623383292286743
data/processed/alcohol_v1/images/alcoholic/A0686.png,AlcoholDetectionDataset/alcoholic/A0686.png,alcoholic,dataset_label_unverified,AlcoholDetectionDataset,AlcoholDetectionDataset:alcoholic,unknown,686,buffer,227x227,ok,0.9433,ok,0.4452,,84.81,71.34,4294671614bfa147f4d4adecd9e1aef5,8354623383275374359
data/processed/alcohol_v1/images/alcoholic/A0687.png,AlcoholDetectionDataset/alcoholic/A0687.png,alcoholic,dataset_label_unverified,AlcoholDetectionDataset,AlcoholDetectionDataset:alcoholic,unknown,687,buffer,227x227,ok,0.944,ok,0.4649,,85.32,74.2,57dcea81f420d2a79a533b98a2005728,8354623383275374359
data/processed/alcohol_v1/images/alcoholic/A0688.png,AlcoholDetectionDataset/alcoholic/A0688.png,alcoholic,dataset_label_unverified,AlcoholDetectionDataset,AlcoholDetectionDataset:alcoholic,unknown,688,buffer,227x227,ok,0.9402,ok,0.6051,,89.48,93.7,351061b97586716b934103d095c4f618,7201704075561207607
data/processed/alcohol_v1/images/alcoholic/A0689.png,AlcoholDetectionDataset/alcoholic/A0689.png,alcoholic,dataset_label_unverified,AlcoholDetectionDataset,AlcoholDetectionDataset:alcoholic,unknown,689,buffer,227x227,ok,0.9427,ok,0.6051,,88.06,94.67,49d4cedb87b6178878bbc6f2bcec6e93,7201701878685435703
data/processed/alcohol_v1/images/alcoholic/A0690.png,AlcoholDetectionDataset/alcoholic/A0690.png,alcoholic,dataset_label_unverified,AlcoholDetectionDataset,AlcoholDetectionDataset:alcoholic,unknown,690,buffer,227x227,ok,0.941,ok,0.5464,,87.76,85.67,412f9b75f9738c1f000993e8fa72ed87,8210510394239555351
data/processed/alcohol_v1/images/alcoholic/A0691.png,AlcoholDetectionDataset/alcoholic/A0691.png,alcoholic,dataset_label_unverified,AlcoholDetectionDataset,AlcoholDetectionDataset:alcoholic,unknown,691,buffer,227x227,ok,0.943,ok,0.5409,,87.51,84.96,aa4ea14328fe3e596eac597430fa667c,7201704077708691223
data/processed/alcohol_v1/images/alcoholic/A0692.png,AlcoholDetectionDataset/alcoholic/A0692.png,alcoholic,dataset_label_unverified,AlcoholDetectionDataset,AlcoholDetectionDataset:alcoholic,unknown,692,buffer,227x227,ok,0.9442,ok,0.4905,,88.17,76.69,a9056400e5a709b5fac8f0c333ed8236,8354623383292286743
data/processed/alcohol_v1/images/alcoholic/A0693.png,AlcoholDetectionDataset/alcoholic/A0693.png,alcoholic,dataset_label_unverified,AlcoholDetectionDataset,AlcoholDetectionDataset:alcoholic,unknown,693,buffer,227x227,ok,0.9409,ok,0.556,,86.69,87.85,69af918e1d4377d30080971928d9325f,7057588889632704279
data/processed/alcohol_v1/images/alcoholic/A0694.png,AlcoholDetectionDataset/alcoholic/A0694.png,alcoholic,dataset_label_unverified,AlcoholDetectionDataset,AlcoholDetectionDataset:alcoholic,unknown,694,buffer,227x227,ok,0.9426,ok,0.4795,,86.89,75.66,fec4d44abef73e8446e6ea9a92f18038,8210510394239555351
data/processed/alcohol_v1/images/alcoholic/A0695.png,AlcoholDetectionDataset/alcoholic/A0695.png,alcoholic,dataset_label_unverified,AlcoholDetectionDataset,AlcoholDetectionDataset:alcoholic,unknown,695,test,227x227,ok,0.9411,ok,0.5549,,87.76,87.0,b9f00ddf87a99c5e21e132d09678b1d4,8354623383292286743
data/processed/alcohol_v1/images/alcoholic/A0696.png,AlcoholDetectionDataset/alcoholic/A0696.png,alcoholic,dataset_label_unverified,AlcoholDetectionDataset,AlcoholDetectionDataset:alcoholic,unknown,696,test,227x227,ok,0.943,ok,0.53,,88.01,82.94,68f9af2d923c38760d749b1eff6ddfaa,8354623383292286743
data/processed/alcohol_v1/images/alcoholic/A0697.png,AlcoholDetectionDataset/alcoholic/A0697.png,alcoholic,dataset_label_unverified,AlcoholDetectionDataset,AlcoholDetectionDataset:alcoholic,unknown,697,test,227x227,ok,0.9426,ok,0.5819,,88.11,91.01,2e82c0f1c3be6da32ca130b6c29ac9e1,8354623383292286743
data/processed/alcohol_v1/images/alcoholic/A0698.png,AlcoholDetectionDataset/alcoholic/A0698.png,alcoholic,dataset_label_unverified,AlcoholDetectionDataset,AlcoholDetectionDataset:alcoholic,unknown,698,test,227x227,ok,0.9428,ok,0.5835,,88.33,91.12,936bfef941b2994c4e6aef1d882bd9bc,8354623383292286743
data/processed/alcohol_v1/images/alcoholic/A0699.png,AlcoholDetectionDataset/alcoholic/A0699.png,alcoholic,dataset_label_unverified,AlcoholDetectionDataset,AlcoholDetectionDataset:alcoholic,unknown,699,test,227x227,ok,0.9427,ok,0.4803,,86.57,75.97,615e262f706f3097922e8705982e0519,8354623383292151575
data/processed/alcohol_v1/images/alcoholic/A0700.png,AlcoholDetectionDataset/alcoholic/A0700.png,alcoholic,dataset_label_unverified,AlcoholDetectionDataset,AlcoholDetectionDataset:alcoholic,unknown,700,test,227x227,ok,0.9439,ok,0.6023,,86.31,95.44,4b1f40b61d68edebafea5f70722aa92c,8210510394239551255
data/processed/alcohol_v1/images/alcoholic/A0701.png,AlcoholDetectionDataset/alcoholic/A0701.png,alcoholic,dataset_label_unverified,AlcoholDetectionDataset,AlcoholDetectionDataset:alcoholic,unknown,701,test,227x227,ok,0.9436,ok,0.5095,,87.17,80.22,b07b32eb4120f7bcbff66fd098639ef3,8354623383292155671
data/processed/alcohol_v1/images/alcoholic/A0702.png,AlcoholDetectionDataset/alcoholic/A0702.png,alcoholic,dataset_label_unverified,AlcoholDetectionDataset,AlcoholDetectionDataset:alcoholic,unknown,702,test,227x227,ok,0.9422,ok,0.5383,,86.7,85.05,e4ecd16d1f42d9904cf135d395ce803e,8210510394239555351
data/processed/alcohol_v1/images/alcoholic/A0703.png,AlcoholDetectionDataset/alcoholic/A0703.png,alcoholic,dataset_label_unverified,AlcoholDetectionDataset,AlcoholDetectionDataset:alcoholic,unknown,703,test,227x227,ok,0.9422,ok,0.5371,,86.9,84.74,5233e03a056da16260e877e55b79923a,8354623383292155671
data/processed/alcohol_v1/images/alcoholic/A0704.png,AlcoholDetectionDataset/alcoholic/A0704.png,alcoholic,dataset_label_unverified,AlcoholDetectionDataset,AlcoholDetectionDataset:alcoholic,unknown,704,test,227x227,ok,0.9452,ok,0.5808,,86.63,91.82,c5345da2845526fcc841f0f75c7daff3,7201704077708564247
data/processed/alcohol_v1/images/alcoholic/A0705.png,AlcoholDetectionDataset/alcoholic/A0705.png,alcoholic,dataset_label_unverified,AlcoholDetectionDataset,AlcoholDetectionDataset:alcoholic,unknown,705,test,227x227,ok,0.9478,ok,0.4321,,86.13,68.56,fcc80ad611d0133c7d212504de5da89d,8354623383292151575
data/processed/alcohol_v1/images/alcoholic/A0706.png,AlcoholDetectionDataset/alcoholic/A0706.png,alcoholic,dataset_label_unverified,AlcoholDetectionDataset,AlcoholDetectionDataset:alcoholic,unknown,706,test,227x227,ok,0.9468,ok,0.5335,,86.09,84.67,4aa78a438bfe4be5a8e78e69a906dfe3,8354623383292155671
data/processed/alcohol_v1/images/alcoholic/A0707.png,AlcoholDetectionDataset/alcoholic/A0707.png,alcoholic,dataset_label_unverified,AlcoholDetectionDataset,AlcoholDetectionDataset:alcoholic,unknown,707,test,227x227,ok,0.9457,ok,0.5462,,85.04,87.37,2e2993422295c777f48722e9b287ffa7,8210228919246063383
data/processed/alcohol_v1/images/alcoholic/A0708.png,AlcoholDetectionDataset/alcoholic/A0708.png,alcoholic,dataset_label_unverified,AlcoholDetectionDataset,AlcoholDetectionDataset:alcoholic,unknown,708,test,227x227,ok,0.9425,ok,0.5649,,86.63,89.31,719cf4dfad241a1712c5643405fd2910,7201701878685435671
data/processed/alcohol_v1/images/alcoholic/A0709.png,AlcoholDetectionDataset/alcoholic/A0709.png,alcoholic,dataset_label_unverified,AlcoholDetectionDataset,AlcoholDetectionDataset:alcoholic,unknown,709,test,227x227,ok,0.9444,ok,0.5079,,88.37,79.28,e5f19d7fb428078f0ae8997ee8e5557e,8354623383292286743
data/processed/alcohol_v1/images/alcoholic/A0710.png,AlcoholDetectionDataset/alcoholic/A0710.png,alcoholic,dataset_label_unverified,AlcoholDetectionDataset,AlcoholDetectionDataset:alcoholic,unknown,710,test,227x227,ok,0.9428,ok,0.5576,,86.81,88.03,d2de8810e088574e7ebb37075125fe06,7057307414655993623
data/processed/alcohol_v1/images/alcoholic/A0711.png,AlcoholDetectionDataset/alcoholic/A0711.png,alcoholic,dataset_label_unverified,AlcoholDetectionDataset,AlcoholDetectionDataset:alcoholic,unknown,711,test,227x227,ok,0.9443,ok,0.5782,,86.91,91.22,2dd6d874171d06eb80f3c3bfe6da7a75,7057588889632704279
data/processed/alcohol_v1/images/alcoholic/A0712.png,AlcoholDetectionDataset/alcoholic/A0712.png,alcoholic,dataset_label_unverified,AlcoholDetectionDataset,AlcoholDetectionDataset:alcoholic,unknown,712,test,227x227,ok,0.9434,ok,0.5021,,87.78,78.72,b259c328cb6382078b823cc82cc5bfd6,8210228919262844695
data/processed/alcohol_v1/images/alcoholic/A0713.png,AlcoholDetectionDataset/alcoholic/A0713.png,alcoholic,dataset_label_unverified,AlcoholDetectionDataset,AlcoholDetectionDataset:alcoholic,unknown,713,test,227x227,ok,0.9446,ok,0.5994,,88.58,93.42,21007a076cf7c61cfe1b868714c9d945,7057586690609452823
data/processed/alcohol_v1/images/alcoholic/A0714.png,AlcoholDetectionDataset/alcoholic/A0714.png,alcoholic,dataset_label_unverified,AlcoholDetectionDataset,AlcoholDetectionDataset:alcoholic,unknown,714,test,227x227,ok,0.9444,ok,0.4595,,87.64,72.11,289a32cad522cf2adb13d14011d20543,8210510394239551255
data/processed/alcohol_v1/images/alcoholic/A0715.png,AlcoholDetectionDataset/alcoholic/A0715.png,alcoholic,dataset_label_unverified,AlcoholDetectionDataset,AlcoholDetectionDataset:alcoholic,unknown,715,test,227x227,ok,0.943,ok,0.5058,,87.87,79.23,ba87d63ef4a786b634b6fbebe47d12f2,8210510394239555351
data/processed/alcohol_v1/images/alcoholic/A0716.png,AlcoholDetectionDataset/alcoholic/A0716.png,alcoholic,dataset_label_unverified,AlcoholDetectionDataset,AlcoholDetectionDataset:alcoholic,unknown,716,test,227x227,ok,0.9436,ok,0.6184,,85.88,98.3,6d94edd2beaeb61a486e6ab2d52b0fa6,7057307414655997719
data/processed/alcohol_v1/images/alcoholic/A0717.png,AlcoholDetectionDataset/alcoholic/A0717.png,alcoholic,dataset_label_unverified,AlcoholDetectionDataset,AlcoholDetectionDataset:alcoholic,unknown,717,test,227x227,ok,0.9448,ok,0.5889,,87.96,92.2,2f8ddb2cfe15b7f3eb8ff38848811016,8354623383292155671
data/processed/alcohol_v1/images/alcoholic/A0718.png,AlcoholDetectionDataset/alcoholic/A0718.png,alcoholic,dataset_label_unverified,AlcoholDetectionDataset,AlcoholDetectionDataset:alcoholic,unknown,718,test,227x227,ok,0.9468,ok,0.521,,87.32,81.95,59479f155a3fe3ccc5a511ade6aad433,7201701878685308695
data/processed/alcohol_v1/images/alcoholic/A0719.png,AlcoholDetectionDataset/alcoholic/A0719.png,alcoholic,dataset_label_unverified,AlcoholDetectionDataset,AlcoholDetectionDataset:alcoholic,unknown,719,test,227x227,ok,0.9486,ok,0.5502,,86.67,86.95,975492708460f4bca27771d8905e1691,8210510394239555351
data/processed/alcohol_v1/images/non_alcoholic/a0007.png,AlcoholDetectionDataset/non_alcoholic/a0007.png,non_alcoholic,dataset_label_unverified,AlcoholDetectionDataset,AlcoholDetectionDataset:non_alcoholic,unknown,7,train,227x227,ok,0.9557,ok,0.9084,,113.51,299.54,e3f0f3c2bcde6aa317bcf9ad249e3387,4431039776067296798
data/processed/alcohol_v1/images/non_alcoholic/a0060.png,AlcoholDetectionDataset/non_alcoholic/a0060.png,non_alcoholic,dataset_label_unverified,AlcoholDetectionDataset,AlcoholDetectionDataset:non_alcoholic,unknown,60,train,227x227,ok,0.9512,ok,0.8751,,107.52,268.87,29e63229b17dfa4e7f2eb30955a0189a,4574872407237344798
data/processed/alcohol_v1/images/non_alcoholic/a0061.png,AlcoholDetectionDataset/non_alcoholic/a0061.png,non_alcoholic,dataset_label_unverified,AlcoholDetectionDataset,AlcoholDetectionDataset:non_alcoholic,unknown,61,train,227x227,ok,0.95,ok,0.8787,,108.17,285.86,d4667b2c36c579565292cce0e3562d05,4574872407237344798
data/processed/alcohol_v1/images/non_alcoholic/a0062.png,AlcoholDetectionDataset/non_alcoholic/a0062.png,non_alcoholic,dataset_label_unverified,AlcoholDetectionDataset,AlcoholDetectionDataset:non_alcoholic,unknown,62,train,227x227,ok,0.9507,ok,0.8728,,107.1,286.81,bf7edbae6ba9bfcb429b4f02c646408f,4574872407237344798
data/processed/alcohol_v1/images/non_alcoholic/a0063.png,AlcoholDetectionDataset/non_alcoholic/a0063.png,non_alcoholic,dataset_label_unverified,AlcoholDetectionDataset,AlcoholDetectionDataset:non_alcoholic,unknown,63,train,227x227,ok,0.9476,ok,0.8927,,110.68,276.41,5c9e9875b3c45e85e64d330190ae6420,4574872407237336606
data/processed/alcohol_v1/images/non_alcoholic/a0064.png,AlcoholDetectionDataset/non_alcoholic/a0064.png,non_alcoholic,dataset_label_unverified,AlcoholDetectionDataset,AlcoholDetectionDataset:non_alcoholic,unknown,64,train,227x227,ok,0.9474,ok,0.8878,,109.8,267.2,109b3c9a37dc3c8b986824dd15b9de76,4574872407237336606
data/processed/alcohol_v1/images/non_alcoholic/a0065.png,AlcoholDetectionDataset/non_alcoholic/a0065.png,non_alcoholic,dataset_label_unverified,AlcoholDetectionDataset,AlcoholDetectionDataset:non_alcoholic,unknown,65,train,227x227,ok,0.9499,ok,0.8852,,109.33,272.19,ef06c7499735bc94286d0e18d8f6be37,4574872390191685150
data/processed/alcohol_v1/images/non_alcoholic/a0066.png,AlcoholDetectionDataset/non_alcoholic/a0066.png,non_alcoholic,dataset_label_unverified,AlcoholDetectionDataset,AlcoholDetectionDataset:non_alcoholic,unknown,66,train,227x227,ok,0.9505,ok,0.8698,,106.56,268.73,62694f8af4866edc2cf036e98fa28060,4575013127696817694
data/processed/alcohol_v1/images/non_alcoholic/a0067.png,AlcoholDetectionDataset/non_alcoholic/a0067.png,non_alcoholic,dataset_label_unverified,AlcoholDetectionDataset,AlcoholDetectionDataset:non_alcoholic,unknown,67,train,227x227,ok,0.9488,ok,0.9074,,113.33,283.83,3a1f457997a4a35be90872fa22e62d29,4574872390191685150
data/processed/alcohol_v1/images/non_alcoholic/a0068.png,AlcoholDetectionDataset/non_alcoholic/a0068.png,non_alcoholic,dataset_label_unverified,AlcoholDetectionDataset,AlcoholDetectionDataset:non_alcoholic,unknown,68,train,227x227,ok,0.9485,ok,0.8801,,108.42,262.15,f82f453dd41a8792541e26f39827c525,4574872390191685150
data/processed/alcohol_v1/images/non_alcoholic/a0069.png,AlcoholDetectionDataset/non_alcoholic/a0069.png,non_alcoholic,dataset_label_unverified,AlcoholDetectionDataset,AlcoholDetectionDataset:non_alcoholic,unknown,69,train,227x227,ok,0.9496,ok,0.8841,,109.13,275.55,116131ef366d7c42a8c5343357b38519,4574872407371554334
data/processed/alcohol_v1/images/non_alcoholic/a0070.png,AlcoholDetectionDataset/non_alcoholic/a0070.png,non_alcoholic,dataset_label_unverified,AlcoholDetectionDataset,AlcoholDetectionDataset:non_alcoholic,unknown,70,train,227x227,ok,0.9499,ok,0.9182,,115.28,278.56,91af5e134369b5e07f108b1fd4f2f61a,4574837205819596318
data/processed/alcohol_v1/images/non_alcoholic/a0071.png,AlcoholDetectionDataset/non_alcoholic/a0071.png,non_alcoholic,dataset_label_unverified,AlcoholDetectionDataset,AlcoholDetectionDataset:non_alcoholic,unknown,71,train,227x227,ok,0.9493,ok,0.8809,,108.56,262.55,0a96c9fcb6a81e91f0659d3fb18ef5b1,4574872407371554334
data/processed/alcohol_v1/images/non_alcoholic/a0072.png,AlcoholDetectionDataset/non_alcoholic/a0072.png,non_alcoholic,dataset_label_unverified,AlcoholDetectionDataset,AlcoholDetectionDataset:non_alcoholic,unknown,72,train,227x227,ok,0.9498,ok,0.8922,,110.59,274.51,9e366939b2ba48147b5aead871c136df,4574872407371554334
data/processed/alcohol_v1/images/non_alcoholic/a0073.png,AlcoholDetectionDataset/non_alcoholic/a0073.png,non_alcoholic,dataset_label_unverified,AlcoholDetectionDataset,AlcoholDetectionDataset:non_alcoholic,unknown,73,train,227x227,ok,0.9489,ok,0.9029,,112.52,272.57,5022513926554faa488272364dad3a2e,4574872407371554334
data/processed/alcohol_v1/images/non_alcoholic/a0074.png,AlcoholDetectionDataset/non_alcoholic/a0074.png,non_alcoholic,dataset_label_unverified,AlcoholDetectionDataset,AlcoholDetectionDataset:non_alcoholic,unknown,74,train,227x227,ok,0.9491,ok,0.8903,,110.25,269.55,c93ecc6a916ba9dc0aad836c31527dd4,4574837222999465502
data/processed/alcohol_v1/images/non_alcoholic/a0075.png,AlcoholDetectionDataset/non_alcoholic/a0075.png,non_alcoholic,dataset_label_unverified,AlcoholDetectionDataset,AlcoholDetectionDataset:non_alcoholic,unknown,75,train,227x227,ok,0.95,ok,0.8885,,109.93,260.69,8b5b8e80b70cb8fa09eed4fac35eafcc,4574872407371554334
data/processed/alcohol_v1/images/non_alcoholic/a0076.png,AlcoholDetectionDataset/non_alcoholic/a0076.png,non_alcoholic,dataset_label_unverified,AlcoholDetectionDataset,AlcoholDetectionDataset:non_alcoholic,unknown,76,train,227x227,ok,0.9504,ok,0.8737,,107.27,251.83,7635bf0ff3d6478740023d3ca78b8b5b,4574872390191685150
data/processed/alcohol_v1/images/non_alcoholic/a0077.png,AlcoholDetectionDataset/non_alcoholic/a0077.png,non_alcoholic,dataset_label_unverified,AlcoholDetectionDataset,AlcoholDetectionDataset:non_alcoholic,unknown,77,train,227x227,ok,0.9506,ok,0.8867,,109.6,278.58,096ba1424351130ba84be82e9c12cd6d,4574872390191685150
data/processed/alcohol_v1/images/non_alcoholic/a0078.png,AlcoholDetectionDataset/non_alcoholic/a0078.png,non_alcoholic,dataset_label_unverified,AlcoholDetectionDataset,AlcoholDetectionDataset:non_alcoholic,unknown,78,train,227x227,ok,0.9496,ok,0.8733,,107.19,275.43,590f950496a7b0e8650c9dede522c765,4575013127680040478
data/processed/alcohol_v1/images/non_alcoholic/a0079.png,AlcoholDetectionDataset/non_alcoholic/a0079.png,non_alcoholic,dataset_label_unverified,AlcoholDetectionDataset,AlcoholDetectionDataset:non_alcoholic,unknown,79,train,227x227,ok,0.9491,ok,0.8922,,110.59,268.5,2e88457bf981c8b3f52437d767323674,4574872389654814238
data/processed/alcohol_v1/images/non_alcoholic/a0080.png,AlcoholDetectionDataset/non_alcoholic/a0080.png,non_alcoholic,dataset_label_unverified,AlcoholDetectionDataset,AlcoholDetectionDataset:non_alcoholic,unknown,80,train,227x227,ok,0.9502,ok,0.8786,,108.14,263.37,aff44b6c6b377bf5b360c8e29e8e0ba6,4575013127680040478
data/processed/alcohol_v1/images/non_alcoholic/a0081.png,AlcoholDetectionDataset/non_alcoholic/a0081.png,non_alcoholic,dataset_label_unverified,AlcoholDetectionDataset,AlcoholDetectionDataset:non_alcoholic,unknown,81,train,227x227,ok,0.9474,ok,0.923,,116.14,265.99,78a85aaeeea56f48601086792fdba69b,4574872389654814238
data/processed/alcohol_v1/images/non_alcoholic/a0082.png,AlcoholDetectionDataset/non_alcoholic/a0082.png,non_alcoholic,dataset_label_unverified,AlcoholDetectionDataset,AlcoholDetectionDataset:non_alcoholic,unknown,82,train,227x227,ok,0.9462,ok,0.9127,,114.29,277.43,c34349117d86aed16d9190d5c7925e70,4575013127680040478
data/processed/alcohol_v1/images/non_alcoholic/a0083.png,AlcoholDetectionDataset/non_alcoholic/a0083.png,non_alcoholic,dataset_label_unverified,AlcoholDetectionDataset,AlcoholDetectionDataset:non_alcoholic,unknown,83,train,227x227,ok,0.9464,ok,0.9352,,118.33,292.22,f0c129089a2dd4e191b0b20bece9b1b8,4574837205282725406
data/processed/alcohol_v1/images/non_alcoholic/a0084.png,AlcoholDetectionDataset/non_alcoholic/a0084.png,non_alcoholic,dataset_label_unverified,AlcoholDetectionDataset,AlcoholDetectionDataset:non_alcoholic,unknown,84,train,227x227,ok,0.9505,ok,0.9129,,114.33,275.55,342df356394a84f8b267ed774622b7e2,4611041941878881822
data/processed/alcohol_v1/images/non_alcoholic/a0085.png,AlcoholDetectionDataset/non_alcoholic/a0085.png,non_alcoholic,dataset_label_unverified,AlcoholDetectionDataset,AlcoholDetectionDataset:non_alcoholic,unknown,85,train,227x227,ok,0.9522,ok,0.9143,,114.57,280.1,e098c907f1e5a9fc57a949b23ac8101a,4610901187210657310
data/processed/alcohol_v1/images/non_alcoholic/a0086.png,AlcoholDetectionDataset/non_alcoholic/a0086.png,non_alcoholic,dataset_label_unverified,AlcoholDetectionDataset,AlcoholDetectionDataset:non_alcoholic,unknown,86,train,227x227,ok,0.9531,ok,0.9327,,117.89,302.12,bd98baacc25aac0c02e8a09be8229387,4575013144859909662
data/processed/alcohol_v1/images/non_alcoholic/a0087.png,AlcoholDetectionDataset/non_alcoholic/a0087.png,non_alcoholic,dataset_label_unverified,AlcoholDetectionDataset,AlcoholDetectionDataset:non_alcoholic,unknown,87,train,227x227,ok,0.9534,ok,0.9311,,117.6,319.47,bbe9211efa41e50392ac0ea0bfcdf470,4574873489166442012
data/processed/alcohol_v1/images/non_alcoholic/a0088.png,AlcoholDetectionDataset/non_alcoholic/a0088.png,non_alcoholic,dataset_label_unverified,AlcoholDetectionDataset,AlcoholDetectionDataset:non_alcoholic,unknown,88,train,227x227,ok,0.9523,ok,0.9008,,112.14,313.8,480b41452ffcc05d06dca309f4eaf340,4575013127680040476
data/processed/alcohol_v1/images/non_alcoholic/a0089.png,AlcoholDetectionDataset/non_alcoholic/a0089.png,non_alcoholic,dataset_label_unverified,AlcoholDetectionDataset,AlcoholDetectionDataset:non_alcoholic,unknown,89,train,227x227,ok,0.9525,ok,0.9223,,116.02,327.21,9d7c5fc32ab5ca02602e8648e7c3c02c,4575014243834666524
data/processed/alcohol_v1/images/non_alcoholic/a0090.png,AlcoholDetectionDataset/non_alcoholic/a0090.png,non_alcoholic,dataset_label_unverified,AlcoholDetectionDataset,AlcoholDetectionDataset:non_alcoholic,unknown,90,train,227x227,ok,0.9539,ok,0.9225,,116.04,334.85,63935e25a37c1ab7bbd90ef35277bb83,4575014243834666524
data/processed/alcohol_v1/images/non_alcoholic/a0091.png,AlcoholDetectionDataset/non_alcoholic/a0091.png,non_alcoholic,dataset_label_unverified,AlcoholDetectionDataset,AlcoholDetectionDataset:non_alcoholic,unknown,91,train,227x227,ok,0.9547,ok,0.9093,,113.68,325.79,bcaa6f36b51513309655c899dbf96a90,4610902303902146076
data/processed/alcohol_v1/images/non_alcoholic/a0092.png,AlcoholDetectionDataset/non_alcoholic/a0092.png,non_alcoholic,dataset_label_unverified,AlcoholDetectionDataset,AlcoholDetectionDataset:non_alcoholic,unknown,92,train,227x227,ok,0.9535,ok,0.9046,,112.83,322.0,8677e2db2602d327a468fb09d6c35444,4610902303902146076
data/processed/alcohol_v1/images/non_alcoholic/a0093.png,AlcoholDetectionDataset/non_alcoholic/a0093.png,non_alcoholic,dataset_label_unverified,AlcoholDetectionDataset,AlcoholDetectionDataset:non_alcoholic,unknown,93,train,227x227,ok,0.9554,ok,0.8888,,109.99,314.35,e3954f472b350b308222902cd150be87,4592887905392664092
data/processed/alcohol_v1/images/non_alcoholic/a0094.png,AlcoholDetectionDataset/non_alcoholic/a0094.png,non_alcoholic,dataset_label_unverified,AlcoholDetectionDataset,AlcoholDetectionDataset:non_alcoholic,unknown,94,train,227x227,ok,0.9539,ok,0.8675,,106.15,280.78,55099061cc599793e761d0a8a2d10e9a,4592887905394769436
data/processed/alcohol_v1/images/non_alcoholic/a0095.png,AlcoholDetectionDataset/non_alcoholic/a0095.png,non_alcoholic,dataset_label_unverified,AlcoholDetectionDataset,AlcoholDetectionDataset:non_alcoholic,unknown,95,train,227x227,ok,0.9532,ok,0.9021,,112.38,301.86,b6c7d2a4c85d50c207d9390ecdd28964,4575013144859909660
data/processed/alcohol_v1/images/non_alcoholic/a0096.png,AlcoholDetectionDataset/non_alcoholic/a0096.png,non_alcoholic,dataset_label_unverified,AlcoholDetectionDataset,AlcoholDetectionDataset:non_alcoholic,unknown,96,train,227x227,ok,0.9536,ok,0.8927,,110.69,292.8,a256d8b037f45faf8abe842b2826a74d,4610902303902146076
data/processed/alcohol_v1/images/non_alcoholic/a0097.png,AlcoholDetectionDataset/non_alcoholic/a0097.png,non_alcoholic,dataset_label_unverified,AlcoholDetectionDataset,AlcoholDetectionDataset:non_alcoholic,unknown,97,train,227x227,ok,0.9531,ok,0.8755,,107.58,283.92,e5b7bc94d5fff8de3b5cf05cd9e4be4f,4592886805881036316
data/processed/alcohol_v1/images/non_alcoholic/a0098.png,AlcoholDetectionDataset/non_alcoholic/a0098.png,non_alcoholic,dataset_label_unverified,AlcoholDetectionDataset,AlcoholDetectionDataset:non_alcoholic,unknown,98,train,227x227,ok,0.9541,ok,0.8773,,107.91,278.6,29107768678a7da4a097486a5f0ebc87,4592886805881036316
data/processed/alcohol_v1/images/non_alcoholic/a0099.png,AlcoholDetectionDataset/non_alcoholic/a0099.png,non_alcoholic,dataset_label_unverified,AlcoholDetectionDataset,AlcoholDetectionDataset:non_alcoholic,unknown,99,train,227x227,ok,0.9556,ok,0.9,,112.01,300.42,296e2785bf041c21e5aa7b741125cfeb,4611043041390501404
data/processed/alcohol_v1/images/non_alcoholic/a0100.png,AlcoholDetectionDataset/non_alcoholic/a0100.png,non_alcoholic,dataset_label_unverified,AlcoholDetectionDataset,AlcoholDetectionDataset:non_alcoholic,unknown,100,train,227x227,ok,0.9553,ok,0.9041,,112.74,307.26,effbc949fea862eeb584e17cb42b7aeb,4610902303365275164
data/processed/alcohol_v1/images/non_alcoholic/a0101.png,AlcoholDetectionDataset/non_alcoholic/a0101.png,non_alcoholic,dataset_label_unverified,AlcoholDetectionDataset,AlcoholDetectionDataset:non_alcoholic,unknown,101,train,227x227,ok,0.954,ok,0.9068,,113.23,301.81,904671f641dd5a528ba04c213fbc9731,4575014243834666524
data/processed/alcohol_v1/images/non_alcoholic/a0102.png,AlcoholDetectionDataset/non_alcoholic/a0102.png,non_alcoholic,dataset_label_unverified,AlcoholDetectionDataset,AlcoholDetectionDataset:non_alcoholic,unknown,102,train,227x227,ok,0.9542,ok,0.9072,,113.3,310.72,d778086d373dd41f5faefca18fa35284,4611043041390501404
data/processed/alcohol_v1/images/non_alcoholic/a0103.png,AlcoholDetectionDataset/non_alcoholic/a0103.png,non_alcoholic,dataset_label_unverified,AlcoholDetectionDataset,AlcoholDetectionDataset:non_alcoholic,unknown,103,train,227x227,ok,0.9571,ok,0.8943,,110.97,299.12,81d135b65c0c9d0322e5712dc58e9856,4610902303365275164
data/processed/alcohol_v1/images/non_alcoholic/a0104.png,AlcoholDetectionDataset/non_alcoholic/a0104.png,non_alcoholic,dataset_label_unverified,AlcoholDetectionDataset,AlcoholDetectionDataset:non_alcoholic,unknown,104,train,227x227,ok,0.9536,ok,0.8939,,110.9,300.16,c89275b3e726ec0abde8022a045fbdca,4611041941878873628
data/processed/alcohol_v1/images/non_alcoholic/a0105.png,AlcoholDetectionDataset/non_alcoholic/a0105.png,non_alcoholic,dataset_label_unverified,AlcoholDetectionDataset,AlcoholDetectionDataset:non_alcoholic,unknown,105,train,227x227,ok,0.9556,ok,0.8892,,110.06,297.56,6223cc9a58540dcd0312f21a3ed032c8,4610902303902146076
data/processed/alcohol_v1/images/non_alcoholic/a0106.png,AlcoholDetectionDataset/non_alcoholic/a0106.png,non_alcoholic,dataset_label_unverified,AlcoholDetectionDataset,AlcoholDetectionDataset:non_alcoholic,unknown,106,train,227x227,ok,0.9564,ok,0.8752,,107.54,266.51,0faaa04ad83ce668bf73b626547c502e,4592886805881036318
data/processed/alcohol_v1/images/non_alcoholic/a0107.png,AlcoholDetectionDataset/non_alcoholic/a0107.png,non_alcoholic,dataset_label_unverified,AlcoholDetectionDataset,AlcoholDetectionDataset:non_alcoholic,unknown,107,train,227x227,ok,0.9539,ok,0.9101,,113.82,300.36,59079cc57341d195d8f1eaec50a102e3,4575014243834666524
data/processed/alcohol_v1/images/non_alcoholic/a0108.png,AlcoholDetectionDataset/non_alcoholic/a0108.png,non_alcoholic,dataset_label_unverified,AlcoholDetectionDataset,AlcoholDetectionDataset:non_alcoholic,unknown,108,train,227x227,ok,0.9561,ok,0.8853,,109.35,293.34,febedbb2312bb11723131fa099551863,4592887905392664092
data/processed/alcohol_v1/images/non_alcoholic/a0109.png,AlcoholDetectionDataset/non_alcoholic/a0109.png,non_alcoholic,dataset_label_unverified,AlcoholDetectionDataset,AlcoholDetectionDataset:non_alcoholic,unknown,109,train,227x227,ok,0.9553,ok,0.8936,,110.85,300.16,c68d762789534b6a32e739e78e7e0349,4611043041390501404
data/processed/alcohol_v1/images/non_alcoholic/a0110.png,AlcoholDetectionDataset/non_alcoholic/a0110.png,non_alcoholic,dataset_label_unverified,AlcoholDetectionDataset,AlcoholDetectionDataset:non_alcoholic,unknown,110,train,227x227,ok,0.9555,ok,0.8843,,109.17,285.35,76395c126cbbcfc36bf1b311ec6ee624,4592887905392664092
data/processed/alcohol_v1/images/non_alcoholic/a0111.png,AlcoholDetectionDataset/non_alcoholic/a0111.png,non_alcoholic,dataset_label_unverified,AlcoholDetectionDataset,AlcoholDetectionDataset:non_alcoholic,unknown,111,train,227x227,ok,0.9549,ok,0.895,,111.1,295.71,e6631013112799347913ffbd2bed691e,4592887904855801372
data/processed/alcohol_v1/images/non_alcoholic/a0112.png,AlcoholDetectionDataset/non_alcoholic/a0112.png,non_alcoholic,dataset_label_unverified,AlcoholDetectionDataset,AlcoholDetectionDataset:non_alcoholic,unknown,112,train,227x227,ok,0.9545,ok,0.8808,,108.54,276.43,59cea31bb688c7695e234a9bfe8f9a44,4592887904855793180
data/processed/alcohol_v1/images/non_alcoholic/a0113.png,AlcoholDetectionDataset/non_alcoholic/a0113.png,non_alcoholic,dataset_label_unverified,AlcoholDetectionDataset,AlcoholDetectionDataset:non_alcoholic,unknown,113,train,227x227,ok,0.953,ok,0.8901,,110.22,279.5,97cf57aec62c473b0a86db15f52d500a,4592886788164296220
data/processed/alcohol_v1/images/non_alcoholic/a0114.png,AlcoholDetectionDataset/non_alcoholic/a0114.png,non_alcoholic,dataset_label_unverified,AlcoholDetectionDataset,AlcoholDetectionDataset:non_alcoholic,unknown,114,train,227x227,ok,0.9533,ok,0.8967,,111.4,288.85,d0949e4422927b08045102d700240be4,4611043041390501404
data/processed/alcohol_v1/images/non_alcoholic/a0115.png,AlcoholDetectionDataset/non_alcoholic/a0115.png,non_alcoholic,dataset_label_unverified,AlcoholDetectionDataset,AlcoholDetectionDataset:non_alcoholic,unknown,115,train,227x227,ok,0.9555,ok,0.8958,,111.25,291.06,25cb8084db304dcbdc940c3aae9256d6,4611043041390501404
data/processed/alcohol_v1/images/non_alcoholic/a0116.png,AlcoholDetectionDataset/non_alcoholic/a0116.png,non_alcoholic,dataset_label_unverified,AlcoholDetectionDataset,AlcoholDetectionDataset:non_alcoholic,unknown,116,train,227x227,ok,0.9555,ok,0.8936,,110.85,296.57,8607fa1f5e9077b86b97f3f7a370072a,4611043041390501404
data/processed/alcohol_v1/images/non_alcoholic/a0117.png,AlcoholDetectionDataset/non_alcoholic/a0117.png,non_alcoholic,dataset_label_unverified,AlcoholDetectionDataset,AlcoholDetectionDataset:non_alcoholic,unknown,117,train,227x227,ok,0.9558,ok,0.8842,,109.15,292.73,889cd2a856922be6d03629e553662f2c,4610902303902146076
data/processed/alcohol_v1/images/non_alcoholic/a0118.png,AlcoholDetectionDataset/non_alcoholic/a0118.png,non_alcoholic,dataset_label_unverified,AlcoholDetectionDataset,AlcoholDetectionDataset:non_alcoholic,unknown,118,train,227x227,ok,0.9517,ok,0.894,,110.92,294.21,1ffc17ea5c24138b96b74fa1266e1dd2,4575014243834666524
data/processed/alcohol_v1/images/non_alcoholic/a0119.png,AlcoholDetectionDataset/non_alcoholic/a0119.png,non_alcoholic,dataset_label_unverified,AlcoholDetectionDataset,AlcoholDetectionDataset:non_alcoholic,unknown,119,train,227x227,ok,0.9522,ok,0.897,,111.47,283.35,a9a4b8691198b2671033ff981c2e73da,4611043040853638684
data/processed/alcohol_v1/images/non_alcoholic/a0120.png,AlcoholDetectionDataset/non_alcoholic/a0120.png,non_alcoholic,dataset_label_unverified,AlcoholDetectionDataset,AlcoholDetectionDataset:non_alcoholic,unknown,120,train,227x227,ok,0.9541,ok,0.8987,,111.77,291.0,61eedd16515e3b69b0213b0f07e6fcc7,4575014243834666524
data/processed/alcohol_v1/images/non_alcoholic/a0121.png,AlcoholDetectionDataset/non_alcoholic/a0121.png,non_alcoholic,dataset_label_unverified,AlcoholDetectionDataset,AlcoholDetectionDataset:non_alcoholic,unknown,121,train,227x227,ok,0.9529,ok,0.8796,,108.33,271.05,2a8703160266f1bed553cd5e5b59ed23,4610901204390526492
data/processed/alcohol_v1/images/non_alcoholic/a0122.png,AlcoholDetectionDataset/non_alcoholic/a0122.png,non_alcoholic,dataset_label_unverified,AlcoholDetectionDataset,AlcoholDetectionDataset:non_alcoholic,unknown,122,train,227x227,ok,0.9532,ok,0.8913,,110.43,278.55,7f1e0447a0e365af211977dce1b63fe6,4610902303902154268
data/processed/alcohol_v1/images/non_alcoholic/a0123.png,AlcoholDetectionDataset/non_alcoholic/a0123.png,non_alcoholic,dataset_label_unverified,AlcoholDetectionDataset,AlcoholDetectionDataset:non_alcoholic,unknown,123,train,227x227,ok,0.9515,ok,0.9029,,112.52,285.06,7346a32a4299742e438438cef9582ab4,4611043040853630492
data/processed/alcohol_v1/images/non_alcoholic/a0124.png,AlcoholDetectionDataset/non_alcoholic/a0124.png,non_alcoholic,dataset_label_unverified,AlcoholDetectionDataset,AlcoholDetectionDataset:non_alcoholic,unknown,124,train,227x227,ok,0.952,ok,0.8745,,107.42,267.47,0a2e4cd2fc70be38e0eb7756d9118360,4610901204390518302
data/processed/alcohol_v1/images/non_alcoholic/a0125.png,AlcoholDetectionDataset/non_alcoholic/a0125.png,non_alcoholic,dataset_label_unverified,AlcoholDetectionDataset,AlcoholDetectionDataset:non_alcoholic,unknown,125,train,227x227,ok,0.9528,ok,0.8651,,105.71,237.89,a6c3961e6a78013ef88fffd913edb32b,9204572806593789470
data/processed/alcohol_v1/images/non_alcoholic/a0126.png,AlcoholDetectionDataset/non_alcoholic/a0126.png,non_alcoholic,dataset_label_unverified,AlcoholDetectionDataset,AlcoholDetectionDataset:non_alcoholic,unknown,126,train,227x227,ok,0.9535,ok,0.8762,,107.72,257.13,21d0d6998622cb06a7e168fc12585ae5,4592886805881044542
data/processed/alcohol_v1/images/non_alcoholic/a0127.png,AlcoholDetectionDataset/non_alcoholic/a0127.png,non_alcoholic,dataset_label_unverified,AlcoholDetectionDataset,AlcoholDetectionDataset:non_alcoholic,unknown,127,train,227x227,ok,0.9487,ok,0.8982,,111.68,274.74,e52781cb0c35039b5413e0d29007abe5,4575014244371537436
data/processed/alcohol_v1/images/non_alcoholic/a0128.png,AlcoholDetectionDataset/non_alcoholic/a0128.png,non_alcoholic,dataset_label_unverified,AlcoholDetectionDataset,AlcoholDetectionDataset:non_alcoholic,unknown,128,train,227x227,ok,0.9494,ok,0.8631,,105.35,235.54,9c257d4628610d30b3b77875a38e9b33,4610902303902154270
data/processed/alcohol_v1/images/non_alcoholic/a0129.png,AlcoholDetectionDataset/non_alcoholic/a0129.png,non_alcoholic,dataset_label_unverified,AlcoholDetectionDataset,AlcoholDetectionDataset:non_alcoholic,unknown,129,train,227x227,ok,0.9482,ok,0.8878,,109.8,273.52,d1c8180d3a9c91fb8e4f306337cdc697,4610902303902154268
data/processed/alcohol_v1/images/non_alcoholic/a0130.png,AlcoholDetectionDataset/non_alcoholic/a0130.png,non_alcoholic,dataset_label_unverified,AlcoholDetectionDataset,AlcoholDetectionDataset:non_alcoholic,unknown,130,train,227x227,ok,0.9484,ok,0.9047,,112.84,278.07,6f99fdc055433ec2f45f39839453b42a,4575014243834666524
data/processed/alcohol_v1/images/non_alcoholic/a0131.png,AlcoholDetectionDataset/non_alcoholic/a0131.png,non_alcoholic,dataset_label_unverified,AlcoholDetectionDataset,AlcoholDetectionDataset:non_alcoholic,unknown,131,train,227x227,ok,0.9487,ok,0.8878,,109.8,274.71,249d47c1fb23c8f53760662beaef91d2,4611043040853630494
data/processed/alcohol_v1/images/non_alcoholic/a0132.png,AlcoholDetectionDataset/non_alcoholic/a0132.png,non_alcoholic,dataset_label_unverified,AlcoholDetectionDataset,AlcoholDetectionDataset:non_alcoholic,unknown,132,train,227x227,ok,0.9486,ok,0.8738,,107.29,246.03,c711c3fec9019fda6ec3715d3d4d2a81,4575014244371537436
data/processed/alcohol_v1/images/non_alcoholic/a0133.png,AlcoholDetectionDataset/non_alcoholic/a0133.png,non_alcoholic,dataset_label_unverified,AlcoholDetectionDataset,AlcoholDetectionDataset:non_alcoholic,unknown,133,train,227x227,ok,0.9485,ok,0.8716,,106.89,264.7,fc7289aab49eed00dc39198e3d286c83,4611043040853638684
data/processed/alcohol_v1/images/non_alcoholic/a0134.png,AlcoholDetectionDataset/non_alcoholic/a0134.png,non_alcoholic,dataset_label_unverified,AlcoholDetectionDataset,AlcoholDetectionDataset:non_alcoholic,unknown,134,train,227x227,ok,0.9529,ok,0.8482,,102.68,251.6,6e6229f1ec3f5691e48f6d76839150a8,4610902303367380508
data/processed/alcohol_v1/images/non_alcoholic/a0135.png,AlcoholDetectionDataset/non_alcoholic/a0135.png,non_alcoholic,dataset_label_unverified,AlcoholDetectionDataset,AlcoholDetectionDataset:non_alcoholic,unknown,135,train,227x227,ok,0.95,ok,0.8364,,100.55,235.73,5505c04e3c3050ec88c22e316eb65949,4611043040853630492
data/processed/alcohol_v1/images/non_alcoholic/a0136.png,AlcoholDetectionDataset/non_alcoholic/a0136.png,non_alcoholic,dataset_label_unverified,AlcoholDetectionDataset,AlcoholDetectionDataset:non_alcoholic,unknown,136,train,227x227,ok,0.9486,ok,0.8583,,104.49,243.53,1d0607f53760b80a2fabc73d750ca5b6,4575014243851451932
data/processed/alcohol_v1/images/non_alcoholic/a0137.png,AlcoholDetectionDataset/non_alcoholic/a0137.png,non_alcoholic,dataset_label_unverified,AlcoholDetectionDataset,AlcoholDetectionDataset:non_alcoholic,unknown,137,train,227x227,ok,0.9518,ok,0.8536,,103.65,256.23,88ab71be2ad17ab773da5b90547799c2,4610901204407303710
data/processed/alcohol_v1/images/non_alcoholic/a0138.png,AlcoholDetectionDataset/non_alcoholic/a0138.png,non_alcoholic,dataset_label_unverified,AlcoholDetectionDataset,AlcoholDetectionDataset:non_alcoholic,unknown,138,train,227x227,ok,0.952,ok,0.8627,,105.28,259.26,5a2df5e35f69e3d33cd89e0a9459d2b3,4610901203853655582
data/processed/alcohol_v1/images/non_alcoholic/a0139.png,AlcoholDetectionDataset/non_alcoholic/a0139.png,non_alcoholic,dataset_label_unverified,AlcoholDetectionDataset,AlcoholDetectionDataset:non_alcoholic,unknown,139,train,227x227,ok,0.9504,ok,0.8537,,103.66,251.35,cdac5bebd0cc39b55ac635950762a021,4611043041390509598
data/processed/alcohol_v1/images/non_alcoholic/a0140.png,AlcoholDetectionDataset/non_alcoholic/a0140.png,non_alcoholic,dataset_label_unverified,AlcoholDetectionDataset,AlcoholDetectionDataset:non_alcoholic,unknown,140,train,227x227,ok,0.95,ok,0.8693,,106.47,268.27,67832dac1146c49ab994d511b7c1b866,4611043041390501406
data/processed/alcohol_v1/images/non_alcoholic/a0141.png,AlcoholDetectionDataset/non_alcoholic/a0141.png,non_alcoholic,dataset_label_unverified,AlcoholDetectionDataset,AlcoholDetectionDataset:non_alcoholic,unknown,141,train,227x227,ok,0.9522,ok,0.8674,,106.14,257.33,9de6ce3bd93c02e21d4d47270fb6e3b7,4610902303365283358
data/processed/alcohol_v1/images/non_alcoholic/a0142.png,AlcoholDetectionDataset/non_alcoholic/a0142.png,non_alcoholic,dataset_label_unverified,AlcoholDetectionDataset,AlcoholDetectionDataset:non_alcoholic,unknown,142,train,227x227,ok,0.9507,ok,0.8458,,102.24,243.84,d50f4f99aa860cfb2b3bd4a313291c4a,4611043040853638684
data/processed/alcohol_v1/images/non_alcoholic/a0143.png,AlcoholDetectionDataset/non_alcoholic/a0143.png,non_alcoholic,dataset_label_unverified,AlcoholDetectionDataset,AlcoholDetectionDataset:non_alcoholic,unknown,143,train,227x227,ok,0.9503,ok,0.8483,,102.7,246.6,0db138c585224987d37344c430707615,4611043040853638684
data/processed/alcohol_v1/images/non_alcoholic/a0144.png,AlcoholDetectionDataset/non_alcoholic/a0144.png,non_alcoholic,dataset_label_unverified,AlcoholDetectionDataset,AlcoholDetectionDataset:non_alcoholic,unknown,144,train,227x227,ok,0.95,ok,0.87,,106.6,259.74,2b9b10b7e4db8764881afa836c78d27f,4611043041390509596
data/processed/alcohol_v1/images/non_alcoholic/a0145.png,AlcoholDetectionDataset/non_alcoholic/a0145.png,non_alcoholic,dataset_label_unverified,AlcoholDetectionDataset,AlcoholDetectionDataset:non_alcoholic,unknown,145,train,227x227,ok,0.9525,ok,0.8704,,106.67,251.5,b43836f18d5bf995c0876c9c0cd341bf,4610902303365283356
data/processed/alcohol_v1/images/non_alcoholic/a0146.png,AlcoholDetectionDataset/non_alcoholic/a0146.png,non_alcoholic,dataset_label_unverified,AlcoholDetectionDataset,AlcoholDetectionDataset:non_alcoholic,unknown,146,train,227x227,ok,0.9526,ok,0.8647,,105.65,259.25,2c32466bc3c4b4058b08f8b81c300589,4610902303365283358
data/processed/alcohol_v1/images/non_alcoholic/a0147.png,AlcoholDetectionDataset/non_alcoholic/a0147.png,non_alcoholic,dataset_label_unverified,AlcoholDetectionDataset,AlcoholDetectionDataset:non_alcoholic,unknown,147,train,227x227,ok,0.9529,ok,0.8727,,107.08,264.68,ccda8c5d35d859690ba339d76036cc49,4610902303365283356
data/processed/alcohol_v1/images/non_alcoholic/a0148.png,AlcoholDetectionDataset/non_alcoholic/a0148.png,non_alcoholic,dataset_label_unverified,AlcoholDetectionDataset,AlcoholDetectionDataset:non_alcoholic,unknown,148,train,227x227,ok,0.9525,ok,0.8721,,106.98,261.48,fb080a6c7d062c9afdeb7f429ca9334a,4610902303365283356
data/processed/alcohol_v1/images/non_alcoholic/a0149.png,AlcoholDetectionDataset/non_alcoholic/a0149.png,non_alcoholic,dataset_label_unverified,AlcoholDetectionDataset,AlcoholDetectionDataset:non_alcoholic,unknown,149,train,227x227,ok,0.9523,ok,0.8718,,106.93,262.19,c7c5b2b13280b6926bf0f8791b5aa6dd,4610902303365283356
data/processed/alcohol_v1/images/non_alcoholic/a0150.png,AlcoholDetectionDataset/non_alcoholic/a0150.png,non_alcoholic,dataset_label_unverified,AlcoholDetectionDataset,AlcoholDetectionDataset:non_alcoholic,unknown,150,train,227x227,ok,0.951,ok,0.8699,,106.58,252.4,39279339fe9a95434505340215a30af8,4575014243834666524
data/processed/alcohol_v1/images/non_alcoholic/a0151.png,AlcoholDetectionDataset/non_alcoholic/a0151.png,non_alcoholic,dataset_label_unverified,AlcoholDetectionDataset,AlcoholDetectionDataset:non_alcoholic,unknown,151,train,227x227,ok,0.9506,ok,0.8802,,108.43,263.1,7a61688e5c5dfb9437ef9e3bb7bba7e2,4575014243834666524
data/processed/alcohol_v1/images/non_alcoholic/a0152.png,AlcoholDetectionDataset/non_alcoholic/a0152.png,non_alcoholic,dataset_label_unverified,AlcoholDetectionDataset,AlcoholDetectionDataset:non_alcoholic,unknown,152,train,227x227,ok,0.9508,ok,0.8463,,102.33,246.77,e1d2002e20695fd737568abd556f7b61,4592886788181081630
data/processed/alcohol_v1/images/non_alcoholic/a0153.png,AlcoholDetectionDataset/non_alcoholic/a0153.png,non_alcoholic,dataset_label_unverified,AlcoholDetectionDataset,AlcoholDetectionDataset:non_alcoholic,unknown,153,train,227x227,ok,0.9506,ok,0.8576,,104.37,263.23,d780a83cf1e27a30d20afa3297d186aa,4610901186690563614
data/processed/alcohol_v1/images/non_alcoholic/a0154.png,AlcoholDetectionDataset/non_alcoholic/a0154.png,non_alcoholic,dataset_label_unverified,AlcoholDetectionDataset,AlcoholDetectionDataset:non_alcoholic,unknown,154,train,227x227,ok,0.9517,ok,0.8594,,104.69,265.71,fd2aec0c251d7974a4ae79ef587d3a09,4610901203870424606
data/processed/alcohol_v1/images/non_alcoholic/a0155.png,AlcoholDetectionDataset/non_alcoholic/a0155.png,non_alcoholic,dataset_label_unverified,AlcoholDetectionDataset,AlcoholDetectionDataset:non_alcoholic,unknown,155,train,227x227,ok,0.9522,ok,0.8687,,106.37,263.08,d54453a45f9201abb101ba3df2234769,4611043040853630494
data/processed/alcohol_v1/images/non_alcoholic/a0156.png,AlcoholDetectionDataset/non_alcoholic/a0156.png,non_alcoholic,dataset_label_unverified,AlcoholDetectionDataset,AlcoholDetectionDataset:non_alcoholic,unknown,156,train,227x227,ok,0.9509,ok,0.8624,,105.24,259.72,fa2978f0d1c43fd8587594f574dae525,4611043040853630494
data/processed/alcohol_v1/images/non_alcoholic/a0157.png,AlcoholDetectionDataset/non_alcoholic/a0157.png,non_alcoholic,dataset_label_unverified,AlcoholDetectionDataset,AlcoholDetectionDataset:non_alcoholic,unknown,157,train,227x227,ok,0.9505,ok,0.8624,,105.23,261.95,15e1e22744f4b6e1c37e4c75df084b15,4611043040853630494
data/processed/alcohol_v1/images/non_alcoholic/a0158.png,AlcoholDetectionDataset/non_alcoholic/a0158.png,non_alcoholic,dataset_label_unverified,AlcoholDetectionDataset,AlcoholDetectionDataset:non_alcoholic,unknown,158,train,227x227,ok,0.9487,ok,0.8479,,102.62,250.14,dc0e1c7f97f8342e9eff3ef68a652c2d,4575014243834666526
data/processed/alcohol_v1/images/non_alcoholic/a0159.png,AlcoholDetectionDataset/non_alcoholic/a0159.png,non_alcoholic,dataset_label_unverified,AlcoholDetectionDataset,AlcoholDetectionDataset:non_alcoholic,unknown,159,train,227x227,ok,0.951,ok,0.8841,,109.14,263.77,d8b18e540d92d026a78a090c8f07be4b,4575014243834674716
data/processed/alcohol_v1/images/non_alcoholic/a0160.png,AlcoholDetectionDataset/non_alcoholic/a0160.png,non_alcoholic,dataset_label_unverified,AlcoholDetectionDataset,AlcoholDetectionDataset:non_alcoholic,unknown,160,train,227x227,ok,0.9491,ok,0.8646,,105.63,264.64,1506a27aa9659ef37074c974313be1f6,4610901203870424606
data/processed/alcohol_v1/images/non_alcoholic/a0161.png,AlcoholDetectionDataset/non_alcoholic/a0161.png,non_alcoholic,dataset_label_unverified,AlcoholDetectionDataset,AlcoholDetectionDataset:non_alcoholic,unknown,161,train,227x227,ok,0.9507,ok,0.8681,,106.26,263.05,db688c71f6d5fa26a2fa096f1d137607,4611041941342002718
data/processed/alcohol_v1/images/non_alcoholic/a0162.png,AlcoholDetectionDataset/non_alcoholic/a0162.png,non_alcoholic,dataset_label_unverified,AlcoholDetectionDataset,AlcoholDetectionDataset:non_alcoholic,unknown,162,train,227x227,ok,0.9495,ok,0.8633,,105.4,268.75,4f8f84f9ed746b603dcbdeb559ef7f54,4610901186690555422
data/processed/alcohol_v1/images/non_alcoholic/a0163.png,AlcoholDetectionDataset/non_alcoholic/a0163.png,non_alcoholic,dataset_label_unverified,AlcoholDetectionDataset,AlcoholDetectionDataset:non_alcoholic,unknown,163,train,227x227,ok,0.9496,ok,0.8723,,107.02,269.35,ae5cfffc7f4ed56951cb9555f358e458,4611041924178910750
data/processed/alcohol_v1/images/non_alcoholic/a0164.png,AlcoholDetectionDataset/non_alcoholic/a0164.png,non_alcoholic,dataset_label_unverified,AlcoholDetectionDataset,AlcoholDetectionDataset:non_alcoholic,unknown,164,train,227x227,ok,0.9502,ok,0.8653,,105.75,259.97,26a367aca6ebce561ea0e3c8ba47a077,4610901187227426334
data/processed/alcohol_v1/images/non_alcoholic/a0165.png,AlcoholDetectionDataset/non_alcoholic/a0165.png,non_alcoholic,dataset_label_unverified,AlcoholDetectionDataset,AlcoholDetectionDataset:non_alcoholic,unknown,165,train,227x227,ok,0.9509,ok,0.8631,,105.36,255.6,3f75a9df7d512e544cafa64852ee3605,4610902303365283358
data/processed/alcohol_v1/images/non_alcoholic/a0166.png,AlcoholDetectionDataset/non_alcoholic/a0166.png,non_alcoholic,dataset_label_unverified,AlcoholDetectionDataset,AlcoholDetectionDataset:non_alcoholic,unknown,166,train,227x227,ok,0.9472,ok,0.8695,,106.52,273.23,28f7fcdaea1d1b676faeb729025b7957,4611041924178910750
data/processed/alcohol_v1/images/non_alcoholic/a0167.png,AlcoholDetectionDataset/non_alcoholic/a0167.png,non_alcoholic,dataset_label_unverified,AlcoholDetectionDataset,AlcoholDetectionDataset:non_alcoholic,unknown,167,train,227x227,ok,0.9488,ok,0.8589,,104.6,257.6,80fc333666650386baf472c7b716ad61,4610901204407303710
data/processed/alcohol_v1/images/non_alcoholic/a0168.png,AlcoholDetectionDataset/non_alcoholic/a0168.png,non_alcoholic,dataset_label_unverified,AlcoholDetectionDataset,AlcoholDetectionDataset:non_alcoholic,unknown,168,train,227x227,ok,0.9492,ok,0.8612,,105.01,262.15,93fbad24a3d2b540cdf4f12cd4fdc02d,4610901204407303710
data/processed/alcohol_v1/images/non_alcoholic/a0169.png,AlcoholDetectionDataset/non_alcoholic/a0169.png,non_alcoholic,dataset_label_unverified,AlcoholDetectionDataset,AlcoholDetectionDataset:non_alcoholic,unknown,169,train,227x227,ok,0.9488,ok,0.869,,106.41,259.66,30917228d10fc0a4280547a543d05eb1,4611041941358779934
data/processed/alcohol_v1/images/non_alcoholic/a0170.png,AlcoholDetectionDataset/non_alcoholic/a0170.png,non_alcoholic,dataset_label_unverified,AlcoholDetectionDataset,AlcoholDetectionDataset:non_alcoholic,unknown,170,train,227x227,ok,0.9504,ok,0.8632,,105.38,258.37,bbb42f3d981dcef304f93ffc42b871f4,4611043040853638686
data/processed/alcohol_v1/images/non_alcoholic/a0171.png,AlcoholDetectionDataset/non_alcoholic/a0171.png,non_alcoholic,dataset_label_unverified,AlcoholDetectionDataset,AlcoholDetectionDataset:non_alcoholic,unknown,171,train,227x227,ok,0.9497,ok,0.8439,,101.91,238.26,130a1a0a427d11e7cf4433d1f9c99fe4,4611043040853630494
data/processed/alcohol_v1/images/non_alcoholic/a0172.png,AlcoholDetectionDataset/non_alcoholic/a0172.png,non_alcoholic,dataset_label_unverified,AlcoholDetectionDataset,AlcoholDetectionDataset:non_alcoholic,unknown,172,train,227x227,ok,0.9478,ok,0.8764,,107.75,270.01,72617889d10ab53d07e088f8a03aa6e8,4575014226654797342
data/processed/alcohol_v1/images/non_alcoholic/a0173.png,AlcoholDetectionDataset/non_alcoholic/a0173.png,non_alcoholic,dataset_label_unverified,AlcoholDetectionDataset,AlcoholDetectionDataset:non_alcoholic,unknown,173,train,227x227,ok,0.9506,ok,0.8651,,105.71,252.65,29f9c720e3c3e0a62fc94dcccc9c28bf,4610902303365283358
data/processed/alcohol_v1/images/non_alcoholic/a0174.png,AlcoholDetectionDataset/non_alcoholic/a0174.png,non_alcoholic,dataset_label_unverified,AlcoholDetectionDataset,AlcoholDetectionDataset:non_alcoholic,unknown,174,train,227x227,ok,0.9504,ok,0.8692,,106.46,258.41,3fa82688c18f0e2522ddcd9777981592,4610902303365283358
data/processed/alcohol_v1/images/non_alcoholic/a0175.png,AlcoholDetectionDataset/non_alcoholic/a0175.png,non_alcoholic,dataset_label_unverified,AlcoholDetectionDataset,AlcoholDetectionDataset:non_alcoholic,unknown,175,train,227x227,ok,0.9492,ok,0.8738,,107.28,264.14,1a847f2e8d1490013b29a3825256b154,4611043040853638684
data/processed/alcohol_v1/images/non_alcoholic/a0176.png,AlcoholDetectionDataset/non_alcoholic/a0176.png,non_alcoholic,dataset_label_unverified,AlcoholDetectionDataset,AlcoholDetectionDataset:non_alcoholic,unknown,176,train,227x227,ok,0.9499,ok,0.8725,,107.06,252.2,7b8d72618caf36cf522af7eef74f1d6f,4611043040853630494
data/processed/alcohol_v1/images/non_alcoholic/a0177.png,AlcoholDetectionDataset/non_alcoholic/a0177.png,non_alcoholic,dataset_label_unverified,AlcoholDetectionDataset,AlcoholDetectionDataset:non_alcoholic,unknown,177,train,227x227,ok,0.9477,ok,0.8584,,104.52,247.55,b2c30ac41e06423abf51afb5c5e69b70,4575014243834666524
data/processed/alcohol_v1/images/non_alcoholic/a0178.png,AlcoholDetectionDataset/non_alcoholic/a0178.png,non_alcoholic,dataset_label_unverified,AlcoholDetectionDataset,AlcoholDetectionDataset:non_alcoholic,unknown,178,train,227x227,ok,0.9457,ok,0.8544,,103.8,249.25,0d3bdaa6fccdfe7a3e74d149ca7f529f,4575014243851443740
data/processed/alcohol_v1/images/non_alcoholic/a0179.png,AlcoholDetectionDataset/non_alcoholic/a0179.png,non_alcoholic,dataset_label_unverified,AlcoholDetectionDataset,AlcoholDetectionDataset:non_alcoholic,unknown,179,train,227x227,ok,0.9469,ok,0.8601,,104.83,255.73,a12f03ee7a97f7b630c67b19b8a344dc,4575014243834666526
data/processed/alcohol_v1/images/non_alcoholic/a0180.png,AlcoholDetectionDataset/non_alcoholic/a0180.png,non_alcoholic,dataset_label_unverified,AlcoholDetectionDataset,AlcoholDetectionDataset:non_alcoholic,unknown,180,train,227x227,ok,0.9467,ok,0.8647,,105.64,254.17,1e06d59b348c6ae24849dc7551896423,4575014226654797342
data/processed/alcohol_v1/images/non_alcoholic/a0181.png,AlcoholDetectionDataset/non_alcoholic/a0181.png,non_alcoholic,dataset_label_unverified,AlcoholDetectionDataset,AlcoholDetectionDataset:non_alcoholic,unknown,181,train,227x227,ok,0.9496,ok,0.8838,,109.08,266.91,31a305d9415babefa1af7d512fc614ef,4575014243834674716
data/processed/alcohol_v1/images/non_alcoholic/a0182.png,AlcoholDetectionDataset/non_alcoholic/a0182.png,non_alcoholic,dataset_label_unverified,AlcoholDetectionDataset,AlcoholDetectionDataset:non_alcoholic,unknown,182,train,227x227,ok,0.9504,ok,0.8555,,104.0,261.72,0dbaee797cc9aa226d4713a63fd2047a,4610902303365283358
data/processed/alcohol_v1/images/non_alcoholic/a0183.png,AlcoholDetectionDataset/non_alcoholic/a0183.png,non_alcoholic,dataset_label_unverified,AlcoholDetectionDataset,AlcoholDetectionDataset:non_alcoholic,unknown,183,train,227x227,ok,0.9488,ok,0.8346,,100.22,257.51,5eab1169eb10236277e740e9081be053,4611043023673769502
data/processed/alcohol_v1/images/non_alcoholic/a0184.png,AlcoholDetectionDataset/non_alcoholic/a0184.png,non_alcoholic,dataset_label_unverified,AlcoholDetectionDataset,AlcoholDetectionDataset:non_alcoholic,unknown,184,train,227x227,ok,0.95,ok,0.8085,,95.53,254.44,31db2df2b39491351c38348659fb1431,4611043023673761310
data/processed/alcohol_v1/images/non_alcoholic/a0185.png,AlcoholDetectionDataset/non_alcoholic/a0185.png,non_alcoholic,dataset_label_unverified,AlcoholDetectionDataset,AlcoholDetectionDataset:non_alcoholic,unknown,185,train,227x227,ok,0.9477,ok,0.8381,,100.86,244.79,4946917f69796cbf5a40dff63b47819e,4575014226671574558
data/processed/alcohol_v1/images/non_alcoholic/a0186.png,AlcoholDetectionDataset/non_alcoholic/a0186.png,non_alcoholic,dataset_label_unverified,AlcoholDetectionDataset,AlcoholDetectionDataset:non_alcoholic,unknown,186,train,227x227,ok,0.9511,ok,0.8324,,99.83,236.03,89c494f1274e15be7b3b8ebfd2320a50,4611043040853638686
data/processed/alcohol_v1/images/non_alcoholic/a0187.png,AlcoholDetectionDataset/non_alcoholic/a0187.png,non_alcoholic,dataset_label_unverified,AlcoholDetectionDataset,AlcoholDetectionDataset:non_alcoholic,unknown,187,train,227x227,ok,0.949,ok,0.846,,102.28,250.2,e9e000e04b384bcca7d0c5f28a8a21a0,4575014243834674716
data/processed/alcohol_v1/images/non_alcoholic/a0188.png,AlcoholDetectionDataset/non_alcoholic/a0188.png,non_alcoholic,dataset_label_unverified,AlcoholDetectionDataset,AlcoholDetectionDataset:non_alcoholic,unknown,188,train,227x227,ok,0.9494,ok,0.8163,,96.93,242.61,29521ad41de961723116ae8b771e5655,4575014243834666526
data/processed/alcohol_v1/images/non_alcoholic/a0189.png,AlcoholDetectionDataset/non_alcoholic/a0189.png,non_alcoholic,dataset_label_unverified,AlcoholDetectionDataset,AlcoholDetectionDataset:non_alcoholic,unknown,189,train,227x227,ok,0.9509,ok,0.8432,,101.78,255.04,a041fc194c74fe37b7c2cfe264288bb1,4575014226654797342
data/processed/alcohol_v1/images/non_alcoholic/a0190.png,AlcoholDetectionDataset/non_alcoholic/a0190.png,non_alcoholic,dataset_label_unverified,AlcoholDetectionDataset,AlcoholDetectionDataset:non_alcoholic,unknown,190,train,227x227,ok,0.9507,ok,0.8373,,100.72,248.0,949f969f67812ada00d88aa813b4cc2b,4575014243834666526
data/processed/alcohol_v1/images/non_alcoholic/a0191.png,AlcoholDetectionDataset/non_alcoholic/a0191.png,non_alcoholic,dataset_label_unverified,AlcoholDetectionDataset,AlcoholDetectionDataset:non_alcoholic,unknown,191,train,227x227,ok,0.9519,ok,0.8278,,99.0,241.79,32a0e6ca6e64db41c32ccb590bf8723c,4610901186690555422
data/processed/alcohol_v1/images/non_alcoholic/a0192.png,AlcoholDetectionDataset/non_alcoholic/a0192.png,non_alcoholic,dataset_label_unverified,AlcoholDetectionDataset,AlcoholDetectionDataset:non_alcoholic,unknown,192,buffer,227x227,ok,0.9473,ok,0.8357,,100.43,241.8,0c7602de91e867eb1e7bf8c8eba81a16,4575014243834666526
data/processed/alcohol_v1/images/non_alcoholic/a0193.png,AlcoholDetectionDataset/non_alcoholic/a0193.png,non_alcoholic,dataset_label_unverified,AlcoholDetectionDataset,AlcoholDetectionDataset:non_alcoholic,unknown,193,buffer,227x227,ok,0.9494,ok,0.8466,,102.38,251.37,8006553c60d20ee6a9dd85882c1d100e,4611043040853630494
data/processed/alcohol_v1/images/non_alcoholic/a0194.png,AlcoholDetectionDataset/non_alcoholic/a0194.png,non_alcoholic,dataset_label_unverified,AlcoholDetectionDataset,AlcoholDetectionDataset:non_alcoholic,unknown,194,buffer,227x227,ok,0.9476,ok,0.8446,,102.02,242.46,5c327939f2b5c2e02be9a6adbf849396,4610902303365275166
data/processed/alcohol_v1/images/non_alcoholic/a0195.png,AlcoholDetectionDataset/non_alcoholic/a0195.png,non_alcoholic,dataset_label_unverified,AlcoholDetectionDataset,AlcoholDetectionDataset:non_alcoholic,unknown,195,buffer,227x227,ok,0.9479,ok,0.8461,,102.3,264.33,bb51f597062b3453e9f87874b9bf8c71,4610902303365275166
data/processed/alcohol_v1/images/non_alcoholic/a0196.png,AlcoholDetectionDataset/non_alcoholic/a0196.png,non_alcoholic,dataset_label_unverified,AlcoholDetectionDataset,AlcoholDetectionDataset:non_alcoholic,unknown,196,buffer,227x227,ok,0.9494,ok,0.8451,,102.12,250.94,473f0d227c636bf8a5779653ec4ec1b2,4610902303365275166
data/processed/alcohol_v1/images/non_alcoholic/a0197.png,AlcoholDetectionDataset/non_alcoholic/a0197.png,non_alcoholic,dataset_label_unverified,AlcoholDetectionDataset,AlcoholDetectionDataset:non_alcoholic,unknown,197,buffer,227x227,ok,0.9504,ok,0.8495,,102.91,253.37,5dc8a5857a23a3d277246c4699532e3d,4611043040853630494
data/processed/alcohol_v1/images/non_alcoholic/a0198.png,AlcoholDetectionDataset/non_alcoholic/a0198.png,non_alcoholic,dataset_label_unverified,AlcoholDetectionDataset,AlcoholDetectionDataset:non_alcoholic,unknown,198,buffer,227x227,ok,0.9487,ok,0.8458,,102.25,262.0,e66ae0f621c845ecb0dee51d3f6d15a0,4610901187227426334
data/processed/alcohol_v1/images/non_alcoholic/a0199.png,AlcoholDetectionDataset/non_alcoholic/a0199.png,non_alcoholic,dataset_label_unverified,AlcoholDetectionDataset,AlcoholDetectionDataset:non_alcoholic,unknown,199,buffer,227x227,ok,0.9482,ok,0.8411,,101.4,256.09,b1491a75ade3961e798d85ca93216b09,4610901186690555422
data/processed/alcohol_v1/images/non_alcoholic/a0200.png,AlcoholDetectionDataset/non_alcoholic/a0200.png,non_alcoholic,dataset_label_unverified,AlcoholDetectionDataset,AlcoholDetectionDataset:non_alcoholic,unknown,200,buffer,227x227,ok,0.9519,ok,0.8279,,99.02,240.56,157700643e7d98030edf0b7db4415fc3,4592886788181073438
data/processed/alcohol_v1/images/non_alcoholic/a0201.png,AlcoholDetectionDataset/non_alcoholic/a0201.png,non_alcoholic,dataset_label_unverified,AlcoholDetectionDataset,AlcoholDetectionDataset:non_alcoholic,unknown,201,buffer,227x227,ok,0.9496,ok,0.8381,,100.86,241.36,e902c4c8166addb3ff13eef6934194df,4592886805360950814
data/processed/alcohol_v1/images/non_alcoholic/a0202.png,AlcoholDetectionDataset/non_alcoholic/a0202.png,non_alcoholic,dataset_label_unverified,AlcoholDetectionDataset,AlcoholDetectionDataset:non_alcoholic,unknown,202,val,227x227,ok,0.9484,ok,0.8636,,105.45,254.51,c75bff1292b0ab6d1affd5ec1922dfa9,4610902303365283356
data/processed/alcohol_v1/images/non_alcoholic/a0203.png,AlcoholDetectionDataset/non_alcoholic/a0203.png,non_alcoholic,dataset_label_unverified,AlcoholDetectionDataset,AlcoholDetectionDataset:non_alcoholic,unknown,203,val,227x227,ok,0.9503,ok,0.8467,,102.41,247.3,4c95b45c929d3bf9452f5309d3e5f28a,4610902303382060574
data/processed/alcohol_v1/images/non_alcoholic/a0204.png,AlcoholDetectionDataset/non_alcoholic/a0204.png,non_alcoholic,dataset_label_unverified,AlcoholDetectionDataset,AlcoholDetectionDataset:non_alcoholic,unknown,204,val,227x227,ok,0.9508,ok,0.8389,,101.0,242.9,343325e2bc175360cab4be58a922c7fa,4592886805360950814
data/processed/alcohol_v1/images/non_alcoholic/a0205.png,AlcoholDetectionDataset/non_alcoholic/a0205.png,non_alcoholic,dataset_label_unverified,AlcoholDetectionDataset,AlcoholDetectionDataset:non_alcoholic,unknown,205,val,227x227,ok,0.95,ok,0.8609,,104.96,255.1,97e611023c5af4f0845220a942c707e0,4610902286202183198
data/processed/alcohol_v1/images/non_alcoholic/a0206.png,AlcoholDetectionDataset/non_alcoholic/a0206.png,non_alcoholic,dataset_label_unverified,AlcoholDetectionDataset,AlcoholDetectionDataset:non_alcoholic,unknown,206,val,227x227,ok,0.9528,ok,0.8515,,103.28,246.99,90ab9eb34c9e5a815ca8c53cf58b27fd,4610902303382052382
data/processed/alcohol_v1/images/non_alcoholic/a0207.png,AlcoholDetectionDataset/non_alcoholic/a0207.png,non_alcoholic,dataset_label_unverified,AlcoholDetectionDataset,AlcoholDetectionDataset:non_alcoholic,unknown,207,val,227x227,ok,0.9489,ok,0.8436,,101.86,242.88,689dfd8dee3edad8e61026644629179b,4610902303365283358
data/processed/alcohol_v1/images/non_alcoholic/a0208.png,AlcoholDetectionDataset/non_alcoholic/a0208.png,non_alcoholic,dataset_label_unverified,AlcoholDetectionDataset,AlcoholDetectionDataset:non_alcoholic,unknown,208,val,227x227,ok,0.9495,ok,0.8396,,101.13,234.52,7580d5c9ca09f2cf66c1c485bc6698b9,4610902303367380510
data/processed/alcohol_v1/images/non_alcoholic/a0209.png,AlcoholDetectionDataset/non_alcoholic/a0209.png,non_alcoholic,dataset_label_unverified,AlcoholDetectionDataset,AlcoholDetectionDataset:non_alcoholic,unknown,209,val,227x227,ok,0.9509,ok,0.8456,,102.22,250.07,4e1c5530284f084c3834cd62c88d96fb,4610901203870424606
data/processed/alcohol_v1/images/non_alcoholic/a0210.png,AlcoholDetectionDataset/non_alcoholic/a0210.png,non_alcoholic,dataset_label_unverified,AlcoholDetectionDataset,AlcoholDetectionDataset:non_alcoholic,unknown,210,val,227x227,ok,0.9496,ok,0.8408,,101.34,245.93,446699cbaa7127380c42531ff9027c3b,4610901204407361054
data/processed/alcohol_v1/images/non_alcoholic/a0211.png,AlcoholDetectionDataset/non_alcoholic/a0211.png,non_alcoholic,dataset_label_unverified,AlcoholDetectionDataset,AlcoholDetectionDataset:non_alcoholic,unknown,211,val,227x227,ok,0.9494,ok,0.8766,,107.8,231.63,8b9bd17643dacc8065efa5a2df50b493,4566146683110367006
data/processed/alcohol_v1/images/non_alcoholic/a0212.png,AlcoholDetectionDataset/non_alcoholic/a0212.png,non_alcoholic,dataset_label_unverified,AlcoholDetectionDataset,AlcoholDetectionDataset:non_alcoholic,unknown,212,val,227x227,ok,0.9491,ok,0.8893,,110.07,281.14,7948f5c1f15491565a53f9455ce2bc93,4566112581070036767
data/processed/alcohol_v1/images/non_alcoholic/a0213.png,AlcoholDetectionDataset/non_alcoholic/a0213.png,non_alcoholic,dataset_label_unverified,AlcoholDetectionDataset,AlcoholDetectionDataset:non_alcoholic,unknown,213,val,227x227,ok,0.9471,ok,0.8738,,107.28,241.34,28b78e17df3dd567c72c70511de189c8,4575153865185238814
data/processed/alcohol_v1/images/non_alcoholic/a0214.png,AlcoholDetectionDataset/non_alcoholic/a0214.png,non_alcoholic,dataset_label_unverified,AlcoholDetectionDataset,AlcoholDetectionDataset:non_alcoholic,unknown,214,val,227x227,ok,0.9497,ok,0.9002,,112.04,281.7,dca5e5122d224e9839d215352a70ea96,4574872406851460638
data/processed/alcohol_v1/images/non_alcoholic/a0215.png,AlcoholDetectionDataset/non_alcoholic/a0215.png,non_alcoholic,dataset_label_unverified,AlcoholDetectionDataset,AlcoholDetectionDataset:non_alcoholic,unknown,215,val,227x227,ok,0.9505,ok,0.8909,,110.35,286.95,721e53947681b6e09d5cd81f81955882,4575013144876686878
data/processed/alcohol_v1/images/non_alcoholic/a0216.png,AlcoholDetectionDataset/non_alcoholic/a0216.png,non_alcoholic,dataset_label_unverified,AlcoholDetectionDataset,AlcoholDetectionDataset:non_alcoholic,unknown,216,val,227x227,ok,0.9513,ok,0.8978,,111.61,291.24,267df837ec3406a99a18ecb5c09fb220,4575013144876686878
data/processed/alcohol_v1/images/non_alcoholic/a0217.png,AlcoholDetectionDataset/non_alcoholic/a0217.png,non_alcoholic,dataset_label_unverified,AlcoholDetectionDataset,AlcoholDetectionDataset:non_alcoholic,unknown,217,val,227x227,ok,0.9514,ok,0.8932,,110.77,288.86,7b16f0ef63267595d448ca89434ddfff,4575013144876686878
data/processed/alcohol_v1/images/non_alcoholic/a0218.png,AlcoholDetectionDataset/non_alcoholic/a0218.png,non_alcoholic,dataset_label_unverified,AlcoholDetectionDataset,AlcoholDetectionDataset:non_alcoholic,unknown,218,val,227x227,ok,0.9502,ok,0.9039,,112.7,288.13,369785140b2a79c7b7987f4e6ed4c62d,4575013127159946782
data/processed/alcohol_v1/images/non_alcoholic/a0219.png,AlcoholDetectionDataset/non_alcoholic/a0219.png,non_alcoholic,dataset_label_unverified,AlcoholDetectionDataset,AlcoholDetectionDataset:non_alcoholic,unknown,219,val,227x227,ok,0.9521,ok,0.89,,110.21,270.91,5cdd46ef5308965dd46fab5923fc6649,4611041924178910750
data/processed/alcohol_v1/images/non_alcoholic/a0220.png,AlcoholDetectionDataset/non_alcoholic/a0220.png,non_alcoholic,dataset_label_unverified,AlcoholDetectionDataset,AlcoholDetectionDataset:non_alcoholic,unknown,220,val,227x227,ok,0.95,ok,0.8712,,106.82,294.32,2d9a31c7f0867ac33ad5acd71f470fc4,4611041924178910750
data/processed/alcohol_v1/images/non_alcoholic/a0221.png,AlcoholDetectionDataset/non_alcoholic/a0221.png,non_alcoholic,dataset_label_unverified,AlcoholDetectionDataset,AlcoholDetectionDataset:non_alcoholic,unknown,221,buffer,227x227,ok,0.9504,ok,0.8612,,105.01,291.85,dd715c31529ede109e5e59695c48eeb6,4575013127159946782
data/processed/alcohol_v1/images/non_alcoholic/a0222.png,AlcoholDetectionDataset/non_alcoholic/a0222.png,non_alcoholic,dataset_label_unverified,AlcoholDetectionDataset,AlcoholDetectionDataset:non_alcoholic,unknown,222,buffer,227x227,ok,0.951,ok,0.8433,,101.79,264.03,95224e4df7c18ff98b07f2606beba6c1,4575013127159946782
data/processed/alcohol_v1/images/non_alcoholic/a0223.png,AlcoholDetectionDataset/non_alcoholic/a0223.png,non_alcoholic,dataset_label_unverified,AlcoholDetectionDataset,AlcoholDetectionDataset:non_alcoholic,unknown,223,buffer,227x227,ok,0.9501,ok,0.8433,,101.79,273.4,52db91f33fa1e944e3c4134df9fb8297,4611041924178910750
data/processed/alcohol_v1/images/non_alcoholic/a0224.png,AlcoholDetectionDataset/non_alcoholic/a0224.png,non_alcoholic,dataset_label_unverified,AlcoholDetectionDataset,AlcoholDetectionDataset:non_alcoholic,unknown,224,buffer,227x227,ok,0.9516,ok,0.8507,,103.13,268.86,d30f7993fb5fc785ed0f67e112255d08,4575013127696817694
data/processed/alcohol_v1/images/non_alcoholic/a0225.png,AlcoholDetectionDataset/non_alcoholic/a0225.png,non_alcoholic,dataset_label_unverified,AlcoholDetectionDataset,AlcoholDetectionDataset:non_alcoholic,unknown,225,buffer,227x227,ok,0.9515,ok,0.8511,,103.2,269.73,7e538acdbb9496028053c71cafd96e00,4575013144339815966
data/processed/alcohol_v1/images/non_alcoholic/a0226.png,AlcoholDetectionDataset/non_alcoholic/a0226.png,non_alcoholic,dataset_label_unverified,AlcoholDetectionDataset,AlcoholDetectionDataset:non_alcoholic,unknown,226,buffer,227x227,ok,0.9497,ok,0.8552,,103.94,282.93,198505c5ccfe8103b929491d845f8ad8,4575013127159946782
data/processed/alcohol_v1/images/non_alcoholic/a0227.png,AlcoholDetectionDataset/non_alcoholic/a0227.png,non_alcoholic,dataset_label_unverified,AlcoholDetectionDataset,AlcoholDetectionDataset:non_alcoholic,unknown,227,buffer,227x227,ok,0.9496,ok,0.8656,,105.8,287.41,8ff4cb62073877055c9d6b126c129694,4575013127159946782
data/processed/alcohol_v1/images/non_alcoholic/a0228.png,AlcoholDetectionDataset/non_alcoholic/a0228.png,non_alcoholic,dataset_label_unverified,AlcoholDetectionDataset,AlcoholDetectionDataset:non_alcoholic,unknown,228,buffer,227x227,ok,0.9516,ok,0.8557,,104.02,298.37,7aa497c9961f5fce05881b5425cde65e,4575013127159946782
data/processed/alcohol_v1/images/non_alcoholic/a0229.png,AlcoholDetectionDataset/non_alcoholic/a0229.png,non_alcoholic,dataset_label_unverified,AlcoholDetectionDataset,AlcoholDetectionDataset:non_alcoholic,unknown,229,buffer,227x227,ok,0.9506,ok,0.8393,,101.07,275.93,23d6f1cd4f6a90f97c1668edb030854f,4610901187227426334
data/processed/alcohol_v1/images/non_alcoholic/a0230.png,AlcoholDetectionDataset/non_alcoholic/a0230.png,non_alcoholic,dataset_label_unverified,AlcoholDetectionDataset,AlcoholDetectionDataset:non_alcoholic,unknown,230,buffer,227x227,ok,0.9499,ok,0.853,,103.54,283.88,b1c7e7fa265ab0339744264df1fd6ac6,4575013127159946782
data/processed/alcohol_v1/images/non_alcoholic/a0231.png,AlcoholDetectionDataset/non_alcoholic/a0231.png,non_alcoholic,dataset_label_unverified,AlcoholDetectionDataset,AlcoholDetectionDataset:non_alcoholic,unknown,231,test,227x227,ok,0.9517,ok,0.8327,,99.89,251.55,008d124f867056224ca5e6587f1f7261,4592886805360942622
data/processed/alcohol_v1/images/non_alcoholic/a0232.png,AlcoholDetectionDataset/non_alcoholic/a0232.png,non_alcoholic,dataset_label_unverified,AlcoholDetectionDataset,AlcoholDetectionDataset:non_alcoholic,unknown,232,test,227x227,ok,0.9522,ok,0.8371,,100.67,238.8,b34e76632c9e528122c9cce4afc33848,4592886805360950814
data/processed/alcohol_v1/images/non_alcoholic/a0233.png,AlcoholDetectionDataset/non_alcoholic/a0233.png,non_alcoholic,dataset_label_unverified,AlcoholDetectionDataset,AlcoholDetectionDataset:non_alcoholic,unknown,233,test,227x227,ok,0.9527,ok,0.8492,,102.86,238.99,596843227e626f7e3f2648e6fbf5b9d7,4592887904874675742
data/processed/alcohol_v1/images/non_alcoholic/a0234.png,AlcoholDetectionDataset/non_alcoholic/a0234.png,non_alcoholic,dataset_label_unverified,AlcoholDetectionDataset,AlcoholDetectionDataset:non_alcoholic,unknown,234,test,227x227,ok,0.9482,ok,0.8603,,104.86,244.18,7da0641c94e4f4060951fab9037c50d8,4610902286739062302
data/processed/alcohol_v1/images/non_alcoholic/a0235.png,AlcoholDetectionDataset/non_alcoholic/a0235.png,non_alcoholic,dataset_label_unverified,AlcoholDetectionDataset,AlcoholDetectionDataset:non_alcoholic,unknown,235,test,227x227,ok,0.9494,ok,0.8381,,100.85,211.85,6f9c2b3c437cdd1804cbcb5ddf692e63,4592887888229579326
data/processed/alcohol_v1/images/non_alcoholic/a0236.png,AlcoholDetectionDataset/non_alcoholic/a0236.png,non_alcoholic,dataset_label_unverified,AlcoholDetectionDataset,AlcoholDetectionDataset:non_alcoholic,unknown,236,test,227x227,ok,0.9495,ok,0.7943,,92.97,198.22,f3de8a35ee180798bb04cab9fbdd8fd6,4610902303918931486
data/processed/alcohol_v1/images/non_alcoholic/a0237.png,AlcoholDetectionDataset/non_alcoholic/a0237.png,non_alcoholic,dataset_label_unverified,AlcoholDetectionDataset,AlcoholDetectionDataset:non_alcoholic,unknown,237,test,227x227,ok,0.9504,ok,0.7833,,90.99,194.19,01eb5f1eb4932da8187893df4c86a600,4592887887675932222
data/processed/alcohol_v1/images/non_alcoholic/a0238.png,AlcoholDetectionDataset/non_alcoholic/a0238.png,non_alcoholic,dataset_label_unverified,AlcoholDetectionDataset,AlcoholDetectionDataset:non_alcoholic,unknown,238,test,227x227,ok,0.9493,ok,0.8114,,96.05,212.84,1ed8329a8ad6709d6394116abce72f68,4592887887694806556
data/processed/alcohol_v1/images/non_alcoholic/a0239.png,AlcoholDetectionDataset/non_alcoholic/a0239.png,non_alcoholic,dataset_label_unverified,AlcoholDetectionDataset,AlcoholDetectionDataset:non_alcoholic,unknown,239,test,227x227,ok,0.9491,ok,0.8086,,95.56,201.85,a0dc8855c4a0c866b3bed18b33861f7c,4592887887694806558
data/processed/alcohol_v1/images/non_alcoholic/a0240.png,AlcoholDetectionDataset/non_alcoholic/a0240.png,non_alcoholic,dataset_label_unverified,AlcoholDetectionDataset,AlcoholDetectionDataset:non_alcoholic,unknown,240,test,227x227,ok,0.9458,ok,0.809,,95.61,207.02,b1bdb85d58ba2d0521426674939c1458,4592887887692709438
data/processed/alcohol_v1/images/non_alcoholic/a0241.png,AlcoholDetectionDataset/non_alcoholic/a0241.png,non_alcoholic,dataset_label_unverified,AlcoholDetectionDataset,AlcoholDetectionDataset:non_alcoholic,unknown,241,test,227x227,ok,0.9467,ok,0.814,,96.52,179.98,65fb1ffd0c76fb21444135de40baf76e,9204573906656968254
data/processed/alcohol_v1/images/non_alcoholic/a0242.png,AlcoholDetectionDataset/non_alcoholic/a0242.png,non_alcoholic,dataset_label_unverified,AlcoholDetectionDataset,AlcoholDetectionDataset:non_alcoholic,unknown,242,test,227x227,ok,0.9473,ok,0.8116,,96.08,191.95,11f9772cfd2e1fc3b103834520c3972c,4592887887675932222
data/processed/alcohol_v1/images/non_alcoholic/a0243.png,AlcoholDetectionDataset/non_alcoholic/a0243.png,non_alcoholic,dataset_label_unverified,AlcoholDetectionDataset,AlcoholDetectionDataset:non_alcoholic,unknown,243,test,227x227,ok,0.9435,ok,0.8183,,97.29,221.48,2af3d5f463adb820c83b25e3d2722673,4539407642119781918
data/processed/alcohol_v1/images/non_alcoholic/a0244.png,AlcoholDetectionDataset/non_alcoholic/a0244.png,non_alcoholic,dataset_label_unverified,AlcoholDetectionDataset,AlcoholDetectionDataset:non_alcoholic,unknown,244,test,227x227,ok,0.9429,ok,0.8437,,101.87,219.67,f7fb6e34f85ad50d2566957d4a1e5238,4538281759390777148
data/processed/alcohol_v1/images/non_alcoholic/a0245.png,AlcoholDetectionDataset/non_alcoholic/a0245.png,non_alcoholic,dataset_label_unverified,AlcoholDetectionDataset,AlcoholDetectionDataset:non_alcoholic,unknown,245,test,227x227,ok,0.9463,ok,0.8471,,102.47,226.34,dee6d9fac7019e3088f4cca9b091bac9,4539407659297619484
data/processed/alcohol_v1/images/non_alcoholic/a0246.png,AlcoholDetectionDataset/non_alcoholic/a0246.png,non_alcoholic,dataset_label_unverified,AlcoholDetectionDataset,AlcoholDetectionDataset:non_alcoholic,unknown,246,test,227x227,ok,0.948,ok,0.8371,,100.68,220.5,ea8c8011954974f4fe2626535b8ef29c,4539407659297619484
data/processed/alcohol_v1/images/non_alcoholic/a0247.png,AlcoholDetectionDataset/non_alcoholic/a0247.png,non_alcoholic,dataset_label_unverified,AlcoholDetectionDataset,AlcoholDetectionDataset:non_alcoholic,unknown,247,test,227x227,ok,0.9446,ok,0.8376,,100.78,230.65,3be85812e3f24bd9a5891034eb1cd44b,4538281759390776860
data/processed/alcohol_v1/images/non_alcoholic/a0248.png,AlcoholDetectionDataset/non_alcoholic/a0248.png,non_alcoholic,dataset_label_unverified,AlcoholDetectionDataset,AlcoholDetectionDataset:non_alcoholic,unknown,248,test,227x227,ok,0.9429,ok,0.8321,,99.77,230.96,8723028ed2f3d650bbc6f10be1a7e69f,4539548396785974812
data/processed/alcohol_v1/images/non_alcoholic/a0249.png,AlcoholDetectionDataset/non_alcoholic/a0249.png,non_alcoholic,dataset_label_unverified,AlcoholDetectionDataset,AlcoholDetectionDataset:non_alcoholic,unknown,249,test,227x227,ok,0.9405,ok,0.8447,,102.05,224.82,3603257395c0310036b486dff3054f48,4503528395860024861
data/processed/alcohol_v1/images/non_alcoholic/a0250.png,AlcoholDetectionDataset/non_alcoholic/a0250.png,non_alcoholic,dataset_label_unverified,AlcoholDetectionDataset,AlcoholDetectionDataset:non_alcoholic,unknown,250,test,227x227,ok,0.9451,ok,0.8335,,100.02,240.6,406a854f5e64e52d595f4c4913238e59,4539548396785974812
data/processed/alcohol_v1/images/non_alcoholic/a0251.png,AlcoholDetectionDataset/non_alcoholic/a0251.png,non_alcoholic,dataset_label_unverified,AlcoholDetectionDataset,AlcoholDetectionDataset:non_alcoholic,unknown,251,test,227x227,ok,0.9442,ok,0.814,,96.52,222.72,d7b76ecd357b7becff7bbb7036851d86,4610902286202191390
data/processed/alcohol_v1/images/non_alcoholic/a0252.png,AlcoholDetectionDataset/non_alcoholic/a0252.png,non_alcoholic,dataset_label_unverified,AlcoholDetectionDataset,AlcoholDetectionDataset:non_alcoholic,unknown,252,test,227x227,ok,0.9467,ok,0.8496,,102.93,226.02,98e7a3649a30c6fa1b38fab0ea8c7359,4539548379606105628
data/processed/alcohol_v1/images/non_alcoholic/a0253.png,AlcoholDetectionDataset/non_alcoholic/a0253.png,non_alcoholic,dataset_label_unverified,AlcoholDetectionDataset,AlcoholDetectionDataset:non_alcoholic,unknown,253,test,227x227,ok,0.9479,ok,0.8645,,105.61,233.15,40295fd2aebc0bc034ddd6c19ad7a50c,4539548396785974812
data/processed/alcohol_v1/images/non_alcoholic/a0254.png,AlcoholDetectionDataset/non_alcoholic/a0254.png,non_alcoholic,dataset_label_unverified,AlcoholDetectionDataset,AlcoholDetectionDataset:non_alcoholic,unknown,254,test,227x227,ok,0.9424,ok,0.8649,,105.68,231.86,00ce90fb67281e014549f2a97d0f00f4,4539548396785974812
data/processed/alcohol_v1/images/non_alcoholic/a0255.png,AlcoholDetectionDataset/non_alcoholic/a0255.png,non_alcoholic,dataset_label_unverified,AlcoholDetectionDataset,AlcoholDetectionDataset:non_alcoholic,unknown,255,test,227x227,ok,0.9474,ok,0.8698,,106.56,223.68,8eef8f81e8fa44671da77e4602776492,4611465253335547420
