subject_id,session_id,timestamp,frame_id,condition,bac,target,head_pose.pitch,head_pose.yaw,head_pose.roll,head_pose.yaw_ratio,head_pose.pitch_ratio,head_pose.roll_2d,head_pose.reprojection_error,head_pose.confidence,gaze.horizontal,gaze.vertical,gaze.horizontal_left,gaze.horizontal_right,gaze.eye_disagreement,gaze.eye_contrast,appearance.skin_a,appearance.skin_red_ratio,appearance.eye_region_a_rel,appearance.brightness,appearance.contrast,appearance.sharpness,facial_motion.face_speed,facial_motion.face_dx,facial_motion.face_dy,facial_motion.scale_change,facial_motion.landmark_speed,facial_motion.landmark_deformation,facial_motion.pitch_rate,facial_motion.yaw_rate,facial_motion.roll_rate
MOCK_S01,MOCK_S01_T1,1767312000.000,0,MOCK_CONDITION_0,,MOCK_LEVEL_0,9.64285,14.2579,0.744942,0.208529,0.55658,9.65054,0.0215006,0.849388,0.0895075,0.429129,-0.364626,0.311339,0.320307,0.330825,17.2435,0.503533,-2.07384,39.2432,10.1321,273.225,,,,,,,,,
MOCK_S01,MOCK_S01_T1,1767312000.033,1,MOCK_CONDITION_0,,MOCK_LEVEL_0,-0.603281,16.9185,5.08401,0.0725964,0.566276,1.40594,0.0388897,0.753737,0.359568,0.359414,-0.236662,-0.111678,0.303872,0.141884,14.6527,0.445524,-2.90162,37.1441,14.1401,193.679,0.115154,0.0069255,0.00907175,0.0448007,0.225319,0.191005,-13.492,-5.07687,2.18159
MOCK_S01,MOCK_S01_T1,1767312000.067,2,MOCK_CONDITION_0,,MOCK_LEVEL_0,-4.6119,11.1811,-11.1634,-0.0538248,0.551016,-7.94452,0.0203623,0.725742,0.326522,0.215499,-0.312744,-0.0910136,0.203235,0.22796,10.3805,0.398033,-7.24817,39.5666,16.2334,171.33,0.198869,-0.0163205,0.0224882,-0.0172681,0.294374,0.0399119,-10.8885,8.42174,9.90694
MOCK_S01,MOCK_S01_T1,1767312000.100,3,MOCK_CONDITION_0,,MOCK_LEVEL_0,1.21697,7.38081,-4.98357,-0.0327584,0.531649,-6.69195,0.0413478,0.812429,0.246114,0.176336,-0.140792,-0.128908,0.106171,0.141504,12.7133,0.478758,5.48724,43.5396,19.4571,191.673,0.155006,0.00192905,0.00514997,0.123666,0.154626,0.0695044,-19.5251,16.3807,-2.58965
MOCK_S01,MOCK_S01_T1,1767312000.133,4,MOCK_CONDITION_0,,MOCK_LEVEL_0,-4.27496,3.70326,2.21787,-0.0602885,0.557847,-5.35473,0.0194287,0.729445,0.517123,0.0974711,-0.0915574,-0.396012,0.220271,0.228599,12.9986,0.491864,1.63811,45.1435,11.5416,160.451,0.178017,0.00527431,-0.00261079,0.0309335,0.15557,-0.0158217,-9.41795,-6.20714,-7.95631
MOCK_S01,MOCK_S01_T1,1767312000.167,5,MOCK_CONDITION_0,,MOCK_LEVEL_0,-6.11005,31.0151,-4.38957,-0.049638,0.528193,3.66427,0.0199102,0.813766,0.227416,0.0150072,-0.520015,0.450298,0.0147413,0.22762,25.8974,0.44923,1.89969,31.2927,11.8117,213.954,0.026959,-0.00390803,-0.0136081,-0.00391156,0.299696,0.0967683,-17.0436,24.2159,5.9888
MOCK_S01,MOCK_S01_T1,1767312000.200,6,MOCK_CONDITION_0,,MOCK_LEVEL_0,-12.2681,3.93936,0.681078,0.00206251,0.554145,-4.22971,0.0356152,0.628298,0.172995,-0.203782,0.0245636,-0.0380561,0.223936,0.254676,16.0379,0.435294,-5.65283,34.0583,13.3424,219.595,0.112051,-0.000318208,0.0173843,-0.0267272,0.264304,0.122146,0.139644,0.522511,-1.16433
MOCK_S01,MOCK_S01_T1,1767312000.233,7,MOCK_CONDITION_0,,MOCK_LEVEL_0,-20.8912,-2.14095,-7.06307,-0.0705621,0.565436,-5.32751,0.031233,0.800453,0.27447,0.300157,-0.21784,-0.21965,0.177634,0.200414,20.5551,0.408707,-1.28098,35.7682,11.3303,121.49,0.145934,0.00302702,0.0110885,0.0316066,0.480299,0.113399,-23.3283,6.94558,6.19154
MOCK_S01,MOCK_S01_T1,1767312000.267,8,MOCK_CONDITION_0,,MOCK_LEVEL_0,10.5706,16.0876,-4.26053,0.0503808,0.514586,-0.321715,0.0290878,0.757697,0.0604896,0.220133,0.285508,0.0937766,0.196195,0.163832,16.5881,0.422823,-6.41868,31.2424,10.7421,242.885,0.123757,-0.00763851,0.00193466,-0.166162,0.232295,0.0231487,4.89763,3.6616,-3.63718
MOCK_S01,MOCK_S01_T1,1767312000.300,9,MOCK_CONDITION_0,,MOCK_LEVEL_0,2.53576,12.045,-1.39211,0.00500893,0.539137,-3.509,0.0191424,0.688806,0.0113923,0.0460979,-0.365348,-0.0988299,0.21852,0.255664,19.9777,0.430745,-2.8464,49.503,16.1342,218.363,0.153172,-0.0145242,0.00496209,0.264693,0.305725,0.143804,-12.2593,13.615,-5.83128
MOCK_S01,MOCK_S01_T1,1767312000.333,10,MOCK_CONDITION_0,,MOCK_LEVEL_0,-7.06846,11.3334,-8.52973,0.0652639,0.650835,-2.52676,0.0382687,0.760085,-0.284704,-0.0366168,0.154002,0.828742,0.234078,0.247668,17.3555,0.419796,-1.5865,34.2131,11.1182,208.376,0.0497659,0.00735718,0.00866014,0.0263948,0.192308,0.181553,-10.1761,12.906,4.7909
MOCK_S01,MOCK_S01_T1,1767312000.367,11,MOCK_CONDITION_0,,MOCK_LEVEL_0,-0.086806,-17.9807,-7.51836,0.137986,0.502724,-8.86479,0.0266603,0.555219,-0.575274,0.105735,0.0409817,0.382912,0.00158405,0.207756,3.31208,0.466374,0.0497437,25.1047,14.262,187.709,0.108296,0.0127708,0.0202425,-0.00975003,0.0946863,0.140015,-25.593,-4.12381,1.49411
MOCK_S01,MOCK_S01_T1,1767312000.400,12,MOCK_CONDITION_0,,MOCK_LEVEL_0,18.0797,4.96187,7.26172,0.116611,0.599803,-5.81048,0.0290659,0.988749,0.117546,0.151117,-0.0678833,0.0153719,0.328079,0.211772,14.6395,0.415946,4.38313,40.2418,15.6708,108.398,0.049127,-0.0177888,0.00174666,-0.0626571,0.288048,0.142433,7.99819,-11.8508,-9.59809
MOCK_S01,MOCK_S01_T1,1767312000.433,13,MOCK_CONDITION_0,,MOCK_LEVEL_0,-11.6184,10.1209,-7.37985,-0.05007,0.421324,4.87167,0.0399139,0.925051,0.282256,0.227876,-0.0940742,-0.0269439,0.123836,0.156773,19.2597,0.44563,2.38352,42.7007,16.4587,204.571,0.204891,0.0123768,0.0126771,-0.0808633,0.103877,0.108765,7.33912,-1.87402,-2.63332
MOCK_S01,MOCK_S01_T1,1767312000.467,14,MOCK_CONDITION_0,,MOCK_LEVEL_0,-15.3583,8.64709,1.32513,-0.101964,0.608943,-10.8526,0.0433521,0.601309,0.743052,0.0940043,-0.211649,0.964874,0.153396,0.346068,19.5809,0.407554,-9.04493,53.6251,16.4481,207.194,0.137452,0.00182593,0.00964491,0.0246408,0.46478,0.121667,-9.2492,2.42817,2.26431
MOCK_S01,MOCK_S01_T1,1767312000.500,15,MOCK_CONDITION_0,,MOCK_LEVEL_0,19.5879,-0.0922804,6.84545,-0.0670313,0.551898,-5.73187,0.0319129,0.628597,-0.412635,-0.00438268,-0.337385,-0.169714,0.245422,0.268494,16.792,0.41311,2.84273,46.3499,15.1072,291.358,0.124306,-0.0101859,-0.0116725,-0.259905,0.179524,0.110116,-12.9221,-31.1623,-1.4979
MOCK_S01,MOCK_S01_T1,1767312000.533,16,MOCK_CONDITION_0,,MOCK_LEVEL_0,-12.8528,-3.06072,-8.5155,0.177841,0.675665,-9.59429,0.0242452,0.881863,-0.446653,0.0086391,-0.413443,-0.354064,0.273355,0.251992,12.0758,0.463767,-2.88117,23.1183,15.4638,103.152,0.0591837,-0.00507831,-0.00168043,0.0699899,0.143768,0.124771,-18.766,-15.7514,5.43848
MOCK_S01,MOCK_S01_T1,1767312000.567,17,MOCK_CONDITION_0,,MOCK_LEVEL_0,10.6231,15.6583,4.57707,0.0613278,0.552677,1.08039,0.0494252,0.761822,0.665244,0.513826,-0.156629,0.214243,0.17367,0.238325,20.0648,0.511625,2.98382,48.3106,19.6618,142.034,0.259192,-0.0204295,0.00929457,0.116508,0.241285,-0.0463373,9.76652,6.98957,2.20288
MOCK_S01,MOCK_S01_T1,1767312000.600,18,MOCK_CONDITION_0,,MOCK_LEVEL_0,-1.55448,9.94834,-4.297,-0.0532037,0.460341,-2.15312,0.037234,0.686585,0.182377,0.122912,-0.0306884,0.225618,0.180709,0.267084,20.7822,0.522167,-9.98685,26.3,18.3966,198.261,0.17948,-0.00452744,-0.00928346,0.104723,0.348474,0.000857748,-10.4371,12.6256,-6.3549
MOCK_S01,MOCK_S01_T1,1767312000.633,19,MOCK_CONDITION_0,,MOCK_LEVEL_0,9.68949,9.77619,5.65797,-0.0741754,0.607458,-7.37409,0.0381973,0.794124,-0.363312,0.13804,0.295086,0.247576,-0.0221598,0.275217,17.4508,0.510736,2.06467,30.62,15.8629,155.886,0.165023,9.84933e-05,0.0166875,-0.0540603,0.293091,0.188324,0.915221,-0.809286,-12.2672
MOCK_S01,MOCK_S01_T1,1767312000.667,20,MOCK_CONDITION_0,,MOCK_LEVEL_0,-7.73558,-10.0938,2.46438,0.0376575,0.598574,-2.03648,0.0307624,0.825447,-0.0332268,0.484579,-0.052321,-0.0571724,0.242484,0.218785,14.2903,0.503226,-7.68277,36.1967,17.5192,136.192,0.189593,8.13503e-05,0.0103878,0.142082,0.291745,0.120976,-12.1387,-21.1332,-2.17991
MOCK_S01,MOCK_S01_T1,1767312000.700,21,MOCK_CONDITION_0,,MOCK_LEVEL_0,21.9012,16.0287,-12.2091,0.0222994,0.518802,4.57396,0.0319189,0.875553,0.102426,0.284457,-0.22887,0.31631,0.278131,0.170104,19.3783,0.439419,7.36591,44.5862,8.18431,186.147,0.0873544,0.00587127,-0.00586829,-0.0576315,0.203268,0.0957539,-2.61133,10.351,-6.08765
MOCK_S01,MOCK_S01_T1,1767312000.733,22,MOCK_CONDITION_0,,MOCK_LEVEL_0,9.92822,-0.8952,-7.47023,0.000159687,0.516471,-6.46963,0.0272919,0.742253,0.141049,0.41114,0.492262,0.171035,0.287342,0.257671,18.2021,0.491935,-4.87949,31.255,13.5758,113.493,0.170981,0.0142641,-0.00955131,-0.033792,0.159556,0.0938175,-12.4422,-17.0854,0.544333
MOCK_S01,MOCK_S01_T1,1767312000.767,23,MOCK_CONDITION_0,,MOCK_LEVEL_0,4.5375,0.462586,-1.17334,0.0757552,0.368758,-4.35182,0.0251762,0.70563,0.501409,0.202447,-0.0705743,0.044237,0.152707,0.105142,10.8367,0.542565,-8.93236,33.7935,16.1736,182.828,0.219001,-0.00642352,0.00971231,0.0233171,0.191408,0.0303355,-11.9652,-13.8796,4.46314
MOCK_S01,MOCK_S01_T1,1767312000.800,24,MOCK_CONDITION_0,,MOCK_LEVEL_0,8.41514,18.1914,-5.7106,0.0196624,0.577626,-1.75849,0.0416518,0.842297,0.482901,0.192269,-0.184314,0.0106085,0.080401,0.184921,14.737,0.526401,-1.4281,46.9975,9.70943,118.489,0.160797,-0.00588237,-0.00548451,-0.320114,0.127274,0.0306317,-4.93287,19.3132,-2.67832
MOCK_S01,MOCK_S01_T1,1767312000.833,25,MOCK_CONDITION_0,,MOCK_LEVEL_0,-2.55346,7.9142,-4.27682,0.0106353,0.652629,-1.66829,0.0287847,0.834359,-0.497014,0.469519,0.327872,0.0416741,0.0457755,0.147324,20.9676,0.455145,0.0155091,45.8099,13.9142,240.241,0.234266,-0.010701,-0.0110539,0.0343724,0.191481,0.037161,6.64464,-1.7715,2.03394
MOCK_S01,MOCK_S01_T1,1767312000.867,26,MOCK_CONDITION_0,,MOCK_LEVEL_0,-12.8878,4.26162,-5.87996,-0.0227472,0.501042,-5.06089,0.01936,0.841044,0.169474,-0.188699,-0.225117,0.12212,0.226166,0.19023,13.8247,0.468989,-4.12289,37.7602,16.9353,176.614,0.141566,-0.0222236,0.0119369,0.075971,0.29669,0.127145,-5.71918,2.0564,-0.978019
MOCK_S01,MOCK_S01_T1,1767312000.900,27,MOCK_CONDITION_0,,MOCK_LEVEL_0,0.615296,8.25958,-7.41303,-0.0770396,0.484647,-4.13296,0.0441613,0.64313,0.482149,0.0382584,0.48154,0.379647,0.227219,0.229892,13.6685,0.430565,-0.94518,36.7927,14.2397,164.701,0.217042,-0.00880271,0.0147398,0.0714165,0.282353,0.0264509,6.49391,-19.3724,0.136182
MOCK_S01,MOCK_S01_T1,1767312000.933,28,MOCK_CONDITION_0,,MOCK_LEVEL_0,-12.2687,-4.53215,-1.77754,0.103356,0.5177,-7.80688,0.0509871,0.821838,0.70686,0.199091,0.154163,-0.00313312,0.197312,0.184776,16.1477,0.459361,-6.35614,45.3459,18.6624,134.358,0.192245,-0.0133519,-0.0125373,0.0496331,0.262401,0.0810007,-16.6064,-10.6863,4.02454
MOCK_S01,MOCK_S01_T1,1767312000.967,29,MOCK_CONDITION_0,,MOCK_LEVEL_0,8.43239,0.373836,2.06977,0.0566082,0.516677,1.86828,0.0236018,0.889147,0.600793,0.520825,-0.4166,0.0869358,0.175167,0.196409,11.6454,0.475794,2.20897,50.037,15.3866,201.877,0.124712,0.00189903,0.00685463,-0.0466821,0.161817,0.154753,-16.815,-17.9277,1.34282
MOCK_S01,MOCK_S01_T2,1767315600.000,0,MOCK_CONDITION_1,,MOCK_LEVEL_1,-1.08514,11.3998,5.7933,-0.0252517,0.530023,-4.60331,0.0392082,0.824333,0.0325619,0.325547,-0.10349,-0.0528229,0.139254,0.211829,6.98113,0.453181,3.62712,41.9712,15.7244,260.742,,,,,,,,,
MOCK_S01,MOCK_S01_T2,1767315600.033,1,MOCK_CONDITION_1,,MOCK_LEVEL_1,6.87346,5.03152,-15.8956,-0.0776862,0.441023,6.39514,0.031645,1.00825,0.233803,0.368539,-0.523642,0.0380373,0.218305,0.157439,15.7306,0.413812,-5.19515,32.5088,8.31075,160.027,0.110492,0.00441663,0.00826451,-0.0952647,0.337436,-0.0126391,-4.57128,-7.81441,2.30242
MOCK_S01,MOCK_S01_T2,1767315600.067,2,MOCK_CONDITION_1,,MOCK_LEVEL_1,3.9795,18.3934,-0.195433,0.20319,0.547573,-4.07131,0.0302176,0.792874,0.324725,0.361751,-0.809092,0.00193281,0.208979,0.176198,15.9661,0.514793,10.1832,61.7011,11.8601,100.782,0.169854,0.00733012,0.000874036,-0.142155,0.52823,0.0345685,-0.772222,-0.1002,-0.0917884
MOCK_S01,MOCK_S01_T2,1767315600.100,3,MOCK_CONDITION_1,,MOCK_LEVEL_1,-10.3897,2.4408,-10.5473,0.0154926,0.53417,0.960027,0.0238206,0.710585,-0.0615734,0.278694,0.329477,0.306373,0.273939,0.23548,14.3164,0.438093,0.0576192,46.5299,16.2122,240.076,0.187443,-0.0055963,0.00973492,-0.062062,0.471305,0.159541,-13.1526,-10.3496,-0.812538
MOCK_S01,MOCK_S01_T2,1767315600.133,4,MOCK_CONDITION_1,,MOCK_LEVEL_1,2.18327,11.3841,-3.75739,-0.176725,0.51257,-0.166196,0.0342478,0.757786,0.691792,0.0324672,-0.0371331,0.550512,0.30339,0.217706,13.0818,0.356021,8.70696,44.3628,18.6148,190.812,0.133763,-0.00632398,-0.00200119,0.0731923,0.342802,0.0828451,-8.87204,7.97944,4.36664
MOCK_S01,MOCK_S01_T2,1767315600.167,5,MOCK_CONDITION_1,,MOCK_LEVEL_1,-4.98982,-18.7716,-1.6572,-0.112457,0.601449,3.67972,0.0295646,0.900198,0.0628386,0.295315,-0.242503,0.236003,0.115415,0.179536,18.3498,0.329347,9.14807,34.6121,12.6029,113.339,0.107156,-0.00172247,0.0129551,-0.0387986,0.458147,0.125965,1.29362,-5.4189,0.29969
MOCK_S01,MOCK_S01_T2,1767315600.200,6,MOCK_CONDITION_1,,MOCK_LEVEL_1,-1.72744,-0.963951,-0.524271,0.0656283,0.454762,-9.75924,0.0394818,0.937925,0.293538,0.314722,0.169423,0.292358,0.376774,0.274223,26.0081,0.421359,-15.0805,40.184,16.5854,264.808,0.0959732,-0.0157254,-0.00302682,0.0573864,0.254473,0.113783,-17.9616,-8.14143,4.15781
MOCK_S01,MOCK_S01_T2,1767315600.233,7,MOCK_CONDITION_1,,MOCK_LEVEL_1,0.43366,1.58762,-4.53278,0.0519578,0.613346,2.47036,0.0219262,0.591991,0.74019,-0.0135988,-0.381781,-0.475979,0.272925,0.219171,16.0574,0.48728,2.44256,32.7706,13.5624,205.738,0.0938641,-0.0070601,0.0083444,-0.0835364,0.359756,0.110647,-0.842434,6.27612,4.88212
MOCK_S01,MOCK_S01_T2,1767315600.267,8,MOCK_CONDITION_1,,MOCK_LEVEL_1,11.0294,-5.1324,2.65877,0.131522,0.59697,0.121045,0.0330825,0.804891,,,,,,,19.8293,0.441274,-1.78349,35.0169,8.86077,219.491,0.110521,-0.00138121,-3.66586e-05,0.0661893,0.24002,0.0401579,-15.226,-5.8167,0.868972
MOCK_S01,MOCK_S01_T2,1767315600.300,9,MOCK_CONDITION_1,,MOCK_LEVEL_1,-3.04597,2.61176,4.08734,-0.130323,0.511977,0.794567,0.0184261,0.769258,0.342669,0.279003,0.227973,-0.0948505,0.245232,0.223286,8.47364,0.481574,-5.75855,52.9652,12.3843,233.972,0.116126,-0.00408479,0.00581371,-0.198227,0.285029,0.0892685,-2.25975,-0.500462,-3.8886
MOCK_S01,MOCK_S01_T2,1767315600.333,10,MOCK_CONDITION_1,,MOCK_LEVEL_1,-7.64755,11.6627,-5.68155,-0.0854896,0.459974,9.10373,0.0368119,0.88958,1.04792,-0.00220903,-0.447083,0.014007,0.176133,0.229598,17.575,0.460722,-4.03579,36.4242,15.7761,202.525,0.136489,0.00121751,0.0171624,-0.121892,0.474277,0.0637427,-23.5317,11.5884,-1.12259
MOCK_S01,MOCK_S01_T2,1767315600.367,11,MOCK_CONDITION_1,,MOCK_LEVEL_1,11.6686,11.3005,-7.91019,0.0446657,0.568469,-12.5148,0.0327198,0.94882,0.273659,0.423458,-0.297322,0.179229,0.290355,0.244541,16.2978,0.432567,-3.32677,41.0056,15.085,110.198,0.155559,-0.00258635,0.00418802,-0.125543,0.494558,0.157613,-9.31567,-11.8064,4.58254
MOCK_S01,MOCK_S01_T2,1767315600.400,12,MOCK_CONDITION_1,,MOCK_LEVEL_1,12.2564,16.8236,0.67297,0.0482194,0.530775,-4.03436,0.0392764,0.650259,0.129387,0.340509,-0.23949,-0.0385622,-0.0320169,0.25745,10.3604,0.495057,2.13293,25.0649,12.1656,186.693,0.151683,0.00120679,-0.00695944,-0.140667,0.165463,0.0971019,3.84198,15.6634,-10.4937
MOCK_S01,MOCK_S01_T2,1767315600.433,13,MOCK_CONDITION_1,,MOCK_LEVEL_1,2.53185,7.78265,0.152126,0.00316193,0.568439,2.84006,0.0297944,0.823665,-0.229451,0.188115,0.425729,0.409591,0.246946,0.18855,11.4306,0.426316,-1.48649,28.1983,13.471,190.858,0.10877,-0.0220504,-0.003041,-0.0833313,0.237145,0.177002,-16.3032,-6.40144,7.27205
MOCK_S01,MOCK_S01_T2,1767315600.467,14,MOCK_CONDITION_1,,MOCK_LEVEL_1,-2.11376,16.0695,-16.2283,0.170466,0.52195,-6.04236,0.0352729,0.857653,-0.0678938,0.471786,-0.61183,-0.286204,0.298199,0.250583,12.051,0.442142,-2.0999,34.4597,15.4127,217.874,0.116959,-0.000200178,0.00928603,-0.068595,0.377367,0.139925,-3.94806,-14.3045,-1.15226
MOCK_S01,MOCK_S01_T2,1767315600.500,15,MOCK_CONDITION_1,,MOCK_LEVEL_1,-6.13591,-1.53449,-0.961879,-0.0221083,0.513178,3.89948,0.0463838,0.836989,0.232887,0.308136,0.20388,0.358077,0.215984,0.197799,10.4062,0.485638,2.08122,49.2245,13.9775,208.547,0.212682,0.00664075,0.012436,-0.00438803,0.338048,0.150247,9.56362,7.66697,0.204005
MOCK_S01,MOCK_S01_T2,1767315600.533,16,MOCK_CONDITION_1,,MOCK_LEVEL_1,-10.7642,10.5968,9.68634,0.112255,0.503857,4.39277,0.0303661,0.822032,0.245069,0.335617,-0.45913,0.167434,0.237404,0.145417,17.2609,0.415948,0.410965,39.7062,11.8835,236.143,0.0717881,0.0116888,-0.0178541,-0.0387323,0.430856,0.140932,-14.0171,-15.6335,-2.46918
MOCK_S01,MOCK_S01_T2,1767315600.567,17,MOCK_CONDITION_1,,MOCK_LEVEL_1,18.2035,12.643,3.94553,-0.0501845,0.391623,-5.04339,0.0336536,0.710031,0.0311215,0.0724504,-0.343892,-0.265021,0.0936505,0.239343,11.6468,0.433572,14.525,44.7205,12.884,143.433,0.160628,-0.00125434,-0.00838013,-0.0446737,0.429834,0.135588,-16.6252,1.40634,1.73512
MOCK_S01,MOCK_S01_T2,1767315600.600,18,MOCK_CONDITION_1,,MOCK_LEVEL_1,6.57105,13.064,-10.5414,-0.0680845,0.563231,-0.3833,0.0298227,0.913095,0.050105,0.313176,0.187175,0.259201,0.289823,0.272529,14.0165,0.439444,-0.012301,22.6849,20.0254,217.501,0.055306,0.00180274,0.00429128,0.199487,0.421359,0.0864396,5.02813,5.42773,-0.165525
MOCK_S01,MOCK_S01_T2,1767315600.633,19,MOCK_CONDITION_1,,MOCK_LEVEL_1,-5.11912,3.59586,-0.17214,0.0147208,0.537463,4.8183,0.0349533,0.819485,0.466772,-0.0719455,-0.189356,0.403813,0.118819,0.196322,15.6777,0.485928,-1.53511,58.3901,14.7515,219.04,0.186106,-0.000804482,-0.00314295,-0.0488766,0.456075,0.0609402,-19.8002,10.4739,-5.51232
MOCK_S01,MOCK_S01_T2,1767315600.667,20,MOCK_CONDITION_1,,MOCK_LEVEL_1,-10.603,30.8028,-6.46038,-0.02621,0.618382,-4.16915,0.0532584,0.785321,,,,,,,12.8383,0.388907,2.62337,42.2769,9.90305,223.282,0.0532346,-0.00554671,-0.00738948,-0.107613,0.348645,0.0683529,12.8172,18.1742,0.895255
MOCK_S01,MOCK_S01_T2,1767315600.700,21,MOCK_CONDITION_1,,MOCK_LEVEL_1,3.44145,4.28119,-3.5132,0.17039,0.524199,-2.26525,0.0337581,0.66996,-0.197549,0.321955,0.162099,-0.0734953,0.140847,0.1687,19.121,0.498419,-3.76417,44.6767,18.449,169.963,0.0304658,-0.00384886,0.0278471,0.00997832,0.341786,0.0813917,6.95029,8.41429,6.40065
MOCK_S01,MOCK_S01_T2,1767315600.733,22,MOCK_CONDITION_1,,MOCK_LEVEL_1,-1.58116,15.847,-0.40205,0.131409,0.617963,5.01247,0.0408555,0.7853,-0.051226,0.351273,0.235751,-0.020865,0.365518,0.153575,11.4548,0.404724,-5.43791,40.6001,11.0252,51.965,0.206184,0.000929351,0.0111906,0.0777469,0.388081,0.0787388,3.66841,-13.0054,-4.3634
MOCK_S01,MOCK_S01_T2,1767315600.767,23,MOCK_CONDITION_1,,MOCK_LEVEL_1,11.5301,2.49848,2.86657,0.0197615,0.602171,3.59979,0.0422427,0.930344,-0.442379,0.477092,-0.128025,0.360613,0.189927,0.209183,14.9256,0.504922,-6.11223,52.6891,15.8959,82.5271,0.0333903,-0.0125621,0.0115706,0.0601669,0.384572,0.0841,1.78556,7.53264,-0.43467
MOCK_S01,MOCK_S01_T2,1767315600.800,24,MOCK_CONDITION_1,,MOCK_LEVEL_1,5.98197,-9.27201,3.2039,-0.257959,0.559598,-3.51375,0.0308399,0.685571,0.0784216,0.116843,0.388178,0.476696,0.186297,0.136789,7.61715,0.441554,4.97067,30.5446,14.2698,234.407,0.153916,-0.00427219,0.0142959,-0.0819708,0.22909,0.0810717,-3.77162,-0.648124,-4.76329
MOCK_S01,MOCK_S01_T2,1767315600.833,25,MOCK_CONDITION_1,,MOCK_LEVEL_1,-1.98539,15.9075,-7.09568,0.0016718,0.562854,2.82884,0.0264506,0.582893,,,,,,,29.6933,0.441163,0.316582,36.9588,11.4392,278.9,0.105944,0.000754867,-0.00514688,0.0766345,0.389615,0.0230562,1.4486,6.74625,-4.84663
MOCK_S01,MOCK_S01_T2,1767315600.867,26,MOCK_CONDITION_1,,MOCK_LEVEL_1,12.8397,7.34256,-10.449,0.0165798,0.574424,1.14829,0.0305244,0.623369,0.00735193,0.0398794,0.511123,0.0228243,0.0668945,0.225457,16.8478,0.44557,-1.03983,47.332,12.1383,165.981,0.20441,0.000269972,0.00473625,0.0442368,0.273601,0.0184706,-0.906691,31.1592,-0.307186
MOCK_S01,MOCK_S01_T2,1767315600.900,27,MOCK_CONDITION_1,,MOCK_LEVEL_1,-0.300021,-6.30377,0.595505,-0.0220972,0.525796,-9.57741,0.0286223,0.682019,,,,,,,15.9062,0.503391,-3.54412,28.2666,16.6648,200.172,0.164004,-0.00840684,-0.0107528,-0.0697696,0.272798,0.1288,-9.18896,17.3311,-1.43473
MOCK_S01,MOCK_S01_T2,1767315600.933,28,MOCK_CONDITION_1,,MOCK_LEVEL_1,17.8407,19.484,-6.70407,0.000185347,0.520265,-3.40053,0.0263312,0.780926,-0.01544,0.182394,0.113995,0.0323502,0.142062,0.172913,9.68654,0.455557,3.0995,43.0695,16.7103,176.648,0.192522,-0.00704116,-0.000673962,0.0201249,0.37721,0.115637,-17.5612,-4.54978,-1.21282
MOCK_S01,MOCK_S01_T2,1767315600.967,29,MOCK_CONDITION_1,,MOCK_LEVEL_1,12.3665,14.3984,4.92673,0.102187,0.480737,-2.91251,0.0103906,0.819816,-0.163698,0.31709,0.0111864,0.129386,0.0623855,0.188824,24.0227,0.451036,-7.02915,56.3228,16.0566,189.373,0.124351,-0.0117319,-0.000766147,-0.161348,0.324816,0.0439094,-24.9457,-2.49408,-2.54255
MOCK_S01,MOCK_S01_T3,1767319200.000,0,MOCK_CONDITION_2,,MOCK_LEVEL_2,5.30815,3.81335,-6.52841,-0.0502086,0.505352,10.018,0.0456071,0.669987,,,,,,,15.2995,0.43011,0.389625,42.0949,18.5418,163.903,,,,,,,,,
MOCK_S01,MOCK_S01_T3,1767319200.033,1,MOCK_CONDITION_2,,MOCK_LEVEL_2,3.68782,13.2719,-2.41608,-0.0985796,0.514656,5.08936,0.0365772,0.771631,0.0707782,0.379139,-0.0552338,-0.0270186,0.114226,0.279907,12.9459,0.474579,3.82569,34.0003,13.6688,257.15,0.0930587,-0.0170462,0.00748255,0.0387409,0.67782,0.0886435,-3.56623,-10.4107,-7.62894
MOCK_S01,MOCK_S01_T3,1767319200.067,2,MOCK_CONDITION_2,,MOCK_LEVEL_2,9.9367,18.4834,-1.51221,0.0229625,0.483082,-6.33461,0.0305284,0.918058,-0.156818,0.216074,0.317663,-0.336565,0.210285,0.182728,8.37586,0.470937,-5.05777,42.907,10.1843,144.874,0.196743,-0.00853959,0.00585197,0.0337181,0.387905,0.0686948,-20.2644,-0.965321,-2.76448
MOCK_S01,MOCK_S01_T3,1767319200.100,3,MOCK_CONDITION_2,,MOCK_LEVEL_2,26.3579,7.35809,2.14278,-0.104313,0.489129,8.23401,0.0221358,0.856129,0.271195,0.104529,-0.65823,0.166216,0.136885,0.192684,11.3683,0.398547,4.40787,40.3225,14.3076,187.06,0.166534,0.00331471,0.000302468,-0.0493641,0.308971,0.181965,-10.1544,-4.99908,4.46463
MOCK_S01,MOCK_S01_T3,1767319200.133,4,MOCK_CONDITION_2,,MOCK_LEVEL_2,17.6419,2.94696,-10.943,0.0238517,0.442035,-4.27936,0.0362235,0.618657,0.611406,0.161682,-0.0890798,-0.184937,0.232785,0.315276,12.0731,0.413604,1.0703,34.3012,15.6742,150.769,0.151291,0.0058626,0.00933026,0.0464381,0.465205,0.0393134,-9.37559,-3.74566,-2.77276
MOCK_S01,MOCK_S01_T3,1767319200.167,5,MOCK_CONDITION_2,,MOCK_LEVEL_2,0.377932,3.63061,-2.39892,0.17723,0.567699,-4.94631,0.0350969,0.818917,0.0859863,0.202578,0.377352,-0.284852,0.308131,0.154061,14.9486,0.502538,-2.76582,53.1538,11.8391,267.233,0.190233,-0.0164158,0.0117141,0.129271,0.456639,0.0760927,-12.9675,-6.37384,-4.1808
MOCK_S01,MOCK_S01_T3,1767319200.200,6,MOCK_CONDITION_2,,MOCK_LEVEL_2,19.1166,11.0376,0.541807,0.115018,0.554968,-2.4024,0.0378092,0.853528,0.559742,0.0408065,0.0506859,0.201482,0.217404,0.254327,20.3363,0.48666,-2.55018,49.123,10.5022,161.898,0.166655,-0.00653252,-0.00189893,-0.00200882,0.237238,0.0991055,-20.6336,8.27836,0.511273
MOCK_S01,MOCK_S01_T3,1767319200.233,7,MOCK_CONDITION_2,,MOCK_LEVEL_2,9.42944,6.15493,-0.795488,0.0368474,0.516229,12.0138,0.0311927,0.771275,-0.328035,-0.117097,-0.0228094,-0.00210642,0.220547,0.266704,14.6858,0.510184,-6.86162,15.3563,12.457,103.551,0.0997267,-0.0152185,0.00023799,-0.0573551,0.307203,-0.00301233,-6.24069,-1.69779,-1.46313
MOCK_S01,MOCK_S01_T3,1767319200.267,8,MOCK_CONDITION_2,,MOCK_LEVEL_2,12.0683,8.96618,-4.93672,-0.054673,0.525195,8.08713,0.0437191,0.707724,0.114388,0.637296,-0.289733,-0.0513761,0.333835,0.181607,21.6374,0.419908,2.66515,37.6998,17.4442,187.3,0.205159,0.00394167,0.000742626,-0.0611729,0.602268,0.055124,-21.4653,-9.10673,1.22808
MOCK_S01,MOCK_S01_T3,1767319200.300,9,MOCK_CONDITION_2,,MOCK_LEVEL_2,5.91403,13.0557,6.2579,-0.0402014,0.489434,3.2155,0.0502013,0.846426,,,,,,,18.8724,0.427648,-4.21737,57.4528,13.7466,189.913,0.120324,-0.00126569,0.00958347,0.0514605,0.343069,0.0800874,-20.1576,6.51338,-0.0910944
MOCK_S01,MOCK_S01_T3,1767319200.333,10,MOCK_CONDITION_2,,MOCK_LEVEL_2,7.27344,-10.9251,-4.50814,0.0284375,0.543145,1.85636,0.0460586,0.812631,0.0741441,0.354868,-0.0265183,0.518956,0.249277,0.201981,13.5561,0.459814,-0.248569,45.729,11.6216,55.0963,0.153194,0.0021664,0.00648387,0.0668034,0.462223,0.0456901,-1.79943,-16.5883,4.76871
MOCK_S01,MOCK_S01_T3,1767319200.367,11,MOCK_CONDITION_2,,MOCK_LEVEL_2,10.5257,11.7727,-4.63488,-0.0263245,0.493766,-0.662452,0.042769,1.01222,0.454244,0.0935745,-0.212691,0.339659,0.17288,0.158611,12.4827,0.447738,-10.6524,27.1055,15.0041,307.002,0.162175,0.00717989,-0.00245943,0.125164,0.408021,0.160012,-19.2092,4.29971,-0.407998
MOCK_S01,MOCK_S01_T3,1767319200.400,12,MOCK_CONDITION_2,,MOCK_LEVEL_2,11.6759,17.9449,-7.0607,-0.0831375,0.51139,10.45,0.0319847,0.678882,-0.0592977,0.187917,-0.370925,0.181723,0.243621,0.2247,13.5296,0.470374,-3.57214,37.8561,16.2022,141.968,0.134075,-0.00319824,-0.00383641,0.13735,0.389093,0.084819,-1.18062,-1.1588,-8.12507
MOCK_S01,MOCK_S01_T3,1767319200.433,13,MOCK_CONDITION_2,,MOCK_LEVEL_2,7.21925,-14.7216,-2.1467,-0.0605677,0.586826,-11.6174,0.0468479,0.600068,-0.0821799,0.317444,0.400317,-0.214667,-0.108112,0.212504,14.6081,0.45518,5.4646,54.5593,14.2888,158.415,0.136033,0.0145548,-0.0134824,-0.217897,0.529141,0.0866928,1.65872,-3.61683,1.96368
MOCK_S01,MOCK_S01_T3,1767319200.467,14,MOCK_CONDITION_2,,MOCK_LEVEL_2,7.68578,1.99047,-5.70209,-0.0145131,0.39788,-1.86096,0.015625,0.648472,0.0912349,-0.28509,-0.447506,0.514274,0.180321,0.233978,16.7546,0.461876,2.45273,28.8348,13.1259,185.964,0.252191,-0.00635534,0.00337906,0.170849,0.455653,0.00652839,-28.8172,13.376,-2.46662
MOCK_S01,MOCK_S01_T3,1767319200.500,15,MOCK_CONDITION_2,,MOCK_LEVEL_2,19.6727,-0.93973,-3.32715,0.0976509,0.554753,-11.1748,0.0187487,0.749081,-0.0149975,0.180297,0.199114,0.0436621,0.0621823,0.251066,16.4676,0.443858,6.51602,46.6938,14.8735,169.141,0.180612,-0.0104387,0.00161638,0.0630095,0.548615,0.0852175,-18.4551,0.926558,-1.87395
MOCK_S01,MOCK_S01_T3,1767319200.533,16,MOCK_CONDITION_2,,MOCK_LEVEL_2,9.12238,-11.5659,-3.48632,0.00556647,0.485917,2.11358,0.0288447,0.709095,0.0201418,0.282579,-0.0340142,0.343505,0.0174279,0.263926,17.0489,0.454465,-8.27857,52.731,13.6516,231.036,0.10951,0.00363285,0.0033073,-0.0949425,0.541487,0.037227,0.518821,-8.54501,7.09457
MOCK_S01,MOCK_S01_T3,1767319200.567,17,MOCK_CONDITION_2,,MOCK_LEVEL_2,13.3549,4.75748,0.802873,-0.0332333,0.46054,7.1592,0.0342254,0.706837,0.684983,0.432933,-0.390676,-0.470402,0.226983,0.2452,21.5076,0.494624,-2.69024,42.5782,15.7836,103.916,0.136107,-0.0087953,0.00593975,-0.00496542,0.360699,0.0445331,-10.1933,-1.74821,-0.141948
MOCK_S01,MOCK_S01_T3,1767319200.600,18,MOCK_CONDITION_2,,MOCK_LEVEL_2,9.25378,6.39164,-0.27889,-0.022812,0.565217,3.44687,0.0362097,0.716067,0.297843,0.1841,0.14161,-0.206504,0.167958,0.138609,16.7455,0.426431,3.99927,34.0897,12.0619,240.898,0.172248,-0.00307976,0.000655914,-0.0619924,0.373373,0.0661848,-19.6965,-9.61278,3.24378
MOCK_S01,MOCK_S01_T3,1767319200.633,19,MOCK_CONDITION_2,,MOCK_LEVEL_2,12.9437,-2.5931,10.7682,0.0578507,0.428818,-0.190951,0.0230501,0.86676,-0.117258,0.31392,0.0648227,0.311669,0.317688,0.163636,12.6702,0.415633,-8.235,31.2687,15.4789,159.775,0.019618,0.00654838,0.0126137,0.0723174,0.173165,0.114899,20.8019,-10.9181,2.79373
MOCK_S01,MOCK_S01_T3,1767319200.667,20,MOCK_CONDITION_2,,MOCK_LEVEL_2,12.7727,2.59111,-2.41894,-0.0336543,0.450073,6.66043,0.0298917,0.824573,-0.0818056,0.485175,0.0286154,-0.0123183,0.232563,0.19406,18.0516,0.434798,1.80941,37.5749,14.2051,-15.0428,0.156574,-0.00349428,0.00412389,0.187888,0.444231,0.0282419,0.946378,-2.96534,5.33666
MOCK_S01,MOCK_S01_T3,1767319200.700,21,MOCK_CONDITION_2,,MOCK_LEVEL_2,17.6547,7.3801,-8.18434,0.0315745,0.508559,-3.70795,0.0301211,0.781875,-0.552623,0.260306,-0.189312,-0.464642,0.153804,0.246184,19.713,0.458918,3.14938,49.1136,15.8806,155.736,0.088044,-0.0132972,-0.0154694,-0.059441,0.438854,0.139477,-13.8994,0.451372,-9.23708
MOCK_S01,MOCK_S01_T3,1767319200.733,22,MOCK_CONDITION_2,,MOCK_LEVEL_2,15.1144,-4.27531,-8.43549,0.0943582,0.583593,-2.39791,0.030714,0.724258,-0.419564,-0.124449,-0.390363,-0.102113,0.321291,0.31602,9.31478,0.449071,6.68211,46.1103,19.1593,205.646,0.136047,0.00886034,-0.0221287,0.0191428,0.289685,0.021427,-5.60959,-7.75706,-5.42086
MOCK_S01,MOCK_S01_T3,1767319200.767,23,MOCK_CONDITION_2,,MOCK_LEVEL_2,-1.33115,22.993,7.03542,0.0517701,0.535256,-3.80727,0.0329875,0.813843,0.651757,0.0961525,0.0605001,0.0683111,0.222036,0.293378,12.5552,0.488013,2.42908,37.2033,11.9616,67.8336,0.0945685,0.00308383,0.0116696,-0.0880234,0.630359,0.0926235,1.67118,6.00458,-3.96233
MOCK_S01,MOCK_S01_T3,1767319200.800,24,MOCK_CONDITION_2,,MOCK_LEVEL_2,28.26,5.9517,0.672854,-0.00534125,0.480593,-12.8125,0.0237467,0.716018,0.376276,0.167877,-0.281457,-0.0398809,0.152052,0.145681,12.1342,0.542667,-5.09326,61.66,15.4034,152.332,0.147537,0.00677671,-0.0114241,0.108031,0.429029,0.0891452,-9.83693,5.57963,2.72594
MOCK_S01,MOCK_S01_T3,1767319200.833,25,MOCK_CONDITION_2,,MOCK_LEVEL_2,16.9939,0.941236,1.93651,0.0764285,0.593026,0.948465,0.0255212,0.787326,-0.230575,0.152852,-0.788452,0.341184,0.302555,0.213793,17.7271,0.436687,-0.93688,49.8092,12.4786,191.753,0.111967,-0.00840054,-0.00546371,-0.131585,0.374623,0.0697682,-3.38864,1.37749,-7.20417
MOCK_S01,MOCK_S01_T3,1767319200.867,26,MOCK_CONDITION_2,,MOCK_LEVEL_2,17.7719,8.72003,-4.85,-0.077102,0.563313,1.19474,0.0163738,0.663164,-0.19896,0.355479,-0.0345891,0.240635,0.0794313,0.154324,15.1551,0.435191,-4.52565,45.0825,16.7654,165.808,0.207747,-0.00109404,0.00874345,0.0235144,0.467437,0.124163,-15.8903,-4.29327,-7.02621
MOCK_S01,MOCK_S01_T3,1767319200.900,27,MOCK_CONDITION_2,,MOCK_LEVEL_2,2.40054,6.14522,-6.465,0.0852619,0.604332,-3.03934,0.0285429,0.701259,0.130911,0.135754,-0.647091,0.0327002,0.252407,0.236196,13.6752,0.477947,-1.44029,40.254,14.2606,159.98,0.133088,-0.00282527,-0.00164895,0.139589,0.410799,0.122466,-8.5939,0.452128,8.21879
MOCK_S01,MOCK_S01_T3,1767319200.933,28,MOCK_CONDITION_2,,MOCK_LEVEL_2,16.3508,12.209,-7.41256,0.195964,0.599827,6.27071,0.0183202,0.736729,,,,,,,23.5137,0.436766,-10.1318,55.922,15.1276,215.518,0.109343,0.0014559,0.00369561,-0.173776,0.350359,0.0894658,-11.8894,2.96178,6.27767
MOCK_S01,MOCK_S01_T3,1767319200.967,29,MOCK_CONDITION_2,,MOCK_LEVEL_2,18.2604,-4.40992,-7.2418,0.0373463,0.516613,-5.43907,0.0391857,0.77155,0.438793,-0.0552393,-0.155134,0.288232,0.226851,0.228038,15.2366,0.496325,-3.74359,48.6502,19.7065,301.359,0.117512,0.00394773,0.0161559,0.0414101,0.334957,0.110922,8.72956,-10.7935,-5.50301
MOCK_S02,MOCK_S02_T1,1767398400.000,0,MOCK_CONDITION_0,,MOCK_LEVEL_0,-9.57934,-2.34314,8.88575,0.00294175,0.524232,-5.39033,0.00665278,0.602587,0.275185,0.558834,0.23772,-0.0859359,0.0849874,0.202479,17.9334,0.447446,-3.53166,32.1548,16.8257,248.605,,,,,,,,,
MOCK_S02,MOCK_S02_T1,1767398400.033,1,MOCK_CONDITION_0,,MOCK_LEVEL_0,-14.8528,-15.5057,0.140923,-0.0676252,0.474404,4.74605,0.0352373,0.616092,0.310186,0.626941,0.0559121,0.105868,0.134241,0.219886,3.56934,0.435856,2.91901,45.8173,13.4337,73.0024,0.172419,0.0254841,0.00492116,-0.0615204,0.15645,0.0666641,8.6475,-9.16674,-2.93606
MOCK_S02,MOCK_S02_T1,1767398400.067,2,MOCK_CONDITION_0,,MOCK_LEVEL_0,2.63645,15.2766,-6.2294,-0.0898668,0.565637,-1.64715,0.0377165,0.898136,-0.085067,0.426906,0.390808,-0.127358,0.0841736,0.168962,18.9393,0.455493,-2.40797,45.6611,14.9307,119.575,0.136238,0.00607452,0.00869521,0.0595682,0.118737,0.0395851,22.6672,-4.15707,-1.15996
MOCK_S02,MOCK_S02_T1,1767398400.100,3,MOCK_CONDITION_0,,MOCK_LEVEL_0,-5.04409,-1.05986,10.1013,-0.116305,0.57597,8.12396,0.0310381,0.727377,-0.254755,0.642297,0.352281,-0.079005,0.211809,0.189246,11.418,0.440979,2.91083,30.0006,14.1618,189.72,0.206427,-0.000589539,0.0028092,0.000950736,0.367919,0.0652287,9.78338,-11.438,-7.80817
MOCK_S02,MOCK_S02_T1,1767398400.133,4,MOCK_CONDITION_0,,MOCK_LEVEL_0,11.9393,6.51066,8.13901,-0.184526,0.520519,3.87969,0.0367302,0.637357,0.108515,0.313481,0.0731865,-0.0414734,0.319535,0.190899,14.1162,0.474003,-1.2624,38.4947,15.8212,149.734,0.12101,-0.00117663,0.00737282,0.0747025,-0.0334331,0.14473,3.38782,5.0296,-2.68598
MOCK_S02,MOCK_S02_T1,1767398400.167,5,MOCK_CONDITION_0,,MOCK_LEVEL_0,4.72908,15.0577,0.728456,-0.122272,0.646558,-1.60872,0.0330848,0.725744,0.025083,0.545101,0.503777,-0.566861,0.176061,0.185572,8.28857,0.479678,1.93654,45.5962,14.5691,222.931,-0.0156733,0.00895293,0.0025909,0.0271576,0.378341,0.135859,8.07394,-9.31179,-1.01418
MOCK_S02,MOCK_S02_T1,1767398400.200,6,MOCK_CONDITION_0,,MOCK_LEVEL_0,-11.6286,-0.483914,0.837333,-0.00517842,0.572675,-2.37182,0.0307263,0.702721,0.16937,0.111472,0.282542,-0.346882,0.315313,0.154517,8.57975,0.437303,0.173304,48.6629,13.0198,178.924,0.170882,-0.0108525,-0.00457166,-0.0986456,0.0266942,0.163531,28.3178,-13.6592,-9.34905
MOCK_S02,MOCK_S02_T1,1767398400.233,7,MOCK_CONDITION_0,,MOCK_LEVEL_0,-4.00975,6.79048,3.37037,-0.0484445,0.561433,4.43658,0.0244034,0.39317,-0.167532,0.292382,0.285032,0.0330893,0.361081,0.256923,15.0492,0.476191,-4.82896,44.9422,14.3149,185.964,0.194391,-0.00356181,-0.00425865,-0.273283,0.184778,0.045938,35.3993,13.676,6.3389
MOCK_S02,MOCK_S02_T1,1767398400.267,8,MOCK_CONDITION_0,,MOCK_LEVEL_0,4.65144,-0.43552,0.763965,-0.0990372,0.626963,2.17723,0.0302032,0.663332,0.248762,0.272975,-0.751997,-0.0924184,0.226722,0.197977,7.79197,0.428191,-1.62759,28.0154,14.0034,256.15,0.16625,0.0196611,0.0167935,0.0757573,0.0827183,0.0800297,2.8177,12.0484,8.96158
MOCK_S02,MOCK_S02_T1,1767398400.300,9,MOCK_CONDITION_0,,MOCK_LEVEL_0,-8.98048,-9.51424,-1.50245,-0.00951613,0.47906,-1.4896,0.0289975,0.719361,0.273755,0.291543,-0.184313,-0.165894,0.330269,0.192442,17.6049,0.473019,0.516591,28.4226,16.3046,127.404,0.0767842,0.00377805,0.0200578,0.0276019,0.0980553,0.165038,-6.83901,-4.21981,-0.625751
MOCK_S02,MOCK_S02_T1,1767398400.333,10,MOCK_CONDITION_0,,MOCK_LEVEL_0,-3.38697,15.375,7.44191,-0.0784883,0.577576,-6.14134,0.0292328,0.713687,0.122126,0.140004,0.217497,0.410759,0.0776054,0.198901,12.5376,0.484806,-2.48879,36.7888,15.554,218.017,0.0900624,0.0180134,0.00654028,-0.0677894,0.0825754,0.145751,0.400725,9.16389,8.78495
MOCK_S02,MOCK_S02_T1,1767398400.367,11,MOCK_CONDITION_0,,MOCK_LEVEL_0,2.08392,-3.41683,-0.904828,-0.182616,0.614349,3.36032,0.0321945,0.731897,-0.094765,0.286764,-0.208437,0.0484267,0.0923029,0.213578,2.37594,0.442082,-3.29707,41.0645,12.1509,199.199,0.151553,0.00455218,0.00515277,0.0668098,0.0379157,0.181387,12.7189,10.0417,0.319624
MOCK_S02,MOCK_S02_T1,1767398400.400,12,MOCK_CONDITION_0,,MOCK_LEVEL_0,-13.8853,7.12853,3.84653,0.0163818,0.51191,4.70259,0.0100192,0.655576,0.531299,0.413876,0.0464193,-0.0542283,0.142703,0.187258,14.186,0.517114,1.43291,40.7151,10.7688,222.233,0.0716154,0.00640945,-0.000680637,-0.0154134,0.0796452,0.123911,21.5946,-8.51097,-0.2686
MOCK_S02,MOCK_S02_T1,1767398400.433,13,MOCK_CONDITION_0,,MOCK_LEVEL_0,-11.5791,18.0656,3.39188,-0.11055,0.582923,6.97329,0.0335274,0.653541,0.192766,0.35476,0.659552,0.114143,0.304714,0.196508,14.173,0.439892,7.94356,20.7406,14.7264,157.905,0.115001,0.0181334,-0.014085,-0.0388759,0.0602152,0.131805,-25.1832,3.71696,-8.63348
MOCK_S02,MOCK_S02_T1,1767398400.467,14,MOCK_CONDITION_0,,MOCK_LEVEL_0,-0.820173,6.24502,-5.29549,-0.0867359,0.470721,-4.79294,0.0247345,0.791333,-0.406578,0.340373,-0.272513,0.0146343,0.210856,0.168441,12.4141,0.556126,-1.98438,66.4927,14.7397,231.483,0.211208,-0.00839038,-0.00334624,0.00787882,0.232518,0.0509988,-6.38481,-16.3507,-2.55098
MOCK_S02,MOCK_S02_T1,1767398400.500,15,MOCK_CONDITION_0,,MOCK_LEVEL_0,-7.7109,22.9515,-10.6611,0.0529635,0.563872,9.2955,0.0324785,0.638072,0.122964,0.36257,0.0620091,0.713307,0.0551153,0.161889,9.12101,0.482273,3.63467,39.0209,13.4468,114.348,0.178591,0.00871886,0.00484352,-0.149068,0.0971876,0.0394504,18.4117,-2.71771,-2.77566
MOCK_S02,MOCK_S02_T1,1767398400.533,16,MOCK_CONDITION_0,,MOCK_LEVEL_0,2.24778,-1.87202,8.46185,-0.0541622,0.616873,2.55327,0.039404,0.519077,0.250276,0.0948562,-0.131772,0.0467642,0.170201,0.24478,9.39386,0.460572,2.14636,49.4321,14.7324,113.486,0.0936509,-0.00937672,0.00556798,-0.100926,0.0581449,0.128095,16.0464,2.32514,-2.70284
MOCK_S02,MOCK_S02_T1,1767398400.567,17,MOCK_CONDITION_0,,MOCK_LEVEL_0,1.78983,10.6113,5.23685,-0.185109,0.448207,1.81407,0.0234157,0.7129,-0.00948117,0.418776,-0.455412,0.465498,0.148804,0.0748953,5.49719,0.483348,2.1468,37.3972,11.9192,128.595,0.133115,0.00879787,-0.0213277,-0.0376278,0.188042,0.084355,-10.7988,5.85465,-6.5997
MOCK_S02,MOCK_S02_T1,1767398400.600,18,MOCK_CONDITION_0,,MOCK_LEVEL_0,-5.15167,18.683,-0.687556,-0.107122,0.568884,-3.53348,0.0246281,0.703352,,,,,,,15.9513,0.46729,-6.68004,36.5908,19.1331,125.557,0.256453,0.00156614,-0.00595384,0.0489296,0.0888696,0.159256,6.72445,-12.0996,1.07355
MOCK_S02,MOCK_S02_T1,1767398400.633,19,MOCK_CONDITION_0,,MOCK_LEVEL_0,-1.06892,2.27299,3.17469,0.104266,0.629961,3.25733,0.00897277,0.525698,-0.451282,-0.0146455,-0.393862,0.495093,0.06942,0.225883,11.8938,0.443083,-6.57642,24.8491,21.7373,211.896,0.184265,0.027856,0.00995457,0.0792854,0.0572047,0.0488206,18.1092,6.56014,-0.662386
MOCK_S02,MOCK_S02_T1,1767398400.667,20,MOCK_CONDITION_0,,MOCK_LEVEL_0,4.49548,-9.90346,-0.949961,-0.0378637,0.552083,2.17855,0.0430403,0.513424,,,,,,,5.00559,0.378502,-1.12939,46.9409,13.104,269.201,0.186255,-0.00259907,0.0141863,-0.0412824,0.219171,0.0215079,27.803,5.34891,-1.1459
MOCK_S02,MOCK_S02_T1,1767398400.700,21,MOCK_CONDITION_0,,MOCK_LEVEL_0,-10.0131,-2.14505,0.08114,0.077233,0.704445,-0.778344,0.0289304,0.70638,0.461812,0.218329,0.351559,0.0141726,0.26616,0.197946,1.91431,0.434934,9.50567,49.2001,19.3822,184.827,0.232337,0.0272616,0.00668653,0.0761171,0.27548,0.056926,12.639,2.44093,-8.28394
MOCK_S02,MOCK_S02_T1,1767398400.733,22,MOCK_CONDITION_0,,MOCK_LEVEL_0,4.65569,3.83375,-1.64013,0.0535101,0.51198,-0.257619,0.0269286,0.63598,-0.0637736,0.450947,-0.0194356,0.136259,0.113741,0.218298,16.2007,0.441444,-5.38928,57.7894,11.7548,216.431,0.130347,-0.0021072,0.00503634,0.0807987,0.0765256,0.117601,0.9781,-4.58514,-5.83824
MOCK_S02,MOCK_S02_T1,1767398400.767,23,MOCK_CONDITION_0,,MOCK_LEVEL_0,7.32936,9.39516,2.40845,-0.143726,0.603581,1.8816,0.0289055,0.669872,0.564667,0.0329765,0.256402,0.000672593,0.222192,0.242701,9.53405,0.535487,-4.98278,37.4737,14.3237,233.111,0.0877473,0.00731757,-0.00932165,0.0471352,0.13124,0.0851031,17.4975,-3.38746,2.02114
MOCK_S02,MOCK_S02_T1,1767398400.800,24,MOCK_CONDITION_0,,MOCK_LEVEL_0,-17.6254,12.5955,-0.110218,-0.0722244,0.610051,6.86504,0.0378944,0.610963,0.483776,0.220707,-0.432999,0.228083,0.158682,0.259411,16.2969,0.510621,-1.09961,26.3447,12.3943,156.654,0.132328,0.0094231,-0.0185489,0.0234373,0.062547,0.141107,16.4172,4.09215,2.04093
MOCK_S02,MOCK_S02_T1,1767398400.833,25,MOCK_CONDITION_0,,MOCK_LEVEL_0,3.33267,3.80383,-3.74524,-0.119208,0.624229,2.22584,0.0308784,0.843606,0.414264,0.451952,0.708807,-0.34657,0.114598,0.26286,17.5635,0.418012,-8.69706,24.2022,11.7577,12.0889,0.19243,0.0103979,0.00183587,-0.141833,0.0735925,0.144844,-8.22174,4.67165,-11.1607
MOCK_S02,MOCK_S02_T1,1767398400.867,26,MOCK_CONDITION_0,,MOCK_LEVEL_0,7.06433,1.46822,1.38729,-0.127694,0.616072,-0.15666,0.0370859,0.672715,,,,,,,23.045,0.424299,-7.70518,23.5864,13.1951,193.995,0.0561294,-0.00169819,-0.00759454,0.0248836,-0.0383645,0.0764468,14.6227,5.75515,-12.0095
MOCK_S02,MOCK_S02_T1,1767398400.900,27,MOCK_CONDITION_0,,MOCK_LEVEL_0,3.89053,12.763,1.98804,-0.0264771,0.541227,2.65602,0.0255789,0.801556,0.121051,0.236867,0.0470834,0.222764,0.256776,0.163123,14.8104,0.480564,2.76076,44.2711,15.0333,121.659,0.18055,0.0266643,-0.000384633,0.0285687,0.308333,0.105887,9.28215,-23.7256,0.717391
MOCK_S02,MOCK_S02_T1,1767398400.933,28,MOCK_CONDITION_0,,MOCK_LEVEL_0,8.75622,25.0106,-2.1928,0.0392909,0.555411,4.45899,0.0161305,0.882547,-0.00318111,0.523212,0.611961,0.155065,0.0221943,0.144144,8.43533,0.473513,4.8035,30.9978,16.005,180.969,0.14326,-0.0109056,0.00266435,0.084027,-0.00406795,0.0863525,5.49307,3.75876,2.24916
MOCK_S02,MOCK_S02_T1,1767398400.967,29,MOCK_CONDITION_0,,MOCK_LEVEL_0,-9.10496,22.8119,-1.66765,-0.0274441,0.523765,4.52869,0.0205632,0.672935,0.558155,0.171322,-0.0820603,-0.689885,0.15309,0.264704,19.5539,0.447916,1.15818,43.5073,13.1708,129.237,0.218723,0.0197787,-0.00642143,-0.0395218,0.224182,0.100639,20.4079,12.546,-5.91759
MOCK_S02,MOCK_S02_T2,1767402000.000,0,MOCK_CONDITION_1,,MOCK_LEVEL_1,10.9238,-6.49171,2.80246,-0.0328676,0.423101,3.844,0.034102,0.439977,-0.00943482,-0.0592893,-0.0591665,0.164247,0.224209,0.22582,-0.955185,0.426288,-1.54757,43.6614,15.3565,233.342,,,,,,,,,
MOCK_S02,MOCK_S02_T2,1767402000.033,1,MOCK_CONDITION_1,,MOCK_LEVEL_1,1.85199,4.25427,0.897658,-0.12704,0.493583,2.88564,0.0297675,0.343379,-0.0652813,0.192321,-0.0900983,0.437762,0.306214,0.114639,16.3187,0.54456,2.14589,52.5704,13.0347,106.786,0.125297,0.0130468,0.00150228,0.0886309,0.0884971,0.118824,4.72418,6.19387,-5.17296
MOCK_S02,MOCK_S02_T2,1767402000.067,2,MOCK_CONDITION_1,,MOCK_LEVEL_1,7.20689,2.14349,-8.21227,-0.202743,0.4704,-4.00451,0.0321415,0.802268,0.265063,0.440492,-0.064575,0.347167,0.107472,0.236875,17.4809,0.489641,-4.9254,40.8193,14.275,289.241,0.0474059,-0.0156085,-0.0138031,0.115667,0.14602,0.214182,-1.74889,-7.51792,-4.33939
MOCK_S02,MOCK_S02_T2,1767402000.100,3,MOCK_CONDITION_1,,MOCK_LEVEL_1,4.30987,17.9265,-3.04017,0.0316579,0.513822,2.47348,0.0371842,0.55775,-0.12011,-0.0219863,0.257904,0.446886,0.210633,0.200223,15.8331,0.460491,2.79993,56.4231,10.5241,142.879,0.126404,-0.00523487,0.010425,0.0607425,0.210035,0.110782,0.267971,0.0697689,-3.68187
MOCK_S02,MOCK_S02_T2,1767402000.133,4,MOCK_CONDITION_1,,MOCK_LEVEL_1,1.24337,17.4523,2.2735,-0.126635,0.53201,2.57265,0.025024,0.454006,-0.225162,0.189035,0.209932,-0.0485077,0.211156,0.135266,7.89026,0.391564,-1.67577,23.093,18.1815,137.385,0.232085,-0.00704004,0.0227012,0.0430684,0.152483,0.0274141,22.672,8.18948,-6.81699
MOCK_S02,MOCK_S02_T2,1767402000.167,5,MOCK_CONDITION_1,,MOCK_LEVEL_1,21.4141,-14.9552,-5.21719,-0.173419,0.554733,10.3414,-0.00395897,0.565828,-0.0233748,0.458599,0.615614,0.175562,0.176821,0.237235,17.8639,0.515415,-0.0382237,60.3024,12.544,203.92,0.0789861,0.00663599,-0.00798229,0.112241,0.13128,0.0739014,13.9788,6.51012,-11.4792
MOCK_S02,MOCK_S02_T2,1767402000.200,6,MOCK_CONDITION_1,,MOCK_LEVEL_1,8.15609,-1.43565,1.92524,-0.0397752,0.484352,3.0078,0.0368959,0.674554,-0.136776,0.139213,-0.0368996,-0.458796,-0.0131571,0.317753,10.2471,0.491772,-0.797846,32.3886,13.1687,157.884,0.16539,0.0100128,-0.0100114,0.0686431,0.131235,0.140136,7.38769,-9.85972,-7.80958
MOCK_S02,MOCK_S02_T2,1767402000.233,7,MOCK_CONDITION_1,,MOCK_LEVEL_1,1.98443,0.211243,0.179227,-0.0244962,0.587559,1.9832,0.00988584,0.637496,-0.0398345,0.282243,0.538686,0.143676,0.0714492,0.200784,11.7552,0.495542,1.57358,46.8109,9.24802,53.9853,0.201254,0.00646074,-0.00215914,0.0930486,0.134817,0.105593,11.7611,-0.486539,-1.28643
MOCK_S02,MOCK_S02_T2,1767402000.267,8,MOCK_CONDITION_1,,MOCK_LEVEL_1,9.22043,17.8238,-12.3287,-0.10681,0.52784,4.04649,0.0253108,0.765072,0.535553,0.27369,-0.423926,0.329882,0.257357,0.313434,8.92773,0.448505,1.82044,26.2998,9.21955,265.093,0.137084,0.0132948,0.00491245,-0.0789186,0.175775,0.0853179,-8.54475,-10.2048,-2.01935
MOCK_S02,MOCK_S02_T2,1767402000.300,9,MOCK_CONDITION_1,,MOCK_LEVEL_1,17.2532,20.4068,5.14585,-0.0264821,0.547821,-3.7719,0.0204877,0.664122,,,,,,,7.34098,0.409572,1.81472,25.7405,11.8805,213.225,0.214179,0.0226994,0.00913044,0.0442351,0.329886,0.104413,28.0152,-6.75057,-2.8475
MOCK_S02,MOCK_S02_T2,1767402000.333,10,MOCK_CONDITION_1,,MOCK_LEVEL_1,9.04725,6.20502,11.8041,0.0855491,0.51564,3.29923,0.0234188,0.736953,,,,,,,12.7107,0.454854,0.583734,42.2775,15.1055,173.84,0.207701,-0.00327518,-0.0069758,0.0208673,0.233223,0.0144718,5.00207,-1.73617,-6.60757
MOCK_S02,MOCK_S02_T2,1767402000.367,11,MOCK_CONDITION_1,,MOCK_LEVEL_1,11.8858,9.60352,3.7027,-0.0143333,0.538514,-0.968199,0.0275577,0.694046,-0.320588,0.0401861,0.435415,-0.474472,0.171154,0.219751,10.2797,0.522496,2.5102,45.2294,8.79908,185.586,0.197824,0.0248885,-0.00518594,-0.0860237,0.336205,0.178707,22.4112,4.11109,-0.979429
MOCK_S02,MOCK_S02_T2,1767402000.400,12,MOCK_CONDITION_1,,MOCK_LEVEL_1,9.82647,2.64662,16.3448,0.0804458,0.550453,5.25555,0.033567,0.659363,0.367791,0.280556,-0.223746,0.270642,0.120115,0.18628,8.09813,0.441094,2.94597,39.0578,12.4575,127.243,0.179607,0.0084957,0.00652215,0.00435371,0.208571,0.0493959,27.2384,13.5486,-0.893744
MOCK_S02,MOCK_S02_T2,1767402000.433,13,MOCK_CONDITION_1,,MOCK_LEVEL_1,0.222514,2.86782,2.9878,-0.0291667,0.551818,2.34923,0.0192588,0.511527,-0.501445,0.312165,0.55599,0.375524,0.332218,0.122007,18.7393,0.507582,0.519875,37.3891,15.1077,222.385,0.0705165,0.0133937,-0.00257157,-0.11109,0.077365,0.0405221,0.779432,9.51715,-1.60689
MOCK_S02,MOCK_S02_T2,1767402000.467,14,MOCK_CONDITION_1,,MOCK_LEVEL_1,7.89974,9.53388,0.463105,-0.0282829,0.561267,-1.91277,0.0195444,0.781711,-0.295005,0.257075,-0.156827,-0.023213,0.054211,0.200501,13.0297,0.510353,-9.1929,40.1084,11.309,71.2618,0.154907,-0.000923743,0.0102848,-0.000210228,0.163963,0.0302848,12.733,1.18492,-11.6913
MOCK_S02,MOCK_S02_T2,1767402000.500,15,MOCK_CONDITION_1,,MOCK_LEVEL_1,15.0349,10.6404,3.11034,-0.167665,0.646574,1.41936,0.0302671,0.678918,0.0598332,0.340554,-0.163655,0.497173,0.175268,0.311172,11.5878,0.417348,-3.53604,35.3113,11.6172,157.591,0.108483,-0.00204677,0.00960729,0.142058,0.234332,0.116207,25.4407,-10.1967,-3.31732
MOCK_S02,MOCK_S02_T2,1767402000.533,16,MOCK_CONDITION_1,,MOCK_LEVEL_1,-13.3652,10.1697,-5.67652,-0.0563888,0.688439,3.15637,0.0180319,0.658311,-0.220649,0.180123,0.260433,-0.279307,0.11404,0.224677,15.8637,0.48492,-1.81752,28.5086,17.3249,145.691,0.201862,0.0114393,0.00133468,-0.00760108,0.112697,0.133319,12.8751,-11.4102,-1.69756
MOCK_S02,MOCK_S02_T2,1767402000.567,17,MOCK_CONDITION_1,,MOCK_LEVEL_1,-11.9018,0.903103,5.67742,-0.113563,0.488549,0.296077,0.045694,0.621563,0.130925,0.312748,-0.12145,-0.0252858,0.107052,0.124248,5.02387,0.480207,-2.63327,42.7696,17.3212,148.187,0.169575,0.00269087,-0.00652296,0.0177582,0.246726,0.0755887,12.8408,-10.4836,1.19396
MOCK_S02,MOCK_S02_T2,1767402000.600,18,MOCK_CONDITION_1,,MOCK_LEVEL_1,3.71106,11.8753,11.8925,-0.117879,0.564983,7.13216,0.0378714,0.555866,-0.172776,0.525243,-0.49746,-0.179913,0.184549,0.135901,13.9012,0.507951,-3.88856,43.236,16.4745,139.197,0.214457,0.00842377,0.00154269,-0.0479891,0.026979,0.0557851,23.9173,-14.6214,3.56868
MOCK_S02,MOCK_S02_T2,1767402000.633,19,MOCK_CONDITION_1,,MOCK_LEVEL_1,25.8612,24.2515,4.53956,-0.173738,0.536173,8.78999,0.0241431,0.583755,,,,,,,13.6518,0.450646,-0.294244,48.5104,6.30779,254.032,0.17407,0.00853421,-0.011389,0.114633,0.17545,0.0584123,19.5506,-11.2428,4.54584
MOCK_S02,MOCK_S02_T2,1767402000.667,20,MOCK_CONDITION_1,,MOCK_LEVEL_1,4.64607,20.6124,5.5895,-0.0331455,0.446163,-0.502619,0.0234752,0.725514,0.238942,0.354529,0.0255106,-0.104154,0.119782,0.142414,12.3771,0.49484,3.78347,38.554,16.8446,212.337,0.217088,0.00812741,-0.010286,-0.133561,0.0685377,0.0730573,10.6275,-7.81003,-10.6963
MOCK_S02,MOCK_S02_T2,1767402000.700,21,MOCK_CONDITION_1,,MOCK_LEVEL_1,4.54462,18.2475,2.59337,0.0280727,0.605484,2.84965,0.0370175,0.68032,-0.0600975,0.431558,-0.868894,0.111739,0.0293368,0.214349,15.1977,0.444291,5.53862,30.3837,16.0496,77.85,0.177913,0.00229141,-0.00730447,0.0945632,0.236491,0.136808,2.26317,3.98573,-10.9045
MOCK_S02,MOCK_S02_T2,1767402000.733,22,MOCK_CONDITION_1,,MOCK_LEVEL_1,-3.99096,4.96363,-0.712817,-0.00536794,0.549644,5.71198,0.0264697,0.626888,-0.329052,0.375456,0.692867,0.0272649,0.0471138,0.14344,14.0015,0.492547,8.36473,41.3884,11.3802,118.455,0.111945,0.00997524,0.00428944,-0.0214285,0.0174854,0.216747,19.0361,-4.77791,-4.18257
MOCK_S02,MOCK_S02_T2,1767402000.767,23,MOCK_CONDITION_1,,MOCK_LEVEL_1,9.13335,13.9057,7.72244,-0.140002,0.501019,-4.07168,0.0321237,0.763237,0.0490708,0.244874,0.379724,-0.0571045,0.240502,0.279553,10.7464,0.408666,-7.15339,37.2604,12.8712,185.507,0.065994,0.00306644,-0.00304356,0.0979287,0.160331,0.145805,42.4989,-3.04004,-5.61323
MOCK_S02,MOCK_S02_T2,1767402000.800,24,MOCK_CONDITION_1,,MOCK_LEVEL_1,8.77532,-8.84956,-6.71978,-0.321407,0.635087,-1.43281,0.022028,0.585821,,,,,,,10.1991,0.476799,0.98981,28.7683,14.6584,204.249,0.21238,-0.0049989,0.00643855,0.124333,0.167615,0.203042,-5.95786,-1.30411,-1.77442
MOCK_S02,MOCK_S02_T2,1767402000.833,25,MOCK_CONDITION_1,,MOCK_LEVEL_1,16.2983,16.0827,2.58309,-0.204207,0.437969,10.2382,0.0247317,0.553541,0.494517,0.235582,0.386118,0.0555296,0.095049,0.260262,11.4904,0.487501,2.55883,54.9483,7.13996,198.502,0.119003,0.00226337,-0.0221642,0.0298103,0.103662,0.119898,17.9579,-6.95564,3.21094
MOCK_S02,MOCK_S02_T2,1767402000.867,26,MOCK_CONDITION_1,,MOCK_LEVEL_1,-5.12047,-4.18208,-4.05992,-0.163806,0.589756,1.70216,0.0183422,0.688653,,,,,,,4.37761,0.429829,-6.56739,19.238,21.9751,264.811,0.190557,0.0276091,0.000452397,-0.0384248,0.236781,-0.0417515,5.51674,8.8202,2.7513
MOCK_S02,MOCK_S02_T2,1767402000.900,27,MOCK_CONDITION_1,,MOCK_LEVEL_1,-5.0403,6.19967,5.61042,-0.18107,0.597807,0.671229,0.0371491,0.482609,0.317659,0.995753,-0.335898,-0.343334,0.106355,0.116935,12.1709,0.434848,1.73213,31.375,11.9773,228.799,0.219614,-0.00973986,-0.00620308,-0.0548811,0.407611,0.148108,13.1234,4.75496,0.0314556
MOCK_S02,MOCK_S02_T2,1767402000.933,28,MOCK_CONDITION_1,,MOCK_LEVEL_1,-7.56749,22.379,7.2691,-0.104417,0.547629,7.00277,0.0219802,0.586383,-0.0561222,0.467436,0.471166,-0.0420741,0.00270263,0.187889,20.534,0.40826,0.302796,33.9235,8.87077,236.74,0.199548,0.00485263,0.0110228,0.113665,0.101558,0.0462377,-13.9511,-0.0315833,6.8131
MOCK_S02,MOCK_S02_T2,1767402000.967,29,MOCK_CONDITION_1,,MOCK_LEVEL_1,6.77579,6.17891,-1.11964,-0.0210978,0.535607,0.179679,0.0384997,0.622445,0.190174,0.119423,0.461578,-0.146103,0.293318,0.191842,4.64555,0.461486,-6.78631,42.0149,15.3104,270.466,0.153581,0.0054382,0.0110969,0.139084,0.0920843,0.0463471,11.5836,-8.60594,3.14178
MOCK_S02,MOCK_S02_T3,1767405600.000,0,MOCK_CONDITION_2,,MOCK_LEVEL_2,17.9738,-2.57657,4.25012,-0.176365,0.429498,3.85915,0.0206978,0.598242,0.261971,0.0652363,0.0441898,0.149993,0.385494,0.230017,15.2322,0.493976,0.199054,41.7723,14.4359,66.4519,,,,,,,,,
MOCK_S02,MOCK_S02_T3,1767405600.033,1,MOCK_CONDITION_2,,MOCK_LEVEL_2,15.2469,1.04896,-2.483,-0.0879425,0.579329,4.20264,0.0426266,0.688535,0.360408,0.343961,-0.215217,-0.490577,0.172483,0.149917,6.26078,0.479145,-1.88906,32.9856,14.9334,151.981,0.0960977,0.00695859,-0.000355476,-0.102033,0.185668,0.143104,9.07222,-2.19891,4.39794
MOCK_S02,MOCK_S02_T3,1767405600.067,2,MOCK_CONDITION_2,,MOCK_LEVEL_2,7.64933,1.90783,13.0025,-0.145999,0.578737,-2.97661,0.0302397,0.682528,-0.16798,0.392215,0.107755,0.0345574,0.0526068,0.284478,12.8593,0.41214,-5.63754,42.2499,13.845,229.982,0.133511,0.00102814,0.0108846,0.122971,0.273265,0.0195608,14.1002,-3.67288,2.56508
MOCK_S02,MOCK_S02_T3,1767405600.100,3,MOCK_CONDITION_2,,MOCK_LEVEL_2,2.35302,3.8231,-6.40611,-0.037273,0.590372,1.16823,0.0139091,0.68377,0.152183,0.535956,0.158542,-0.199827,0.129153,0.186758,10.7579,0.523151,5.35347,54.4991,18.8988,266.67,0.142228,0.00646365,0.0144385,0.00531212,0.221878,0.113568,17.7482,-4.21444,-7.74758
MOCK_S02,MOCK_S02_T3,1767405600.133,4,MOCK_CONDITION_2,,MOCK_LEVEL_2,8.55345,-0.0925089,11.9213,-0.163912,0.572422,5.125,0.0304808,0.778036,0.0335904,0.293596,0.319503,0.296374,0.232391,0.186284,10.4912,0.496495,-5.45976,43.6296,12.6489,139.663,0.160745,0.00795884,0.00383526,0.116262,0.528568,0.139159,11.6021,10.2747,0.54442
MOCK_S02,MOCK_S02_T3,1767405600.167,5,MOCK_CONDITION_2,,MOCK_LEVEL_2,12.7344,4.46881,-5.02422,0.0196876,0.510711,6.96673,0.000836005,0.641007,-0.419453,0.410077,-0.311064,-0.638738,0.205282,0.162228,7.84083,0.526826,1.2574,35.2023,18.7585,144.011,0.144334,0.00250659,0.00024852,-0.234107,0.327253,0.100934,16.7076,3.82273,-0.475104
MOCK_S02,MOCK_S02_T3,1767405600.200,6,MOCK_CONDITION_2,,MOCK_LEVEL_2,7.73118,9.02414,9.20394,-0.0909775,0.557929,-3.29816,0.029416,0.769755,-0.233916,0.466616,0.199444,0.194257,0.141194,0.152723,16.7448,0.50026,-7.96846,36.0034,16.4621,165.77,0.102642,-0.00635195,0.0100278,-0.0594096,0.357961,0.141826,19.7899,-12.8945,-9.76077
MOCK_S02,MOCK_S02_T3,1767405600.233,7,MOCK_CONDITION_2,,MOCK_LEVEL_2,21.178,20.991,1.99231,-0.0615712,0.623455,5.61648,0.0265864,0.665989,-0.143318,-0.169868,0.0699089,0.0212064,0.0867938,0.119638,16.6988,0.434485,1.03721,39.5002,14.0696,242.427,0.113373,0.00794603,-0.0137359,-0.133232,0.270027,0.129029,20.5959,-6.68552,-1.65822
MOCK_S02,MOCK_S02_T3,1767405600.267,8,MOCK_CONDITION_2,,MOCK_LEVEL_2,-1.01358,-0.340183,1.9134,-0.0355247,0.634936,3.39299,0.0163089,0.450192,-0.909466,0.103238,0.318371,-0.242825,0.121179,0.25422,6.6776,0.466719,-8.97001,50.2221,12.0781,198.59,0.206414,-0.00193808,-0.00825736,0.112452,0.118228,0.048372,19.6444,-2.3211,-7.21429
MOCK_S02,MOCK_S02_T3,1767405600.300,9,MOCK_CONDITION_2,,MOCK_LEVEL_2,8.83929,23.9796,11.9371,-0.0785435,0.532768,8.16099,0.0441414,0.625187,-0.523518,0.134668,0.312638,-0.54873,0.136976,0.203375,16.0614,0.474567,-0.0142339,30.2019,14.062,181.854,0.119705,0.00816646,-0.0032424,0.0483888,0.148514,0.0863324,4.2749,-0.176086,2.15287
MOCK_S02,MOCK_S02_T3,1767405600.333,10,MOCK_CONDITION_2,,MOCK_LEVEL_2,18.1035,6.58064,-9.95397,-0.00902973,0.553957,-7.74945,0.0329507,0.65113,0.0631915,0.528054,0.542873,-0.00252168,0.130622,0.194991,14.5495,0.447045,0.920156,46.7248,14.8718,191.791,0.148863,-0.00513424,0.00458063,0.0681403,0.329058,0.0679641,0.715118,-7.97365,-3.35318
MOCK_S02,MOCK_S02_T3,1767405600.367,11,MOCK_CONDITION_2,,MOCK_LEVEL_2,-4.24877,6.06853,11.9629,-0.11986,0.501409,-12.5649,0.0169588,0.714038,0.340707,0.444202,-0.0657099,0.184057,0.0582978,0.191367,11.5507,0.504676,4.21541,42.335,13.9038,156.631,0.131478,0.0111432,-0.0123022,-0.059678,0.216497,0.16445,28.3511,21.0064,-1.43102
MOCK_S02,MOCK_S02_T3,1767405600.400,12,MOCK_CONDITION_2,,MOCK_LEVEL_2,9.74174,3.35401,5.21095,-0.133763,0.588102,3.61802,0.0183418,0.814238,0.044957,0.35272,0.259995,0.0484671,0.188183,0.31997,3.7972,0.399825,4.47396,26.4717,10.6357,165.027,0.185269,-0.000601651,0.00126026,0.0519778,0.448375,0.106828,13.6542,-2.03716,4.88962
MOCK_S02,MOCK_S02_T3,1767405600.433,13,MOCK_CONDITION_2,,MOCK_LEVEL_2,5.75681,-3.62343,9.02988,-0.0936681,0.611401,-0.331184,0.032543,0.597035,-0.60401,-0.246436,0.148561,0.32367,0.225431,0.206577,8.15032,0.446089,-8.86408,33.7258,10.3398,145.546,0.253032,-0.00676258,-0.000169358,0.0485139,0.0559201,0.157313,17.384,4.88112,-5.03062
MOCK_S02,MOCK_S02_T3,1767405600.467,14,MOCK_CONDITION_2,,MOCK_LEVEL_2,7.85472,17.4001,0.168269,-0.153248,0.528633,0.727912,0.024666,0.565526,,,,,,,8.7266,0.408373,-7.55055,40.7511,6.3053,53.4228,0.152967,0.0167235,0.00835404,0.123962,0.323623,0.071886,5.64598,2.70457,-3.2146
MOCK_S02,MOCK_S02_T3,1767405600.500,15,MOCK_CONDITION_2,,MOCK_LEVEL_2,10.1351,-6.91531,3.18704,-0.20932,0.569843,-2.18637,0.0380522,0.768275,0.0351446,0.342592,0.0429644,0.0292005,0.211994,0.157654,7.50311,0.446212,-4.48712,23.8311,16.6395,173.408,0.124351,0.00793878,-0.0182041,-0.0973789,0.186626,0.108336,19.0507,-3.63283,-6.71514
MOCK_S02,MOCK_S02_T3,1767405600.533,16,MOCK_CONDITION_2,,MOCK_LEVEL_2,-18.7899,-9.59651,0.559087,-0.018521,0.60578,7.53927,0.0314752,0.606517,-0.0764761,0.347673,0.211076,0.339829,0.239746,0.125382,18.2165,0.490315,-5.8922,41.4007,12.8519,218.913,0.16233,0.00884482,-0.0178216,0.0206578,0.334399,0.140116,12.5214,6.00503,-9.06681
MOCK_S02,MOCK_S02_T3,1767405600.567,17,MOCK_CONDITION_2,,MOCK_LEVEL_2,12.7816,-3.43288,0.737407,-0.0793853,0.510116,-0.240923,0.0246188,0.707342,-0.2494,0.311864,0.716092,0.10432,-0.102768,0.156327,7.40981,0.433434,-7.03183,47.927,10.7917,146.286,0.150692,0.0119416,-0.0116974,0.0524569,0.420902,0.159747,8.0762,-8.82508,-4.02243
MOCK_S02,MOCK_S02_T3,1767405600.600,18,MOCK_CONDITION_2,,MOCK_LEVEL_2,19.6145,8.5917,2.99885,-0.206013,0.494657,3.83315,0.0236341,0.601283,0.0711741,0.245783,0.124815,0.138789,0.288274,0.199942,11.5989,0.530428,1.17522,31.5672,11.165,225.125,0.192493,0.00471211,-0.00901465,0.070186,0.294294,0.0802302,2.36048,-25.4032,-3.38074
MOCK_S02,MOCK_S02_T3,1767405600.633,19,MOCK_CONDITION_2,,MOCK_LEVEL_2,3.29593,4.27146,1.41779,0.0623242,0.561727,4.3099,0.0188129,0.677511,0.518124,0.471385,0.397263,-0.180341,0.0199983,0.140885,13.7613,0.578383,7.3619,31.5025,17.3913,202.057,0.127663,0.0222789,0.0176809,-0.104818,0.282594,0.051294,13.1797,-8.11571,-7.33553
MOCK_S02,MOCK_S02_T3,1767405600.667,20,MOCK_CONDITION_2,,MOCK_LEVEL_2,7.52059,18.5012,-2.78644,-0.127854,0.542115,2.58708,0.0273629,0.597676,-0.323435,0.19214,0.422056,-0.335938,0.12357,0.0505736,12.9227,0.457487,-3.69305,24.6168,10.8318,287.514,0.170121,0.0173093,0.000376416,-0.0761945,0.120142,0.0325792,15.6559,10.3692,5.31922
MOCK_S02,MOCK_S02_T3,1767405600.700,21,MOCK_CONDITION_2,,MOCK_LEVEL_2,25.94,-10.6857,-2.2005,-0.0486016,0.518339,-1.91684,0.0365812,0.517126,-0.773093,0.239734,-0.246272,-0.0352828,0.0925835,0.179314,6.53423,0.461727,6.7293,28.6931,12.4252,288.599,0.0827879,-0.00146365,0.00516803,-0.126239,0.103264,0.119144,-3.43845,1.73218,0.377619
MOCK_S02,MOCK_S02_T3,1767405600.733,22,MOCK_CONDITION_2,,MOCK_LEVEL_2,4.04852,4.93911,-0.964728,-0.113804,0.52043,4.62783,0.0457381,0.579792,0.0279659,0.536505,0.243567,-0.193748,0.27216,0.149535,8.21538,0.40684,-11.5969,39.733,15.8981,127.599,0.266641,0.0164701,0.00714548,0.13438,0.109268,0.167415,5.17629,2.08824,-1.35072
MOCK_S02,MOCK_S02_T3,1767405600.767,23,MOCK_CONDITION_2,,MOCK_LEVEL_2,3.0203,8.82535,-2.22944,-0.028285,0.443887,0.520397,0.00702221,0.745611,0.14575,0.417986,0.30538,-0.232792,0.00730803,0.266915,6.61786,0.526513,1.98925,46.7411,14.6191,247.189,0.179412,0.00406348,-0.0125338,-0.097433,0.137556,0.123007,18.7574,-0.85659,3.2923
MOCK_S02,MOCK_S02_T3,1767405600.800,24,MOCK_CONDITION_2,,MOCK_LEVEL_2,-4.51372,-8.52732,0.879755,-0.130175,0.605056,-6.68175,0.0488761,0.561805,-0.247285,0.264032,0.222404,0.114759,0.263431,0.174084,11.4959,0.438921,1.16218,44.7453,17.6974,185.121,0.241584,-0.00225014,-0.0164381,0.0116172,0.271243,0.083905,-6.03941,0.573618,-5.34999
MOCK_S02,MOCK_S02_T3,1767405600.833,25,MOCK_CONDITION_2,,MOCK_LEVEL_2,7.68315,17.916,-0.434866,-0.180319,0.564827,3.45151,0.0292815,0.765593,-0.221084,0.779519,0.254517,0.23702,0.161949,0.325504,19.1463,0.455399,-6.74826,45.0515,9.3512,159.838,0.22055,-0.00273062,0.00145562,0.044148,0.395155,0.0711167,-5.70813,12.9085,-14.1512
MOCK_S02,MOCK_S02_T3,1767405600.867,26,MOCK_CONDITION_2,,MOCK_LEVEL_2,4.48489,-16.4864,7.73881,-0.097374,0.571078,3.58165,0.0254881,0.663602,-0.125596,0.343061,-0.187584,-0.372295,0.0652008,0.236619,12.6703,0.472113,-10.0501,38.5649,11.8313,93.8725,0.220968,0.0136244,0.00878718,0.0995866,0.175927,0.111492,23.6885,-16.5816,-2.47376
MOCK_S02,MOCK_S02_T3,1767405600.900,27,MOCK_CONDITION_2,,MOCK_LEVEL_2,-0.112596,-5.89987,-2.29051,-0.0699237,0.597212,5.16649,0.0115012,0.609939,-0.210251,-0.0565293,0.484297,-0.0766907,0.150652,0.1758,19.1566,0.454158,-0.355376,41.5804,12.9194,182.482,0.111256,0.00940425,0.0104265,-0.0318818,0.211841,0.0113817,-15.9105,0.379469,3.32357
MOCK_S02,MOCK_S02_T3,1767405600.933,28,MOCK_CONDITION_2,,MOCK_LEVEL_2,3.22156,8.16974,6.45866,-0.138018,0.549477,-1.89176,0.0344939,0.592205,-0.671302,0.218214,0.375856,-0.101247,0.205478,0.237394,13.7155,0.463358,-2.79707,28.6707,11.0283,216.918,0.13797,0.0243365,0.00393401,-0.0786947,0.388375,0.153931,0.444242,-25.3191,-8.64601
MOCK_S02,MOCK_S02_T3,1767405600.967,29,MOCK_CONDITION_2,,MOCK_LEVEL_2,20.4223,17.1619,-1.73762,-0.0555104,0.539325,-2.8938,0.0224033,0.602539,-0.0395787,0.362855,-0.386785,-0.440005,0.211078,0.178171,14.1847,0.507825,-4.74244,47.4211,18.4621,81.4911,0.246788,0.0189257,0.000746194,-0.0888358,0.405248,0.124412,20.8663,-2.74372,-2.1286
MOCK_S03,MOCK_S03_T1,1767484800.000,0,MOCK_CONDITION_0,,MOCK_LEVEL_0,-0.00904074,-5.09356,-1.0054,-0.0367034,0.578356,3.0037,0.0266483,0.514598,0.18746,0.378628,0.372869,-0.0610395,0.217297,0.214336,11.1175,0.41044,-12.5399,49.6262,13.3386,107.02,,,,,,,,,
MOCK_S03,MOCK_S03_T1,1767484800.033,1,MOCK_CONDITION_0,,MOCK_LEVEL_0,5.44028,12.5128,5.52802,0.0315178,0.512599,-3.16901,0.0397161,0.6504,0.169965,0.369611,0.114547,-0.0592999,0.179369,0.289996,12.1931,0.395147,-3.6903,31.5895,11.0055,76.468,0.0955677,-0.022625,-0.0149586,0.133777,0.145427,0.121697,-22.2744,-1.58235,-6.86456
MOCK_S03,MOCK_S03_T1,1767484800.067,2,MOCK_CONDITION_0,,MOCK_LEVEL_0,17.9258,-10.1171,-3.17933,-0.0880081,0.494594,2.37647,0.0369252,0.667905,,,,,,,5.90601,0.46533,1.20124,36.8914,10.5101,135.853,0.148933,-0.00168429,0.00392647,0.0682809,0.0392143,0.0618413,5.5812,13.4096,-5.03748
MOCK_S03,MOCK_S03_T1,1767484800.100,3,MOCK_CONDITION_0,,MOCK_LEVEL_0,1.28185,19.3865,9.88669,0.0454868,0.521487,-2.95307,0.0380618,0.684353,-0.279476,0.249455,-0.0319836,-0.264766,0.440188,0.229823,20.1566,0.40619,-3.69104,29.0395,13.6589,162.337,0.148722,0.0182369,-0.0117532,-0.048259,0.199605,0.19025,-4.21784,10.7389,-9.67214
MOCK_S03,MOCK_S03_T1,1767484800.133,4,MOCK_CONDITION_0,,MOCK_LEVEL_0,6.84986,4.99918,-0.169784,0.0851083,0.522686,2.73757,0.0256053,0.635204,0.401539,0.53596,-0.0367729,-0.53835,0.472445,0.161587,18.3782,0.482405,1.08067,24.2079,15.308,123.531,0.0518025,0.00641641,-0.00844149,0.0839613,0.192643,0.116495,-1.79291,-19.6155,3.66158
MOCK_S03,MOCK_S03_T1,1767484800.167,5,MOCK_CONDITION_0,,MOCK_LEVEL_0,-0.852946,-1.02437,9.32424,0.0508179,0.558896,-5.64979,0.0408779,0.542826,0.151671,0.577652,0.368461,-0.174075,0.516947,0.25273,9.17377,0.506488,-3.10589,17.9763,16.715,83.2457,0.105713,-0.0225074,-0.0125776,0.083979,0.0952683,0.117434,7.30533,7.53469,-10.7013
MOCK_S03,MOCK_S03_T1,1767484800.200,6,MOCK_CONDITION_0,,MOCK_LEVEL_0,22.1264,-2.96702,-2.2066,0.0146293,0.54966,2.83345,0.0380422,0.622211,0.394565,0.157082,-0.454161,-0.195007,0.366176,0.177791,16.9515,0.372587,-7.79104,26.8707,18.6127,90.106,0.129918,0.00673309,-0.00481081,0.0499161,0.215775,0.104535,-8.32726,10.3592,-0.337487
MOCK_S03,MOCK_S03_T1,1767484800.233,7,MOCK_CONDITION_0,,MOCK_LEVEL_0,10.7288,-22.8705,0.852236,0.21975,0.540059,-2.21436,0.0384672,0.755581,0.250656,0.0376784,0.123837,-0.21911,0.398186,0.224499,8.30545,0.407758,11.1623,43.5392,15.5494,218.713,0.231662,0.0014945,-0.0247711,0.0840991,0.139198,0.0697502,3.32223,-4.73482,-4.62617
MOCK_S03,MOCK_S03_T1,1767484800.267,8,MOCK_CONDITION_0,,MOCK_LEVEL_0,2.10575,0.0385276,6.00377,0.0312009,0.600694,4.18901,0.0372488,0.629067,-0.0465333,0.403573,0.155612,-0.158532,0.225813,0.165737,17.2904,0.437422,0.373238,20.7327,12.2555,218.492,0.154873,0.00841846,-0.00548249,-0.0956809,0.0771082,0.0946337,-4.49941,-13.726,1.72206
MOCK_S03,MOCK_S03_T1,1767484800.300,9,MOCK_CONDITION_0,,MOCK_LEVEL_0,15.4233,-16.4507,5.24892,-0.0450917,0.607364,3.91902,0.0273031,0.677111,0.0654102,0.198128,0.0703536,-0.423431,0.209097,0.264293,11.1815,0.431337,3.0739,42.0374,13.2184,157.435,0.164525,-0.00117502,-0.00662613,-0.10681,0.24616,0.152261,-17.8675,-7.1359,-1.46312
MOCK_S03,MOCK_S03_T1,1767484800.333,10,MOCK_CONDITION_0,,MOCK_LEVEL_0,0.380244,15.8035,-9.22754,-0.0028641,0.538998,5.01144,0.047007,0.687587,0.350963,0.296384,-0.108908,0.197655,0.341438,0.201123,21.5219,0.459467,2.28409,34.7555,17.514,164.564,0.179582,-0.0146718,0.00743105,-0.0315747,0.294264,0.133779,-10.928,18.5362,7.79318
MOCK_S03,MOCK_S03_T1,1767484800.367,11,MOCK_CONDITION_0,,MOCK_LEVEL_0,16.9017,-16.3537,-2.229,-0.0490365,0.591686,-3.93852,0.0336705,0.690779,0.599988,0.398075,0.164105,-0.523111,0.28511,0.247402,13.7309,0.42519,4.7712,49.9306,13.8456,90.579,0.153553,-0.00442679,0.0103951,0.0616086,0.394046,0.0646857,-20.107,-22.4796,6.69942
MOCK_S03,MOCK_S03_T1,1767484800.400,12,MOCK_CONDITION_0,,MOCK_LEVEL_0,-0.155889,6.11892,2.15505,0.039804,0.508852,7.59356,0.0275202,0.667251,0.0842248,0.26674,-0.1068,-0.627094,0.313937,0.111833,15.795,0.409081,-0.70185,49.124,10.6124,108.852,0.0551453,-0.0132289,-0.0171435,-0.12686,0.153531,0.132092,-22.8763,-0.675942,-6.92198
MOCK_S03,MOCK_S03_T1,1767484800.433,13,MOCK_CONDITION_0,,MOCK_LEVEL_0,-0.0666287,-1.65218,3.41024,0.05567,0.513879,-0.0666607,0.028636,0.787967,0.180683,0.166557,-0.487795,-0.19312,0.371151,0.253426,15.9842,0.515851,-1.5806,33.0551,14.4969,112.334,0.174292,-0.00104435,0.0103112,0.00092049,0.153332,0.146551,5.99038,-11.8336,1.07816
MOCK_S03,MOCK_S03_T1,1767484800.467,14,MOCK_CONDITION_0,,MOCK_LEVEL_0,8.7516,-6.0031,6.37817,0.0515839,0.59216,4.94596,0.0336988,0.656982,0.172293,0.147755,-0.563755,-0.0375371,0.474339,0.246656,15.77,0.496122,-5.88524,28.5544,12.9728,79.9111,0.107292,0.00693909,-0.00373081,-0.0900049,0.363546,0.149669,-15.0859,11.5566,-0.880874
MOCK_S03,MOCK_S03_T1,1767484800.500,15,MOCK_CONDITION_0,,MOCK_LEVEL_0,0.028524,-5.09539,-0.445957,0.0416632,0.470819,-9.55929,0.012726,0.667071,0.338308,0.517706,-0.134277,0.0940775,0.288404,0.122788,3.71228,0.434743,-7.66431,27.5963,17.8609,195.066,0.159198,-0.00131589,-0.029459,0.111125,0.221221,0.0327473,-3.7494,-15.1176,-4.59807
MOCK_S03,MOCK_S03_T1,1767484800.533,16,MOCK_CONDITION_0,,MOCK_LEVEL_0,6.90601,-24.7104,4.12811,0.058271,0.541365,-1.41157,0.0348187,0.708242,,,,,,,20.0598,0.44277,1.9178,35.706,14.4091,153.193,0.196509,0.00183377,-0.00290247,-0.0362723,0.0138717,0.119003,4.99224,-4.89915,0.654757
MOCK_S03,MOCK_S03_T1,1767484800.567,17,MOCK_CONDITION_0,,MOCK_LEVEL_0,6.81426,-20.5775,5.11851,0.08871,0.505915,-2.58911,0.0320299,0.698137,,,,,,,8.09838,0.4434,2.99076,36.9053,15.8801,123.373,0.0428414,-0.0148702,0.0125055,-0.132167,0.340548,0.0548552,-20.1603,-18.072,0.890002
MOCK_S03,MOCK_S03_T1,1767484800.600,18,MOCK_CONDITION_0,,MOCK_LEVEL_0,-0.552161,15.3326,8.75432,0.010914,0.510536,-9.65975,0.0365031,0.644089,-0.374689,-0.180073,0.16024,0.00992317,0.446697,0.190761,12.7896,0.404902,-0.301459,27.8517,10.7746,82.2265,0.0516361,-0.0106207,0.00517237,0.0201027,0.265546,0.0925273,-14.1218,5.47009,-7.33123
MOCK_S03,MOCK_S03_T1,1767484800.633,19,MOCK_CONDITION_0,,MOCK_LEVEL_0,4.62663,-0.776576,0.428009,0.0289672,0.593175,0.17317,0.023976,0.716667,0.450381,0.350742,0.33106,-0.224552,0.437831,0.182368,16.3875,0.449838,-2.75473,31.4939,16.8047,150.185,0.184794,-0.00882948,-0.00307977,-0.0151699,0.221246,0.163184,3.23823,0.143354,2.40615
MOCK_S03,MOCK_S03_T1,1767484800.667,20,MOCK_CONDITION_0,,MOCK_LEVEL_0,3.56519,2.13416,1.30089,0.109187,0.538192,9.53693,0.0396093,0.728515,0.279812,0.384678,-0.0854055,0.190798,0.304129,0.121468,16.3173,0.460107,-1.5242,42.2123,11.3975,112.645,0.14116,-0.0176635,-0.0207703,-0.0399671,0.240929,0.049656,-5.02321,-4.38191,1.71021
MOCK_S03,MOCK_S03_T1,1767484800.700,21,MOCK_CONDITION_0,,MOCK_LEVEL_0,4.2112,-20.7242,-5.86219,0.0359645,0.422063,-1.26981,0.0376737,0.508253,0.430946,0.100462,-0.823738,-0.369491,0.281388,0.148143,19.6989,0.478958,-15.3776,48.7481,20.1448,182.388,0.12548,-0.0121738,0.00598098,-0.0704136,0.237075,0.104852,-6.65185,7.30839,4.0008
MOCK_S03,MOCK_S03_T1,1767484800.733,22,MOCK_CONDITION_0,,MOCK_LEVEL_0,-5.0126,0.355961,1.29712,-0.0499792,0.591866,-0.591704,0.02839,0.706249,-0.16145,0.16606,-0.680819,-0.254066,0.274667,0.249934,15.7748,0.421606,-10.2993,30.2635,15.2158,92.5637,0.15246,-0.00937969,-0.00073277,0.029395,0.179524,0.101235,-3.73923,4.64285,7.85646
MOCK_S03,MOCK_S03_T1,1767484800.767,23,MOCK_CONDITION_0,,MOCK_LEVEL_0,-2.59025,-6.15508,1.43279,-0.0745265,0.470281,-1.1005,0.0335525,0.900757,0.136481,0.149155,0.115705,-0.39691,0.236275,0.213647,16.5209,0.428966,-3.25942,40.5106,14.6242,249.091,0.0621527,0.00294403,0.00937358,-0.101317,0.127542,0.101724,-26.3905,1.04896,0.0998889
MOCK_S03,MOCK_S03_T1,1767484800.800,24,MOCK_CONDITION_0,,MOCK_LEVEL_0,-3.65551,-17.4659,-2.83768,0.0821373,0.58386,10.4774,0.0158542,0.62053,0.492297,-0.1223,0.231767,0.0743697,0.357173,0.228601,12.6712,0.427437,8.38237,33.8636,17.7181,188.986,0.162381,0.00395131,-0.0023051,0.0179318,0.301331,0.120673,-7.07571,10.715,-0.722466
MOCK_S03,MOCK_S03_T1,1767484800.833,25,MOCK_CONDITION_0,,MOCK_LEVEL_0,12.5407,3.15576,8.19754,0.00683913,0.576483,-0.706516,0.035185,0.633074,0.722403,0.512857,0.147484,0.0617829,0.457275,0.281423,7.85035,0.39435,3.03453,31.634,14.1358,103.593,0.115089,0.00296221,0.0124183,0.0281987,0.212408,0.16735,-19.9952,-3.1098,4.24566
MOCK_S03,MOCK_S03_T1,1767484800.867,26,MOCK_CONDITION_0,,MOCK_LEVEL_0,6.92548,-5.35684,8.38588,0.0794565,0.584467,2.22321,0.0447264,0.661209,0.315773,0.292224,-0.134882,0.476351,0.371496,0.243108,10.163,0.473101,3.62437,37.8236,12.5807,150.986,0.220493,0.0187999,0.00469211,-0.0106972,0.0489433,0.166672,5.53602,17.9662,-2.34136
MOCK_S03,MOCK_S03_T1,1767484800.900,27,MOCK_CONDITION_0,,MOCK_LEVEL_0,-1.72463,-3.19859,4.11823,-0.0800841,0.568383,0.833675,0.0305633,0.550581,0.139103,0.350933,0.0551632,-0.521237,0.254231,0.263227,19.7008,0.368304,-5.6915,29.9235,10.9638,165.613,0.111774,-0.00237753,0.0037152,-0.0289914,0.226554,0.13535,-10.1258,16.6711,-3.80637
MOCK_S03,MOCK_S03_T1,1767484800.933,28,MOCK_CONDITION_0,,MOCK_LEVEL_0,11.1821,-10.7649,3.26338,0.176148,0.489646,-4.82957,0.021339,0.470966,0.235231,0.331296,0.273706,-0.470599,0.33624,0.246724,13.9702,0.3895,1.60825,38.6713,18.3539,112.28,0.171524,-0.00761233,0.00532565,-0.0650269,0.16274,0.107323,-8.48594,-14.4361,-2.22773
MOCK_S03,MOCK_S03_T1,1767484800.967,29,MOCK_CONDITION_0,,MOCK_LEVEL_0,3.26136,3.23069,1.91609,0.0710913,0.536287,1.05251,0.0257254,0.760836,0.0789891,0.388487,0.269015,0.0528112,0.470868,0.16672,6.83599,0.440057,-1.68124,33.1418,16.9627,112.974,0.161975,-0.0124251,-0.0215823,0.0301388,0.290205,0.130984,-4.47042,3.95161,1.52064
MOCK_S03,MOCK_S03_T2,1767488400.000,0,MOCK_CONDITION_1,,MOCK_LEVEL_1,17.4102,1.466,1.40725,-0.0409609,0.542044,-1.33789,0.0307018,0.707422,0.0580284,0.451858,0.622538,-0.254858,0.45757,0.180245,13.592,0.415848,3.77642,14.7816,13.3863,214.635,,,,,,,,,
MOCK_S03,MOCK_S03_T2,1767488400.033,1,MOCK_CONDITION_1,,MOCK_LEVEL_1,12.3465,1.31546,-2.44006,0.185181,0.518892,2.79162,0.0349842,0.641134,-0.275027,0.401148,0.411505,-0.6352,0.33973,0.264703,7.54421,0.454361,-6.48091,27.8926,16.01,79.3558,0.15896,0.00828196,0.000805702,0.0845634,0.353615,0.168057,5.17299,-18.3007,0.731922
MOCK_S03,MOCK_S03_T2,1767488400.067,2,MOCK_CONDITION_1,,MOCK_LEVEL_1,-5.92809,-8.99996,-3.01578,0.0414092,0.647063,-9.92491,0.0299306,0.684536,-0.191782,0.564275,-0.608997,-0.478441,0.292994,0.201947,14.8907,0.444116,-3.76446,35.6081,9.90629,233.01,0.0708697,-0.0029572,-0.0102983,-0.0729745,0.363213,0.127516,-3.92927,-14.2695,4.01871
MOCK_S03,MOCK_S03_T2,1767488400.100,3,MOCK_CONDITION_1,,MOCK_LEVEL_1,10.1262,-12.5753,4.33081,0.133178,0.560442,5.67414,0.049493,0.58896,,,,,,,20.8004,0.383796,-4.66175,34.5041,14.3172,58.834,0.0812205,-0.0124666,-0.000163676,0.122779,0.306911,0.0447639,12.4448,-5.56196,-9.70629
MOCK_S03,MOCK_S03_T2,1767488400.133,4,MOCK_CONDITION_1,,MOCK_LEVEL_1,5.56879,-7.40714,16.4526,-0.0606655,0.478323,2.07852,0.0215499,0.655404,0.00150889,0.009239,0.0726966,-0.236712,0.473255,0.137888,28.0772,0.36771,-4.30676,36.5961,12.9054,184.551,0.0741161,-0.0110157,0.00210582,0.00834088,0.402689,0.186024,-2.0311,-5.90736,-4.89781
MOCK_S03,MOCK_S03_T2,1767488400.167,5,MOCK_CONDITION_1,,MOCK_LEVEL_1,-4.44196,2.21748,-2.29622,0.0709396,0.459842,-6.68496,0.0363874,0.558482,0.0956022,0.584613,0.389461,-0.417947,0.291244,0.183884,22.2206,0.461955,-9.36232,30.6433,11.647,230.322,0.190195,0.00915882,0.00769915,-0.0449264,0.418738,0.0913131,-15.9058,3.22462,5.12074
MOCK_S03,MOCK_S03_T2,1767488400.200,6,MOCK_CONDITION_1,,MOCK_LEVEL_1,-3.96631,-7.61973,6.17477,0.110638,0.533313,-2.62,0.0457504,0.648402,0.357688,0.268832,-0.324322,-0.193953,0.343989,0.274673,8.45886,0.364271,-7.67635,17.9076,12.7858,86.3523,0.0855573,0.016113,-0.00124802,-0.0918273,0.3555,0.0785501,-3.51382,0.99763,-7.47925
MOCK_S03,MOCK_S03_T2,1767488400.233,7,MOCK_CONDITION_1,,MOCK_LEVEL_1,11.0402,-4.33973,-3.13191,0.0472946,0.577816,-5.22118,0.0463786,0.666009,0.0704596,0.631852,-0.136277,-0.808233,0.214834,0.203216,19.5415,0.408934,-5.74832,46.318,15.7675,176.45,0.159682,0.00263568,-0.000458398,-0.0551222,0.223654,0.161538,-10.8684,-8.99817,-4.38649
MOCK_S03,MOCK_S03_T2,1767488400.267,8,MOCK_CONDITION_1,,MOCK_LEVEL_1,9.63356,-18.025,6.05431,0.00679856,0.457507,0.512571,0.0292743,0.868616,0.110863,0.443904,0.172239,0.131539,0.316399,0.305025,17.067,0.362527,-8.14511,53.8868,13.7121,13.4723,0.00867361,-0.0165145,-0.000762279,0.00626562,0.259176,0.147592,1.31333,-9.65568,-1.5514
MOCK_S03,MOCK_S03_T2,1767488400.300,9,MOCK_CONDITION_1,,MOCK_LEVEL_1,-1.68584,0.756451,2.41918,0.0966329,0.624891,2.16599,0.0231591,0.676426,-0.0800499,0.604075,-0.102745,-0.157672,0.18618,0.238385,22.8,0.488684,-12.2985,46.7885,16.6837,118.555,0.0635234,-0.00985971,0.00270045,0.227274,0.142074,0.182472,-6.59273,8.01186,-1.53979
MOCK_S03,MOCK_S03_T2,1767488400.333,10,MOCK_CONDITION_1,,MOCK_LEVEL_1,2.47256,-9.68253,-0.883644,0.0180872,0.581483,-2.2686,0.0337209,0.5628,0.155292,0.296903,-0.161977,0.0176847,0.504639,0.280778,6.1578,0.469781,-0.222546,49.0895,15.2729,177.111,0.0994943,-0.00734589,-0.00502932,0.118686,0.31302,0.0352036,-8.87036,25.9481,4.63946
MOCK_S03,MOCK_S03_T2,1767488400.367,11,MOCK_CONDITION_1,,MOCK_LEVEL_1,-13.4743,4.45156,-1.34769,0.0153255,0.576311,-3.84875,0.043478,0.669017,0.366456,0.234534,0.24838,-0.203113,0.167571,0.274652,21.383,0.42666,-7.15147,25.8636,14.9631,199.658,0.0957005,-0.00561091,-0.0117416,-0.0246183,0.171497,0.096888,8.22364,13.1261,-3.25216
MOCK_S03,MOCK_S03_T2,1767488400.400,12,MOCK_CONDITION_1,,MOCK_LEVEL_1,2.07649,-10.7776,2.15891,-0.0868654,0.545278,-7.52839,0.0265923,0.699611,-0.124049,0.211854,0.14943,-0.0810537,0.246776,0.273878,14.9002,0.371723,-1.77156,31.8569,13.0406,131.708,0.227265,-0.00268804,-0.00778444,-0.130615,0.266702,0.142652,13.7094,2.56448,0.600297
MOCK_S03,MOCK_S03_T2,1767488400.433,13,MOCK_CONDITION_1,,MOCK_LEVEL_1,3.21654,-15.1024,4.24925,0.049299,0.584315,-4.01548,0.0100768,0.607201,-0.26104,0.261176,0.407349,-0.30551,0.652976,0.232235,14.5421,0.490178,-7.14817,31.5499,19.5195,163.245,0.161274,0.00113967,-0.0207776,-0.077758,0.250772,0.165185,-6.55764,10.8409,1.05355
MOCK_S03,MOCK_S03_T2,1767488400.467,14,MOCK_CONDITION_1,,MOCK_LEVEL_1,17.6501,-1.38982,-0.986869,-0.0858687,0.541328,-2.04795,0.0374929,0.574016,0.522573,0.373324,0.261654,0.0670316,0.470038,0.188129,7.89646,0.409886,0.491794,50.0464,8.85445,193.741,0.151124,0.00394069,-0.000912685,0.0344286,0.238135,0.0783705,-3.82604,-15.5289,4.58217
MOCK_S03,MOCK_S03_T2,1767488400.500,15,MOCK_CONDITION_1,,MOCK_LEVEL_1,6.58223,-13.0176,-1.32713,-0.0377653,0.539719,6.3992,0.0394712,0.779487,0.160779,0.550369,-0.265673,-0.0766042,0.165885,0.234892,19.3831,0.440517,2.35234,54.5522,8.90185,123.015,0.0227403,-0.00192922,-0.00587712,-0.107566,0.365303,0.230886,-5.20304,8.37078,8.01731
MOCK_S03,MOCK_S03_T2,1767488400.533,16,MOCK_CONDITION_1,,MOCK_LEVEL_1,23.6135,-6.29952,8.07464,-0.0548778,0.527653,6.87598,0.0400035,0.717733,,,,,,,20.892,0.419347,-7.68802,42.0239,19.1841,38.9705,0.0984594,0.00663248,0.00428938,-0.11871,0.379487,0.130944,-9.75726,-5.65804,0.533486
MOCK_S03,MOCK_S03_T2,1767488400.567,17,MOCK_CONDITION_1,,MOCK_LEVEL_1,-8.24699,0.399831,2.47086,-0.0808582,0.527374,-0.281484,0.0350932,0.728997,,,,,,,5.24642,0.492684,1.42812,37.1891,15.3627,212.596,0.118578,-0.00398929,-0.00822817,0.0347688,0.162359,0.143354,-11.1013,-7.9153,-0.374404
MOCK_S03,MOCK_S03_T2,1767488400.600,18,MOCK_CONDITION_1,,MOCK_LEVEL_1,9.9393,7.94796,-1.38193,-0.0231531,0.601959,-11.0125,0.0445254,0.572701,0.356282,0.344926,0.0849953,-0.223516,0.447047,0.270972,18.9517,0.425309,-14.3487,51.9084,10.5782,108.794,0.174552,-0.013491,-0.00729708,0.114738,0.254424,0.1585,-8.72372,11.9145,-1.93909
MOCK_S03,MOCK_S03_T2,1767488400.633,19,MOCK_CONDITION_1,,MOCK_LEVEL_1,-2.1353,-0.283442,4.62467,0.102941,0.402449,-2.16842,0.0341009,0.417558,-0.107237,0.484271,-0.251465,0.0214498,0.26992,0.220636,16.397,0.373022,-4.21097,52.0621,17.9925,146.626,0.152991,-0.0273806,-0.00712025,-0.0702932,0.188547,0.164877,-16.36,4.11469,0.903322
MOCK_S03,MOCK_S03_T2,1767488400.667,20,MOCK_CONDITION_1,,MOCK_LEVEL_1,-0.358581,-1.00234,8.46028,0.225607,0.54895,0.697884,0.034625,0.485505,0.326907,0.0846775,-0.496529,-0.02764,0.295121,0.172268,14.9097,0.421736,-2.00299,44.0358,15.1014,192.114,0.107206,0.00493423,-0.00326935,-0.00260496,0.286955,0.085408,-12.3286,-13.498,5.15842
MOCK_S03,MOCK_S03_T2,1767488400.700,21,MOCK_CONDITION_1,,MOCK_LEVEL_1,-4.31488,4.34267,3.79165,-0.0611181,0.520333,-3.89721,0.0248912,0.660585,-0.0859602,0.209098,0.418882,-0.351663,0.432944,0.247429,13.4979,0.39641,-9.85971,41.9504,13.3795,85.2183,0.0876169,-0.0123124,0.00808278,-0.0391682,0.223436,0.191239,8.50586,-15.0349,-1.22728
MOCK_S03,MOCK_S03_T2,1767488400.733,22,MOCK_CONDITION_1,,MOCK_LEVEL_1,6.96153,-11.464,12.8163,0.048552,0.532028,-4.80939,0.0213937,0.739035,0.0798132,0.0760914,0.266851,0.577381,0.216009,0.26107,14.3272,0.505149,-0.676477,48.4791,18.4112,128.503,0.155489,-0.0075297,-0.00375933,-0.0508791,0.25285,0.0675082,-17.2811,7.25618,-3.80403
MOCK_S03,MOCK_S03_T2,1767488400.767,23,MOCK_CONDITION_1,,MOCK_LEVEL_1,-2.68005,2.00233,0.991862,0.00584333,0.457568,-5.19931,0.0491239,0.728554,,,,,,,12.9368,0.460013,-1.89877,26.2947,16.8284,127.46,0.141009,-0.000859432,-0.00797619,-0.027555,0.0638232,0.0830958,-11.6001,8.8329,0.598481
MOCK_S03,MOCK_S03_T2,1767488400.800,24,MOCK_CONDITION_1,,MOCK_LEVEL_1,-4.80084,-2.78575,-7.07729,0.00951962,0.547249,-0.647659,0.0382347,0.756032,0.393142,0.180108,-0.0584238,0.277859,0.261734,0.19795,7.25601,0.44042,-3.64878,23.1439,16.3635,112.333,0.15526,-0.0194028,-0.00982647,0.00894442,0.420208,0.0687849,2.51906,-10.6486,12.4869
MOCK_S03,MOCK_S03_T2,1767488400.833,25,MOCK_CONDITION_1,,MOCK_LEVEL_1,-7.86651,-15.0382,9.3631,0.0246901,0.544121,-2.20949,0.023947,0.584394,0.891192,0.464173,0.164711,0.298264,0.415725,0.226744,24.9773,0.399077,-6.84556,29.6804,15.3069,117.809,0.0431519,-0.00262402,-0.00977904,0.0304222,0.354507,0.151663,-22.6103,-0.815656,0.995701
MOCK_S03,MOCK_S03_T2,1767488400.867,26,MOCK_CONDITION_1,,MOCK_LEVEL_1,5.15029,-5.78029,8.93211,0.03834,0.601279,6.76957,0.031944,0.652032,0.00725189,0.257467,-0.0615941,-0.095292,0.34379,0.243097,17.2296,0.339061,0.967401,26.4835,14.8196,219.899,0.189715,-0.0256348,0.00457791,-0.132035,0.374131,0.13399,4.06034,3.97116,-11.5287
MOCK_S03,MOCK_S03_T2,1767488400.900,27,MOCK_CONDITION_1,,MOCK_LEVEL_1,5.04252,8.82724,7.03753,0.121456,0.541125,-3.08577,0.0225207,0.751842,0.596159,0.260421,0.187863,-0.0646976,0.267037,0.26623,15.1973,0.43456,-4.1541,21.9156,15.3562,107.011,0.150544,-0.00206696,-0.00551851,0.0244318,0.401562,0.0931803,14.6156,-13.2988,-3.21443
MOCK_S03,MOCK_S03_T2,1767488400.933,28,MOCK_CONDITION_1,,MOCK_LEVEL_1,-6.24369,-17.0431,2.7404,-0.0235643,0.56671,-3.54487,0.0340163,0.601766,,,,,,,15.7601,0.369409,-5.51555,29.9797,11.0114,54.6544,0.123803,0.00223557,-0.00957537,0.0452373,0.438844,0.121321,-3.78166,7.90863,0.489795
MOCK_S03,MOCK_S03_T2,1767488400.967,29,MOCK_CONDITION_1,,MOCK_LEVEL_1,5.56956,8.49529,4.57631,0.0856899,0.491105,-0.855518,0.0483361,0.707279,-0.193087,0.315502,-0.0207269,-0.167387,0.296337,0.297028,16.2304,0.438515,-4.03712,28.2055,18.6143,67.8904,0.179178,-0.00142147,0.00838929,-0.0647023,0.419672,0.138693,-6.58689,0.217897,4.36068
MOCK_S03,MOCK_S03_T3,1767492000.000,0,MOCK_CONDITION_2,,MOCK_LEVEL_2,28.6921,-8.88755,4.33337,0.072316,0.607762,-8.03463,0.0215599,0.688298,0.211733,0.257324,0.235721,-0.477206,0.178402,0.226977,15.1859,0.452399,-8.07655,47.5334,16.2209,218.02,,,,,,,,,
MOCK_S03,MOCK_S03_T3,1767492000.033,1,MOCK_CONDITION_2,,MOCK_LEVEL_2,16.3614,6.49794,7.01049,-0.116217,0.623979,-2.83343,0.0401125,0.669641,0.0489499,0.543558,-0.125451,0.41102,0.233684,0.301752,13.3926,0.425997,-13.0593,40.7575,14.5036,129.659,0.110908,0.00980931,-0.00294702,-0.0109184,0.303526,0.155556,-6.60898,-11.3634,-4.77671
MOCK_S03,MOCK_S03_T3,1767492000.067,2,MOCK_CONDITION_2,,MOCK_LEVEL_2,27.3246,-3.66766,-1.4924,0.0487116,0.507042,1.76324,0.0298214,0.586293,-0.593934,0.498137,0.595737,0.0473224,0.292806,0.248621,13.4371,0.478103,-2.97939,39.2328,14.3882,61.5845,0.138505,-0.00660902,-0.0136844,-0.0784306,0.475217,0.163163,-14.9038,-3.02278,-6.59331
MOCK_S03,MOCK_S03_T3,1767492000.100,3,MOCK_CONDITION_2,,MOCK_LEVEL_2,10.3912,-0.976414,-6.47111,0.0536632,0.476965,-3.17519,0.020332,0.74946,-0.230601,0.506503,-0.0820534,-0.0626703,0.379967,0.214238,12.5724,0.414016,-3.30792,25.7814,14.0554,77.6354,0.111825,-0.0119831,-0.0043609,-0.0610863,0.405082,0.157353,13.3631,-0.106502,4.4078
MOCK_S03,MOCK_S03_T3,1767492000.133,4,MOCK_CONDITION_2,,MOCK_LEVEL_2,6.21196,2.41378,17.6462,-0.102326,0.482226,-7.58454,0.0281949,0.482101,-0.00201685,0.756646,0.35443,0.0253874,0.286665,0.185632,12.3806,0.451362,-2.6935,41.4564,19.8877,260.362,0.160411,-0.01967,-0.00163281,0.0150134,0.30874,0.0282383,15.8749,-11.5843,3.58079
MOCK_S03,MOCK_S03_T3,1767492000.167,5,MOCK_CONDITION_2,,MOCK_LEVEL_2,7.24854,4.62285,1.64464,0.10884,0.587736,-3.82178,0.0120086,0.777829,0.237146,0.436249,-0.343715,-0.605043,0.255414,0.270253,23.7872,0.465449,2.91209,23.826,16.7725,191.844,0.118096,0.00114708,0.01671,0.121954,0.518107,0.188052,-9.43499,-6.75064,-6.55996
MOCK_S03,MOCK_S03_T3,1767492000.200,6,MOCK_CONDITION_2,,MOCK_LEVEL_2,18.529,5.60228,1.11307,0.00968006,0.572263,1.77002,0.0341349,0.601285,0.192424,0.172692,-0.0793671,0.0314105,0.424034,0.200609,20.2262,0.419363,-7.49507,50.3899,14.7385,181.576,-0.0160445,-0.0131436,-0.0191688,-0.0572762,0.20701,0.17067,-12.0415,-8.90388,-2.73678
MOCK_S03,MOCK_S03_T3,1767492000.233,7,MOCK_CONDITION_2,,MOCK_LEVEL_2,3.61505,-2.47021,5.38335,0.00563308,0.462301,0.523101,0.0433218,0.736878,-0.278615,0.337252,0.321834,-0.2793,0.294618,0.210532,11.2695,0.429292,2.49505,26.4926,17.5964,184.924,0.127798,0.0215999,-0.000170238,0.0507727,0.370454,0.0986178,14.1434,10.8041,2.1422
MOCK_S03,MOCK_S03_T3,1767492000.267,8,MOCK_CONDITION_2,,MOCK_LEVEL_2,15.332,-10.2255,-3.78837,0.0874477,0.553908,-3.21545,0.0272369,0.553197,-0.516238,0.220047,-0.0058137,-0.652118,0.54058,0.198122,7.55579,0.364611,-2.04341,30.5139,14.913,122.325,0.151346,0.00975064,-0.0164104,0.0981986,0.306045,0.184598,-0.107618,9.28078,0.517118
MOCK_S03,MOCK_S03_T3,1767492000.300,9,MOCK_CONDITION_2,,MOCK_LEVEL_2,13.4438,4.76822,6.38076,0.0365937,0.531656,-7.39501,0.0348593,0.627234,-0.0156772,0.354566,-0.195652,-0.294759,0.40286,0.221476,15.7938,0.375163,-4.40498,45.844,13.7966,101.582,0.13407,-0.00414387,0.00347123,-0.0187159,0.323947,0.209749,-5.47752,3.29112,0.57041
MOCK_S03,MOCK_S03_T3,1767492000.333,10,MOCK_CONDITION_2,,MOCK_LEVEL_2,17.865,0.392849,5.53599,0.162762,0.518532,-7.00432,0.0359608,0.64538,-0.20899,0.364953,-0.421468,-0.040964,0.136692,0.169251,11.5501,0.467254,-6.19109,27.1631,11.5055,182.725,0.0647734,-0.0100515,-0.00404916,-0.212832,0.429808,0.100484,-11.9095,-0.0953049,4.5721
MOCK_S03,MOCK_S03_T3,1767492000.367,11,MOCK_CONDITION_2,,MOCK_LEVEL_2,14.9844,-0.287594,4.47352,0.159297,0.498171,1.39681,0.029635,0.605579,-0.674665,-0.0205701,-0.216047,-0.329854,0.312979,0.255961,7.54633,0.41275,2.32932,41.7588,10.4695,121.656,0.123013,-0.0093898,-0.00591855,0.0705441,0.307675,0.0884686,-11.4103,-10.1453,-2.88099
MOCK_S03,MOCK_S03_T3,1767492000.400,12,MOCK_CONDITION_2,,MOCK_LEVEL_2,27.1437,-1.50307,1.55097,0.0429121,0.518747,-0.0886223,0.0379127,0.5513,-0.169429,0.617741,-0.00287811,-0.335676,0.547379,0.214569,15.3783,0.440032,4.28491,48.8851,11.4601,155.904,0.122988,-0.0187091,0.00689955,-0.176085,0.206137,0.104093,-30.9929,5.70986,-8.41565
MOCK_S03,MOCK_S03_T3,1767492000.433,13,MOCK_CONDITION_2,,MOCK_LEVEL_2,4.27229,-8.91047,2.70111,-0.029049,0.622264,-5.88781,0.050776,0.829375,0.334044,0.48722,0.401785,-0.146343,0.281647,0.291642,13.7793,0.343853,-1.80715,26.6016,14.1927,75.854,0.190023,-0.00754691,-0.00886758,-0.0925439,0.399077,0.0754125,-0.796214,-8.98108,-11.0997
MOCK_S03,MOCK_S03_T3,1767492000.467,14,MOCK_CONDITION_2,,MOCK_LEVEL_2,11.5113,12.3398,6.32436,-0.0136419,0.493573,-12.1543,0.0321951,0.715871,0.174213,0.359124,0.343666,0.195781,0.363155,0.240727,11.0036,0.409425,3.14398,29.4029,12.5509,155.721,0.214021,-0.0162591,0.00235169,-0.0573995,0.340754,0.108161,-2.85849,-0.183884,-1.57427
MOCK_S03,MOCK_S03_T3,1767492000.500,15,MOCK_CONDITION_2,,MOCK_LEVEL_2,8.57703,-9.41322,3.50988,-0.0494744,0.597522,2.27239,0.0439292,0.848483,,,,,,,11.1626,0.435125,8.87533,17.63,18.0349,220.197,0.195871,-0.00821317,0.00130462,0.157477,0.357869,0.154469,-18.4231,-27.0286,1.67498
MOCK_S03,MOCK_S03_T3,1767492000.533,16,MOCK_CONDITION_2,,MOCK_LEVEL_2,17.9175,-11.9104,3.10085,-0.142393,0.49704,-0.216423,0.0290688,0.59531,0.196159,0.355063,-0.281096,-0.296833,0.250451,0.19977,13.6418,0.387786,-2.26946,45.0337,16.4603,180.23,0.118847,-0.000182653,0.00890653,-0.0255152,0.486927,0.0193809,2.39011,-9.02353,4.35704
MOCK_S03,MOCK_S03_T3,1767492000.567,17,MOCK_CONDITION_2,,MOCK_LEVEL_2,20.9914,12.4319,7.9572,0.0541923,0.383261,-12.9631,0.0519104,0.550203,0.495581,0.0670807,-0.265177,-0.25103,0.396649,0.275015,17.406,0.445657,-7.3855,37.7588,14.9658,79.3016,0.0439643,0.000447378,0.00344061,0.127239,0.353575,0.144409,14.3953,10.1025,-7.76891
MOCK_S03,MOCK_S03_T3,1767492000.600,18,MOCK_CONDITION_2,,MOCK_LEVEL_2,4.53144,3.61462,2.64171,-0.0717329,0.375091,-1.78706,0.0122328,0.636647,-0.0596453,0.551517,0.0701277,-0.0937582,0.315412,0.187937,18.957,0.430822,-4.66059,38.0253,12.2338,92.1108,0.0667495,0.00932057,-0.00383616,0.0777667,0.271408,0.181837,-14.1701,-9.37544,10.6587
MOCK_S03,MOCK_S03_T3,1767492000.633,19,MOCK_CONDITION_2,,MOCK_LEVEL_2,34.1061,-5.1782,3.43505,-0.0160653,0.66193,-4.13112,0.0294728,0.754097,-0.241606,0.19425,0.169735,-0.6883,0.307092,0.239864,12.4654,0.419289,-0.382743,35.0607,15.8823,1.15827,0.197227,-0.0103427,-0.0153691,0.0389735,0.460366,0.0967223,1.27657,-12.8896,0.865173
MOCK_S03,MOCK_S03_T3,1767492000.667,20,MOCK_CONDITION_2,,MOCK_LEVEL_2,33.2482,-10.0186,7.72658,-0.0716887,0.573132,-6.95771,0.0460132,0.701228,-0.854954,0.528054,-0.0412197,-0.570701,0.265897,0.143213,12.4414,0.323288,-4.05693,29.5314,16.4239,61.2249,0.0900048,0.0171012,-0.000890324,0.118254,0.333079,0.176054,-13.6913,-19.7618,-2.06754
MOCK_S03,MOCK_S03_T3,1767492000.700,21,MOCK_CONDITION_2,,MOCK_LEVEL_2,3.44812,-5.48509,1.09976,0.0990531,0.486195,3.87331,0.0286425,0.700353,0.452948,0.249527,-0.242853,-0.156808,0.355688,0.173279,12.0618,0.472,-2.33931,48.3268,13.645,154.738,0.117476,0.0116586,-0.00752653,-0.0342133,0.459766,0.0417811,0.67117,9.87024,1.69985
MOCK_S03,MOCK_S03_T3,1767492000.733,22,MOCK_CONDITION_2,,MOCK_LEVEL_2,11.1469,4.13843,0.800549,-0.0127503,0.40706,0.447754,0.0311345,0.627999,-0.321897,0.348158,0.294539,-0.329562,0.311683,0.333118,9.76656,0.387411,-8.68259,51.617,19.9564,128.972,0.189087,-0.0103887,-0.0211467,-0.0628578,0.408899,0.128864,-1.75053,-9.0264,-3.15447
MOCK_S03,MOCK_S03_T3,1767492000.767,23,MOCK_CONDITION_2,,MOCK_LEVEL_2,16.1757,-10.2022,-4.31111,-0.0921582,0.510307,6.18082,0.016493,0.568184,-0.234848,-0.00116785,0.251227,-0.759535,0.346606,0.237024,14.5807,0.468898,-7.11161,41.115,18.4257,141.281,0.143048,-0.00463911,0.00993767,0.0101486,0.416687,0.124096,-5.9056,-11.4064,3.43657
MOCK_S03,MOCK_S03_T3,1767492000.800,24,MOCK_CONDITION_2,,MOCK_LEVEL_2,17.5829,18.3444,5.54486,0.0414479,0.47446,-1.41015,0.02889,0.597078,0.240047,0.356828,0.0641822,0.0545478,0.347042,0.310947,15.9484,0.452105,-5.73957,42.0858,20.0642,194.519,0.243372,-0.00756276,-0.00858497,0.00369587,0.577784,0.00549297,-8.96489,15.2399,7.14377
MOCK_S03,MOCK_S03_T3,1767492000.833,25,MOCK_CONDITION_2,,MOCK_LEVEL_2,15.8182,11.4073,4.1167,-0.0750027,0.551762,-10.7283,0.0426843,0.609246,,,,,,,9.06589,0.372158,0.451915,36.6383,11.9835,179.364,0.160179,-0.00706787,-0.00312704,0.0879821,0.365639,0.0943759,-4.01614,-7.60647,2.04178
MOCK_S03,MOCK_S03_T3,1767492000.867,26,MOCK_CONDITION_2,,MOCK_LEVEL_2,26.5422,-3.83311,-4.20287,0.0395442,0.522946,0.194299,0.0415452,0.588125,0.455105,0.628913,0.315025,-0.755676,0.197012,0.220524,16.7276,0.347723,-6.9045,31.6691,17.0278,224.693,0.101248,0.00629544,0.0105735,-0.0115298,0.33023,0.10854,4.65679,2.08329,-9.28375
MOCK_S03,MOCK_S03_T3,1767492000.900,27,MOCK_CONDITION_2,,MOCK_LEVEL_2,12.0255,-0.843049,5.83533,0.0704767,0.494199,3.68702,0.0246277,0.658069,-0.490765,0.466698,-0.0862431,-0.241968,0.533202,0.21128,6.47677,0.397628,2.51049,41.9631,17.2361,110.208,0.166049,0.0049024,0.00443298,-0.0882954,0.414771,0.157822,2.67357,4.31,8.78068
MOCK_S03,MOCK_S03_T3,1767492000.933,28,MOCK_CONDITION_2,,MOCK_LEVEL_2,7.40898,-15.2525,0.09834,0.130298,0.552968,-4.2197,0.0395054,0.579396,0.0776668,0.208363,0.00772253,-0.556859,0.40895,0.267063,18.3489,0.375007,5.32298,40.2114,16.7863,173.95,0.123684,-0.0166502,-0.00145741,-0.0319339,0.575114,0.112658,-1.97945,16.592,-8.19106
MOCK_S03,MOCK_S03_T3,1767492000.967,29,MOCK_CONDITION_2,,MOCK_LEVEL_2,8.64128,-19.0875,-6.31304,-0.0334901,0.573842,-11.3584,0.0186764,0.567855,0.137402,0.179988,0.0944591,-0.529222,0.215496,0.2886,13.1033,0.554016,-3.4536,30.6744,13.9477,30.7202,0.197093,-0.0101938,0.00316728,-0.073442,0.46597,0.186893,-6.64296,12.0061,-3.5779
MOCK_S04,MOCK_S04_T1,1767571200.000,0,MOCK_CONDITION_0,,MOCK_LEVEL_0,1.00794,2.00425,4.12639,0.0169923,0.531842,6.5131,0.0296724,0.737671,-0.0285975,0.170846,-0.234785,-0.0551865,0.267476,0.281678,10.2428,0.379465,-1.61391,43.3021,7.79537,113.181,,,,,,,,,
MOCK_S04,MOCK_S04_T1,1767571200.033,1,MOCK_CONDITION_0,,MOCK_LEVEL_0,0.140184,-9.82991,3.5478,0.00682616,0.495784,6.82373,0.0285941,0.770815,0.226642,0.357211,0.0525377,-0.00779653,0.196112,0.230189,8.96424,0.457421,-7.02766,48.5075,9.89954,210.158,0.103304,-0.0107074,-0.00373877,0.0121816,0.182422,0.196752,-18.4195,1.60365,-0.103087
MOCK_S04,MOCK_S04_T1,1767571200.067,2,MOCK_CONDITION_0,,MOCK_LEVEL_0,-3.64946,-1.08764,-4.75092,0.00454791,0.527131,-0.267683,0.0397907,0.835785,0.154213,0.653972,-0.246173,0.356203,0.0815598,0.282767,21.3451,0.444377,-0.861899,56.1265,13.803,14.6984,0.144628,0.00450129,0.0177244,-0.143343,0.507485,0.135368,1.46952,24.3052,3.19994
MOCK_S04,MOCK_S04_T1,1767571200.100,3,MOCK_CONDITION_0,,MOCK_LEVEL_0,-8.73868,-3.20006,-8.9132,0.0934472,0.562589,12.6179,0.0282686,0.656825,0.164517,0.444357,-0.397496,0.207837,0.143922,0.332989,13.5782,0.385209,-10.3116,34.4731,12.0777,58.1254,0.184678,-0.0062861,0.000642299,-0.0125753,0.247038,0.219377,5.47266,3.23406,-0.723943
MOCK_S04,MOCK_S04_T1,1767571200.133,4,MOCK_CONDITION_0,,MOCK_LEVEL_0,-2.62944,-16.4943,-1.92549,0.0648137,0.661567,-2.75628,0.0433789,0.851947,,,,,,,16.3222,0.369087,-6.96608,32.1851,16.1659,91.3975,0.0071091,0.00084288,0.0135818,0.199558,0.121393,0.105427,15.5689,23.2917,5.98962
MOCK_S04,MOCK_S04_T1,1767571200.167,5,MOCK_CONDITION_0,,MOCK_LEVEL_0,-5.59113,3.34655,-4.9855,0.0605798,0.443617,11.606,0.0255121,0.755089,-0.00578679,0.260718,0.137874,0.297466,0.23715,0.169574,8.509,0.430677,-9.2856,45.9301,8.95256,-39.2751,0.107122,-0.0237723,-0.00563491,-0.135335,0.281975,0.138708,-0.963016,6.74716,-0.177373
MOCK_S04,MOCK_S04_T1,1767571200.200,6,MOCK_CONDITION_0,,MOCK_LEVEL_0,-2.58918,-5.86806,-7.97329,-0.114002,0.461058,7.71138,0.0135764,0.396522,-0.180994,0.29059,-0.460453,-0.308863,0.405579,0.182068,8.89268,0.368997,4.87602,46.5572,14.2191,137.363,0.0229738,-0.0107287,-0.00668403,0.0925788,0.0980488,0.0870611,5.54884,-11.3578,3.36486
MOCK_S04,MOCK_S04_T1,1767571200.233,7,MOCK_CONDITION_0,,MOCK_LEVEL_0,-6.9653,-8.8265,4.56761,0.0318748,0.477499,4.13835,0.0161464,0.537388,0.090284,0.4032,0.0116942,0.176252,0.170711,0.24461,11.4696,0.390833,-0.842765,48.2562,12.928,95.6981,0.0469963,0.0123016,0.00627742,-0.179444,0.181602,0.0971243,19.0369,5.42208,1.55426
MOCK_S04,MOCK_S04_T1,1767571200.267,8,MOCK_CONDITION_0,,MOCK_LEVEL_0,-14.773,8.45736,0.565539,0.0470404,0.428568,3.2946,0.0345549,0.703638,-0.00954162,0.21885,-0.315152,0.200368,0.00804977,0.167332,12.222,0.308846,-6.80166,40.9882,11.0026,168.986,0.148861,-0.0245297,0.00117303,-0.115747,0.194524,0.117877,-4.94641,9.16685,4.66136
MOCK_S04,MOCK_S04_T1,1767571200.300,9,MOCK_CONDITION_0,,MOCK_LEVEL_0,-14.1199,6.62085,-2.68916,-0.0639518,0.540452,7.73349,0.0269568,0.682798,0.481222,0.334421,-0.16977,0.148273,0.0371963,0.28283,7.82659,0.447599,-1.23701,35.6421,19.5339,97.487,0.0382295,-0.00170259,0.0030154,-0.0142514,0.173258,0.128398,-6.04212,-9.71922,-3.4134
MOCK_S04,MOCK_S04_T1,1767571200.333,10,MOCK_CONDITION_0,,MOCK_LEVEL_0,-3.79956,19.4859,-2.41678,-0.0309711,0.46295,13.6558,0.0223955,0.568109,0.217327,0.226107,-0.197294,0.142112,0.136358,0.254477,14.9021,0.37961,-16.4464,41.9788,11.1555,113.968,0.16965,0.0112609,0.00935734,-0.0608143,0.0687266,0.162923,-0.132883,15.5867,7.17725
MOCK_S04,MOCK_S04_T1,1767571200.367,11,MOCK_CONDITION_0,,MOCK_LEVEL_0,9.59276,-11.5218,2.97025,0.0573956,0.448239,0.336992,0.0372103,0.698586,0.134823,0.234881,0.0758018,-0.638711,0.335704,0.234078,17.6679,0.425941,-5.6466,48.6697,14.0824,146.225,0.108146,-0.00578904,-0.0059497,0.157749,0.0871359,0.0760866,10.1909,15.0231,8.12053
MOCK_S04,MOCK_S04_T1,1767571200.400,12,MOCK_CONDITION_0,,MOCK_LEVEL_0,-6.62885,16.703,5.12985,-0.014185,0.599452,7.07079,0.0473872,0.759646,-0.635315,0.208987,0.352135,0.202708,0.230679,0.268908,10.6944,0.443877,7.43363,26.104,12.1995,38.2168,0.123972,-0.00211608,0.00922323,0.0621814,0.205388,0.181463,-15.1472,10.0781,-2.56256
MOCK_S04,MOCK_S04_T1,1767571200.433,13,MOCK_CONDITION_0,,MOCK_LEVEL_0,-13.9972,9.48203,-4.07868,0.21928,0.455582,5.56967,0.0194817,0.746179,-0.125389,0.31583,-0.449062,-0.0756835,0.266391,0.176363,-0.32978,0.414359,-5.90001,39.846,13.9737,78.9852,0.114354,-0.00389846,0.021177,0.00379847,0.387469,0.193894,4.81132,12.7282,7.20191
MOCK_S04,MOCK_S04_T1,1767571200.467,14,MOCK_CONDITION_0,,MOCK_LEVEL_0,-7.59229,11.3559,1.47941,-0.0367923,0.423609,5.08108,0.0285017,0.745924,-0.477115,0.679847,-0.331911,0.149773,0.224369,0.283962,10.3567,0.356206,-8.08755,40.3563,13.8646,103.958,0.117427,-0.0151187,-0.00392207,0.129546,0.231653,0.151519,-12.6506,15.6213,7.79799
MOCK_S04,MOCK_S04_T1,1767571200.500,15,MOCK_CONDITION_0,,MOCK_LEVEL_0,-0.40365,-1.42566,-6.82355,0.00225269,0.427839,6.92323,0.0424789,0.508246,-0.371555,0.535128,-0.0499526,0.216357,0.112024,0.194106,14.6432,0.376239,6.08558,40.9441,17.2598,113.559,0.0715945,-0.0054117,-0.00877492,0.082285,0.135872,0.153235,13.4839,13.9654,10.1946
MOCK_S04,MOCK_S04_T1,1767571200.533,16,MOCK_CONDITION_0,,MOCK_LEVEL_0,2.94954,5.03109,-9.0381,0.0402108,0.42591,-0.423421,0.0359395,0.769789,-0.229967,0.041455,0.139166,-0.217758,0.172959,0.166584,18.7695,0.472085,-9.54261,40.0855,14.7082,128.408,0.106303,0.0049093,0.00471421,0.161988,0.281061,0.0636057,0.51887,1.50461,-0.122666
MOCK_S04,MOCK_S04_T1,1767571200.567,17,MOCK_CONDITION_0,,MOCK_LEVEL_0,-1.96301,8.17976,-7.91592,-0.0438629,0.514735,9.48858,0.0215532,0.569434,-0.708204,0.0118264,0.488053,0.261457,0.345098,0.214596,10.4228,0.414552,-3.77208,50.3323,10.9282,186.411,0.00112027,-0.00361209,-0.00189784,0.0265753,0.376615,0.122705,-9.54616,14.9097,5.46976
MOCK_S04,MOCK_S04_T1,1767571200.600,18,MOCK_CONDITION_0,,MOCK_LEVEL_0,4.85715,2.26819,0.975593,0.0151586,0.51176,7.76914,0.0106845,0.821468,,,,,,,14.9149,0.38757,3.93471,59.6639,8.63669,211.068,0.047454,0.00426113,-0.0167032,-0.0306268,0.35951,0.0786183,-7.53134,20.0923,3.22263
MOCK_S04,MOCK_S04_T1,1767571200.633,19,MOCK_CONDITION_0,,MOCK_LEVEL_0,-14.4731,-2.39052,0.095655,-0.14461,0.540236,1.30788,0.0269383,0.812456,-0.107943,0.255819,0.14202,0.0923521,0.168919,0.306205,11.1613,0.388702,-4.7041,41.7722,14.1924,87.1159,0.063513,-0.00890847,0.0180111,0.112278,0.192638,0.115444,4.05318,-0.0382158,12.9817
MOCK_S04,MOCK_S04_T1,1767571200.667,20,MOCK_CONDITION_0,,MOCK_LEVEL_0,7.55789,14.4223,3.61743,0.0724544,0.556446,7.87481,0.0201418,0.703636,0.0952343,0.36365,0.0798562,-0.29268,0.142551,0.251025,12.1857,0.385603,-11.4086,39.903,15.3081,234.498,0.155786,0.0142339,0.00706022,-0.0786256,0.220081,0.230676,-14.2588,15.0595,2.38312
MOCK_S04,MOCK_S04_T1,1767571200.700,21,MOCK_CONDITION_0,,MOCK_LEVEL_0,15.671,14.7432,0.208347,-0.0488255,0.440776,5.51542,0.0344162,0.802526,0.0499866,0.520709,0.265622,-0.19136,0.236043,0.193241,12.9213,0.414642,-14.821,43.9368,13.2214,105.361,0.201614,-0.00208464,-0.010169,0.0350838,0.274465,0.0395953,-5.28856,9.78374,7.82279
MOCK_S04,MOCK_S04_T1,1767571200.733,22,MOCK_CONDITION_0,,MOCK_LEVEL_0,4.15787,-5.56595,1.82009,-0.194697,0.456222,3.47363,0.0267164,0.68135,0.151445,0.368167,-0.0808843,0.251405,0.166234,0.270359,11.9573,0.391404,-10.0252,51.4355,11.8359,101.35,0.0438705,-0.0121198,0.00261267,0.187353,0.2284,0.149886,-9.40375,24.128,-4.48913
MOCK_S04,MOCK_S04_T1,1767571200.767,23,MOCK_CONDITION_0,,MOCK_LEVEL_0,-7.63139,6.34445,1.90487,0.0322814,0.493975,3.41889,0.0493309,0.629609,0.280203,0.344336,0.280853,0.432825,0.173803,0.29061,16.8208,0.385163,2.61545,42.3268,15.5069,215.454,0.118097,-0.0151152,0.00343503,-0.0058258,0.10281,0.147679,13.9341,19.1666,6.37228
MOCK_S04,MOCK_S04_T1,1767571200.800,24,MOCK_CONDITION_0,,MOCK_LEVEL_0,-10.1205,-0.169829,2.7129,0.122352,0.506362,4.09082,0.0356161,0.665604,-0.150016,0.366182,-0.31735,0.685326,0.0786161,0.34751,17.2692,0.400824,-10.1052,48.4236,8.03099,151.637,0.156285,-0.0226107,0.00733495,-0.0686659,0.0392503,0.00590636,-17.5306,18.7149,2.28894
MOCK_S04,MOCK_S04_T1,1767571200.833,25,MOCK_CONDITION_0,,MOCK_LEVEL_0,1.22553,9.29719,4.41019,0.0559122,0.565273,4.99091,0.0326466,0.665873,0.487398,0.0768598,-0.568937,0.0733756,0.142944,0.198761,16.2082,0.38207,-9.66071,54.8793,13.2757,143.482,0.0324263,-0.00902944,0.0171511,-0.0596558,0.333439,0.11848,11.6767,-2.74282,-1.53888
MOCK_S04,MOCK_S04_T1,1767571200.867,26,MOCK_CONDITION_0,,MOCK_LEVEL_0,-8.35293,-13.2405,-4.16912,-0.0973563,0.460066,4.9413,0.0169353,0.723962,0.0578826,0.210642,0.354346,-0.0834431,0.351662,0.310418,9.8379,0.439507,-6.04527,58.3114,13.2525,194.23,0.12967,0.00687006,-0.00622716,0.0113627,0.193438,0.161211,10.864,12.3706,1.93299
MOCK_S04,MOCK_S04_T1,1767571200.900,27,MOCK_CONDITION_0,,MOCK_LEVEL_0,-9.26543,19.5767,-4.64984,-0.114573,0.445184,5.57605,0.039568,0.677565,0.166058,0.351886,0.36306,0.307847,0.346057,0.20118,17.5227,0.392706,-0.568505,48.6306,9.00542,72.448,0.147597,-0.00872201,-0.00435573,-0.0253491,0.186044,0.0953745,-5.37594,-5.77174,3.25902
MOCK_S04,MOCK_S04_T1,1767571200.933,28,MOCK_CONDITION_0,,MOCK_LEVEL_0,-15.2372,8.5942,0.582128,-0.126573,0.549952,0.0562093,0.0508004,0.678532,-0.17764,0.207815,0.366259,-0.171519,0.189691,0.202895,7.18394,0.342602,-2.94061,39.0286,11.2566,140.95,0.0985865,-0.00949186,0.00472969,0.0553043,0.126253,0.0749289,-18.2648,12.2581,1.62063
MOCK_S04,MOCK_S04_T1,1767571200.967,29,MOCK_CONDITION_0,,MOCK_LEVEL_0,2.43791,-5.10452,5.45619,-0.0533177,0.359778,3.45381,0.0143754,0.681611,-0.270125,0.354007,0.240913,-0.656969,0.191677,0.284143,13.1347,0.393542,-9.78297,47.9039,12.4352,85.008,0.13389,0.00884616,-0.00867131,0.0522802,0.0364491,0.103482,-0.0286245,26.5117,6.24609
MOCK_S04,MOCK_S04_T2,1767574800.000,0,MOCK_CONDITION_1,,MOCK_LEVEL_1,6.76049,16.1035,-13.0682,0.0823752,0.552484,10.7368,0.0369381,0.607945,-0.316829,0.432874,-0.0532112,0.879817,0.28897,0.319977,16.8183,0.34221,-3.94128,48.9553,10.0697,120.165,,,,,,,,,
MOCK_S04,MOCK_S04_T2,1767574800.033,1,MOCK_CONDITION_1,,MOCK_LEVEL_1,2.36281,-3.47257,5.53024,-0.186026,0.436863,5.99952,0.0353933,0.757413,0.546582,0.246046,-0.284574,0.381036,0.248906,0.349969,10.044,0.370491,-8.66247,44.6144,7.60171,180.349,0.120228,0.00437972,0.00616204,0.115164,0.296185,0.0849641,8.4474,-7.77768,-4.08266
MOCK_S04,MOCK_S04_T2,1767574800.067,2,MOCK_CONDITION_1,,MOCK_LEVEL_1,3.67695,11.7362,-5.34629,-0.0402411,0.471775,1.93788,0.00256048,0.82192,0.06374,0.329589,-0.479167,0.14565,0.327765,0.293727,7.80365,0.372966,1.01651,47.769,14.1154,155.823,0.0395297,0.0133701,-0.0035385,-0.148737,0.48658,0.211062,-8.57709,9.48677,-2.35991
MOCK_S04,MOCK_S04_T2,1767574800.100,3,MOCK_CONDITION_1,,MOCK_LEVEL_1,-0.00481613,4.71215,3.13895,-0.00852051,0.562629,2.0636,0.0278121,0.733445,0.0815394,0.0269703,0.628093,0.123439,0.4703,0.251318,18.0818,0.382643,-5.2212,23.062,11.8738,147.601,0.0843787,-0.0104388,-0.00494661,0.144189,0.46599,0.128259,-14.0378,13.5974,-2.52102
MOCK_S04,MOCK_S04_T2,1767574800.133,4,MOCK_CONDITION_1,,MOCK_LEVEL_1,1.63796,10.7551,-3.60493,0.0105072,0.548349,5.38541,0.0429981,0.802455,-0.304631,0.459994,-0.126764,-0.216572,0.316146,0.166643,11.4821,0.425036,-4.36857,38.631,9.4683,157.046,0.113605,-0.00103316,0.0160547,0.168086,0.270927,0.213457,-7.11246,5.55321,1.29685
MOCK_S04,MOCK_S04_T2,1767574800.167,5,MOCK_CONDITION_1,,MOCK_LEVEL_1,9.00217,5.96999,0.107384,0.0213453,0.543764,4.8763,0.0284069,0.84277,-0.291429,0.547095,-0.150977,0.544071,0.075652,0.255759,10.4033,0.378926,-0.60604,50.6711,12.8315,142.451,0.147455,0.00332797,-0.000770498,0.0366669,0.12962,0.0617482,10.7201,1.8843,11.1592
MOCK_S04,MOCK_S04_T2,1767574800.200,6,MOCK_CONDITION_1,,MOCK_LEVEL_1,2.15611,18.3582,-0.813007,0.153333,0.508457,8.82964,0.0250902,0.703638,,,,,,,15.3307,0.443599,-7.07457,32.3565,15.1336,173.789,0.130409,-0.00191406,-0.00445355,0.161351,0.051666,0.0676633,-7.4368,5.87023,3.21521
MOCK_S04,MOCK_S04_T2,1767574800.233,7,MOCK_CONDITION_1,,MOCK_LEVEL_1,-1.29734,6.43756,5.17068,-0.107165,0.481051,5.31627,0.0453646,0.668673,0.056574,0.233457,-0.151699,-0.0120289,0.131392,0.218295,11.8201,0.352868,-3.58598,33.3914,11.2765,173.354,0.000633051,-0.0165249,-0.00655324,0.119871,0.342715,0.150598,20.1358,30.6652,2.19365
MOCK_S04,MOCK_S04_T2,1767574800.267,8,MOCK_CONDITION_1,,MOCK_LEVEL_1,-14.7691,-7.14531,-3.49912,0.0214885,0.495077,11.5661,0.0277245,0.758375,-0.267996,0.114805,0.371792,-0.00539493,0.0544969,0.259353,13.5301,0.400994,-9.37981,59.9713,10.2906,101.159,0.156517,-0.0205648,0.0013031,-0.02706,0.239205,0.197192,-1.32527,10.5157,7.56116
MOCK_S04,MOCK_S04_T2,1767574800.300,9,MOCK_CONDITION_1,,MOCK_LEVEL_1,-3.36184,13.7634,6.95681,0.0855557,0.422373,8.11418,0.0256615,0.665603,-0.0332337,0.603961,0.0650316,-0.425525,0.168308,0.173324,12.2116,0.398892,-3.96291,45.9179,12.3814,257.658,0.182145,-0.0105442,0.000955416,0.00189978,0.0416061,0.157977,-4.43358,27.5261,2.217
MOCK_S04,MOCK_S04_T2,1767574800.333,10,MOCK_CONDITION_1,,MOCK_LEVEL_1,-8.86623,21.7317,-3.52999,0.0766247,0.560403,5.38393,0.0397452,0.588337,-0.162081,0.744621,-0.380902,0.245159,0.108814,0.255482,7.92206,0.393884,0.625519,44.6758,8.95143,141.303,0.120479,-0.0221834,0.0197553,0.129712,0.168347,0.128571,3.81707,-11.0433,5.1888
MOCK_S04,MOCK_S04_T2,1767574800.367,11,MOCK_CONDITION_1,,MOCK_LEVEL_1,6.14493,1.05824,-5.03138,0.0242667,0.453904,7.62568,0.033097,0.749054,-0.442549,0.364751,-0.0368819,-0.252934,0.288205,0.16181,14.3414,0.40673,-2.07984,32.4514,11.4224,143.813,0.117755,-0.00788939,-0.000725635,-0.0916579,0.269238,0.045233,13.8219,-3.10133,7.0521
MOCK_S04,MOCK_S04_T2,1767574800.400,12,MOCK_CONDITION_1,,MOCK_LEVEL_1,-0.0312235,2.99235,-3.66054,-0.116046,0.541076,4.75916,0.0381567,0.498969,-0.104335,0.287603,0.137205,0.346575,0.24335,0.20387,20.4001,0.37725,-0.48014,44.8482,14.0792,266.803,0.148257,-0.0118644,-0.00981058,-0.0139292,0.26699,0.114224,2.92983,-12.9831,2.55173
MOCK_S04,MOCK_S04_T2,1767574800.433,13,MOCK_CONDITION_1,,MOCK_LEVEL_1,-21.8127,-6.06406,-6.14332,-0.03975,0.50132,4.79176,0.0512755,0.725589,-0.0880509,0.414147,0.00798564,0.280853,0.0206322,0.290016,5.20286,0.409374,-3.34706,49.5088,12.9273,90.8361,0.0970013,0.0118855,-0.00230918,0.168828,0.285605,0.159028,-0.126378,9.09771,2.3113
MOCK_S04,MOCK_S04_T2,1767574800.467,14,MOCK_CONDITION_1,,MOCK_LEVEL_1,-1.17315,13.5224,-2.10878,0.00501858,0.45106,5.34168,0.013366,0.631884,-0.146878,0.242633,0.0468163,-0.00324879,0.152395,0.266231,18.1049,0.402996,0.810092,52.9982,13.8308,115.545,0.139439,0.0033041,-0.00248562,0.018995,0.0721815,0.0783028,-5.47352,10.1793,6.68951
MOCK_S04,MOCK_S04_T2,1767574800.500,15,MOCK_CONDITION_1,,MOCK_LEVEL_1,-0.1017,14.1096,2.198,-0.0482346,0.42453,12.0969,0.012075,0.734664,0.016126,0.203322,0.0663092,0.584729,0.294588,0.184711,12.936,0.385031,2.1203,44.7248,15.2919,217.413,0.021289,0.00394872,-0.0178446,0.0284111,0.192015,0.106077,-0.113949,-3.14287,6.73542
MOCK_S04,MOCK_S04_T2,1767574800.533,16,MOCK_CONDITION_1,,MOCK_LEVEL_1,-20.6306,4.47939,-7.58371,0.0577982,0.615366,12.3309,0.0261061,0.700141,-0.313149,0.668815,0.0937612,-0.0265408,0.285935,0.200281,10.2484,0.436472,-7.96614,51.1113,11.2253,211.845,0.11605,-0.0207458,-0.0132445,0.0581867,0.527833,0.0721026,16.9798,9.32523,7.60267
MOCK_S04,MOCK_S04_T2,1767574800.567,17,MOCK_CONDITION_1,,MOCK_LEVEL_1,-14.1291,14.7174,3.72445,-0.0111194,0.437937,-0.852575,0.0249169,0.694182,-0.703168,0.381426,0.372805,0.178823,0.0306813,0.189099,6.82349,0.432567,-14.6714,33.7481,10.161,168.047,0.0649075,0.00551682,0.00253746,0.134382,0.237264,0.0968702,5.31278,-0.432994,-0.830541
MOCK_S04,MOCK_S04_T2,1767574800.600,18,MOCK_CONDITION_1,,MOCK_LEVEL_1,-7.2105,17.4517,0.22774,0.0412743,0.629957,9.23552,0.0287055,0.807131,,,,,,,15.011,0.397141,-9.16565,55.5952,10.7343,241.862,0.0810459,-0.00047902,0.00933953,-0.0265667,0.339049,0.0586973,20.1123,25.7668,3.42811
MOCK_S04,MOCK_S04_T2,1767574800.633,19,MOCK_CONDITION_1,,MOCK_LEVEL_1,16.1757,14.6598,2.90527,0.0155907,0.534988,11.7875,0.0173366,0.687815,-0.102717,0.548873,-0.150787,0.138135,0.19976,0.230761,13.8124,0.428425,7.13257,37.4332,9.80728,136.645,0.0345499,-0.00897198,0.00326994,0.0167431,0.331104,0.0494568,-3.65012,-4.20727,1.84599
MOCK_S04,MOCK_S04_T2,1767574800.667,20,MOCK_CONDITION_1,,MOCK_LEVEL_1,-1.55592,17.2448,-2.1575,0.0338604,0.522429,9.65376,0.0357109,0.63236,-0.322011,0.368997,-0.303232,0.0634957,-0.0301929,0.275545,14.4313,0.412727,-4.57941,36.8722,14.1007,108.234,0.0902426,0.00322134,0.00244739,-0.00479337,0.220827,0.0409256,5.09693,4.59837,0.010632
MOCK_S04,MOCK_S04_T2,1767574800.700,21,MOCK_CONDITION_1,,MOCK_LEVEL_1,1.5213,6.69876,-0.44322,-0.0182533,0.560487,4.48696,0.0291011,0.623867,-0.505195,-0.0340066,-0.217198,-0.23522,0.236203,0.0759487,12.1749,0.416434,-12.7658,57.484,11.4754,101.951,0.12182,-0.0272577,0.0148357,-0.069816,0.235762,0.0512249,6.89949,-13.8977,-2.79937
MOCK_S04,MOCK_S04_T2,1767574800.733,22,MOCK_CONDITION_1,,MOCK_LEVEL_1,-12.0736,4.4007,-3.32797,-0.0155112,0.469457,-0.900324,0.0176311,0.833412,-0.232783,0.136605,-0.131748,0.14428,0.497978,0.250758,11.7263,0.340088,3.00205,54.5009,16.8046,111.893,0.151981,-0.00605655,-0.0107436,0.130399,0.338656,0.16053,13.0502,-13.7086,6.51072
MOCK_S04,MOCK_S04_T2,1767574800.767,23,MOCK_CONDITION_1,,MOCK_LEVEL_1,6.81222,-6.72684,4.99336,-0.0221265,0.535401,2.06641,0.0396919,0.785703,-0.616742,0.201292,-0.0457281,0.0528649,0.157945,0.23905,16.1871,0.346867,-6.65515,36.8209,8.78691,112.014,0.130448,-0.00354661,-0.00458708,0.0819029,0.151705,0.101133,-1.76597,0.803631,-6.43681
MOCK_S04,MOCK_S04_T2,1767574800.800,24,MOCK_CONDITION_1,,MOCK_LEVEL_1,2.93909,-24.7569,2.26666,-0.0829626,0.474493,-6.12658,0.0249586,0.765727,-0.289002,0.368623,0.122473,0.339755,0.316889,0.192079,23.2715,0.397553,-2.18654,33.5329,8.45143,40.3916,0.158971,-0.0100843,0.00751108,-0.00870405,0.239263,0.166686,4.68919,27.7132,-7.36521
MOCK_S04,MOCK_S04_T2,1767574800.833,25,MOCK_CONDITION_1,,MOCK_LEVEL_1,3.05355,11.3272,3.40706,-0.0200775,0.588865,1.33876,0.035228,0.746979,-0.0632792,0.29216,-0.328075,0.0613116,0.228987,0.209374,6.81441,0.419925,-9.45344,53.2685,11.8688,96.589,0.185002,0.0235705,0.0120394,-0.071715,0.357416,0.161982,-18.1072,14.8029,0.0597447
MOCK_S04,MOCK_S04_T2,1767574800.867,26,MOCK_CONDITION_1,,MOCK_LEVEL_1,-7.65123,9.11911,0.614437,0.103431,0.631827,-2.41799,0.036731,0.792786,-0.586178,0.244582,-0.0444039,-0.099604,0.428745,0.267963,12.0671,0.399923,0.156927,38.182,8.81999,202.892,0.172798,0.00344908,0.00122538,0.00862336,0.316634,0.111865,2.89527,8.64492,1.04256
MOCK_S04,MOCK_S04_T2,1767574800.900,27,MOCK_CONDITION_1,,MOCK_LEVEL_1,10.1497,-1.01776,0.0503465,0.0863823,0.548958,6.08019,0.0349993,0.797136,-0.587027,0.668371,-0.215388,-0.139335,0.21709,0.184669,23.2212,0.351693,5.4981,36.5523,16.145,57.9954,0.1025,-0.0178968,-0.000904215,-0.0207402,0.223332,0.14145,-6.32577,26.8777,9.63627
MOCK_S04,MOCK_S04_T2,1767574800.933,28,MOCK_CONDITION_1,,MOCK_LEVEL_1,17.2319,14.9098,1.65121,0.00673805,0.553414,10.5095,0.0165507,0.590101,-0.538987,0.352436,-0.462076,0.361788,0.210508,0.213632,-0.324861,0.389873,2.40571,61.4323,13.7202,2.69163,0.258378,-0.00627316,-0.0182233,-0.0158762,0.164875,0.140007,19.0653,-2.12165,10.6813
MOCK_S04,MOCK_S04_T2,1767574800.967,29,MOCK_CONDITION_1,,MOCK_LEVEL_1,4.43097,-2.67427,-6.62995,-0.0497165,0.605123,2.99144,0.0449904,0.665896,0.218266,0.836279,-0.169632,-0.221023,0.17874,0.33545,10.3562,0.35421,-3.56269,51.4818,12.2586,179.928,0.141648,-0.00886833,0.00299109,0.0878592,0.250954,0.128981,14.0194,-1.29002,4.16346
MOCK_S04,MOCK_S04_T3,1767578400.000,0,MOCK_CONDITION_2,,MOCK_LEVEL_2,-5.08025,8.19058,5.59495,0.100787,0.47437,7.79333,0.0425404,0.702992,-0.269107,0.102766,0.309656,0.417058,0.320042,0.230575,7.64099,0.486949,1.65514,44.3795,16.7377,175.184,,,,,,,,,
MOCK_S04,MOCK_S04_T3,1767578400.033,1,MOCK_CONDITION_2,,MOCK_LEVEL_2,9.22207,8.1603,2.7937,0.0599858,0.470118,-0.512367,0.0373769,0.636375,-0.63753,-0.109875,-0.494725,0.21052,0.354371,0.24053,15.6989,0.434204,-6.25088,50.1355,11.2936,76.8868,0.139142,-0.00913182,-0.00808232,-0.164189,0.285587,0.0561592,-5.58272,12.2061,0.158871
MOCK_S04,MOCK_S04_T3,1767578400.067,2,MOCK_CONDITION_2,,MOCK_LEVEL_2,18.7086,-1.00971,3.43079,0.241738,0.474325,10.1681,0.0467433,0.582014,0.147915,0.348337,-0.399967,0.0499674,0.254583,0.210504,12.2185,0.391689,-2.00304,52.9813,16.0966,121.259,0.0971803,-0.0324478,0.00888065,-0.0473916,0.401258,0.0575416,7.22525,3.96673,6.49804
MOCK_S04,MOCK_S04_T3,1767578400.100,3,MOCK_CONDITION_2,,MOCK_LEVEL_2,8.53147,-9.91149,-1.20163,0.0850182,0.424243,4.91277,0.0350199,0.70286,-0.554376,0.044213,-0.00386876,-0.0360899,0.126321,0.290748,13.7774,0.429608,-3.04232,49.7668,7.86502,282.263,0.0695746,-0.000504757,0.00616353,-0.0284976,0.217612,0.124358,-0.151056,4.06353,18.9735
MOCK_S04,MOCK_S04_T3,1767578400.133,4,MOCK_CONDITION_2,,MOCK_LEVEL_2,-1.81116,-10.5549,-1.49143,-0.0819608,0.52749,6.50346,0.0378744,0.784342,-0.847186,0.326411,-0.141096,-0.446923,0.355279,0.257225,18.594,0.441058,-5.91465,30.1971,14.3381,97.6687,0.0685382,-0.003656,0.0208785,-0.0530237,0.420774,0.10271,18.9203,5.32959,5.59801
MOCK_S04,MOCK_S04_T3,1767578400.167,5,MOCK_CONDITION_2,,MOCK_LEVEL_2,-5.2673,18.2025,5.76125,0.0989245,0.540924,11.427,0.022374,0.774167,-0.915083,0.273825,-0.0253089,0.63963,0.204255,0.24141,13.0107,0.427333,-4.66472,17.3679,11.3657,115.769,0.0417812,0.00206984,-0.000875585,0.105835,0.280439,0.157509,-4.97741,-4.07223,-4.32574
MOCK_S04,MOCK_S04_T3,1767578400.200,6,MOCK_CONDITION_2,,MOCK_LEVEL_2,11.6844,3.89247,0.530695,-0.0558837,0.403976,17.2196,0.0453237,0.78839,-0.322749,0.452092,-0.274444,-0.271863,0.0971873,0.218205,22.9116,0.450282,-7.31953,35.6525,14.1738,201.099,0.130446,-0.00880841,-0.0226952,-0.0336907,0.340333,0.0897134,4.54803,1.78822,8.38502
MOCK_S04,MOCK_S04_T3,1767578400.233,7,MOCK_CONDITION_2,,MOCK_LEVEL_2,6.42497,-6.55145,-5.82218,0.00893397,0.518846,-1.57528,0.0185232,0.680094,-0.318601,0.163478,-0.332044,0.253421,0.0632935,0.239946,18.9036,0.398561,-5.63752,36.8004,11.3947,168.948,0.220026,-0.0157438,0.0146784,0.0254708,0.189025,0.0940775,11.6637,12.5018,1.08414
MOCK_S04,MOCK_S04_T3,1767578400.267,8,MOCK_CONDITION_2,,MOCK_LEVEL_2,3.46281,-0.602207,9.7612,0.0230584,0.543538,7.93954,0.0384342,0.585405,-0.302766,0.775468,-0.178365,0.0390822,0.381375,0.273382,6.45502,0.462861,-2.41671,43.4426,10.5082,249.505,0.0868107,-0.0133493,0.00499449,0.148028,0.562228,0.139322,-3.093,0.0226583,-4.0546
MOCK_S04,MOCK_S04_T3,1767578400.300,9,MOCK_CONDITION_2,,MOCK_LEVEL_2,-4.14114,12.6964,0.0416709,0.0054714,0.494031,2.2653,0.0151431,0.683537,-0.204752,0.130305,0.0506518,-0.0354824,0.190956,0.199464,14.7463,0.400308,-3.09766,48.5616,12.1828,57.5875,0.0565787,-0.0031246,-0.000226714,0.169182,0.481555,0.0779875,0.119251,-1.18417,-1.93748
MOCK_S04,MOCK_S04_T3,1767578400.333,10,MOCK_CONDITION_2,,MOCK_LEVEL_2,12.6587,-0.404419,8.4084,-0.123147,0.443839,5.39499,0.0234315,0.752473,-0.440576,0.433688,-0.483436,0.361704,0.175661,0.128516,11.1943,0.457428,-10.5503,42.4862,14.843,47.8481,0.185193,-0.00661415,0.00960539,0.000603893,0.264257,0.197556,-0.131878,10.4604,12.5235
MOCK_S04,MOCK_S04_T3,1767578400.367,11,MOCK_CONDITION_2,,MOCK_LEVEL_2,-7.56237,-3.66604,-7.85191,-0.0272934,0.486664,-1.08449,0.0354046,0.589942,,,,,,,18.7425,0.451018,-11.0008,31.9146,9.99645,153.412,0.0367776,-0.0257038,0.00419107,0.0944741,0.355235,0.113283,10.2761,7.11468,-3.13893
MOCK_S04,MOCK_S04_T3,1767578400.400,12,MOCK_CONDITION_2,,MOCK_LEVEL_2,1.48202,0.525062,3.681,0.0370032,0.478754,10.1553,0.00631596,0.785331,-0.399227,0.137094,-0.23803,0.32797,0.222258,0.13468,6.59329,0.352914,3.41056,34.5753,7.75996,145.69,0.116312,-0.00355466,-0.00375329,0.175681,0.512631,0.147583,7.1415,-3.90107,6.2081
MOCK_S04,MOCK_S04_T3,1767578400.433,13,MOCK_CONDITION_2,,MOCK_LEVEL_2,-2.46401,3.54153,-3.34859,-0.106975,0.487975,2.12546,0.0375349,0.751836,-0.268699,0.726493,-0.00842021,-0.306486,0.139725,0.167243,8.03664,0.468217,-6.9551,34.2412,12.6819,141.948,0.0643297,-0.0255002,-0.00397,-0.0382076,0.374744,0.0301884,-12.5244,5.81435,0.506173
MOCK_S04,MOCK_S04_T3,1767578400.467,14,MOCK_CONDITION_2,,MOCK_LEVEL_2,-1.051,1.22764,5.58602,0.0601832,0.415698,6.05768,0.0273041,0.90463,-0.110309,0.450425,-0.185424,0.581173,0.199234,0.242122,15.9488,0.364362,-17.0923,15.6896,10.4549,210.836,0.186965,0.00528896,0.00419743,0.0448383,0.315372,0.136759,-1.37013,-6.29102,4.97467
MOCK_S04,MOCK_S04_T3,1767578400.500,15,MOCK_CONDITION_2,,MOCK_LEVEL_2,13.74,1.57579,-2.7188,0.140445,0.520299,12.3836,0.0236287,0.685169,-0.826725,0.307622,-0.254681,0.351202,0.215581,0.192153,9.99585,0.421338,-1.73154,40.9767,11.6584,128.431,0.141758,-0.0250744,0.00455911,-0.174483,0.350335,0.116324,8.93089,7.5959,0.711594
MOCK_S04,MOCK_S04_T3,1767578400.533,16,MOCK_CONDITION_2,,MOCK_LEVEL_2,5.54679,-8.75332,-1.42247,-0.0476399,0.543644,3.18557,0.0214247,0.598578,-0.827609,0.0993519,-0.406607,0.378888,0.352702,0.230334,12.5979,0.416425,-2.95203,43.6016,9.92724,91.7659,0.116641,-0.00441652,0.0154364,0.149128,0.358152,0.0570201,-9.40381,-14.2534,0.51133
MOCK_S04,MOCK_S04_T3,1767578400.567,17,MOCK_CONDITION_2,,MOCK_LEVEL_2,6.82005,-12.9141,1.29393,0.0195507,0.491734,-0.411747,0.0453076,0.601054,-0.317718,0.720987,0.21933,0.41328,0.0954871,0.202734,18.7676,0.420673,-7.33492,46.0164,10.2931,122.889,0.205336,0.00954955,0.00789965,-0.0169252,0.405404,0.0890711,-1.60374,-1.73227,6.64365
MOCK_S04,MOCK_S04_T3,1767578400.600,18,MOCK_CONDITION_2,,MOCK_LEVEL_2,6.36165,20.4691,5.94551,-0.0370456,0.480918,6.33715,0.0298522,0.696922,-0.719404,0.427113,0.110053,0.59524,0.0398992,0.239295,12.9897,0.377764,-6.94432,67.4142,14.1586,8.0595,0.148832,-0.00218664,0.0064789,0.107211,0.128515,0.0870345,-0.982971,3.42675,2.21757
MOCK_S04,MOCK_S04_T3,1767578400.633,19,MOCK_CONDITION_2,,MOCK_LEVEL_2,6.00109,10.568,4.22608,0.0357822,0.507131,5.18012,0.0215029,0.551295,-0.290307,0.697848,-0.172966,-0.121776,0.239266,0.239183,18.7257,0.455773,-9.70033,62.9531,11.2911,141.772,0.12511,-0.0177764,0.00401598,0.0529773,0.252749,0.100354,-13.4238,-1.42431,-6.08908
MOCK_S04,MOCK_S04_T3,1767578400.667,20,MOCK_CONDITION_2,,MOCK_LEVEL_2,1.12187,6.38424,-3.54464,-0.0264646,0.552211,11.7059,0.0248899,0.785655,-0.183891,0.180915,0.239755,-0.0354697,0.157751,0.334695,10.6439,0.422194,-12.5773,34.359,12.8537,157.73,0.0803083,-0.00514436,-0.00362129,-0.00622541,0.300739,0.106217,4.48246,-5.57299,0.635938
MOCK_S04,MOCK_S04_T3,1767578400.700,21,MOCK_CONDITION_2,,MOCK_LEVEL_2,-1.65211,-2.6917,-3.55708,-0.0686929,0.431255,-4.03349,0.0259704,0.740864,-0.223322,0.414982,-0.524673,0.129766,0.231984,0.275718,17.5795,0.413833,-7.08184,30.2131,6.51866,145.58,0.104941,-0.000224152,-0.000376692,0.213058,0.36324,0.134461,-21.5338,-0.943601,0.738871
MOCK_S04,MOCK_S04_T3,1767578400.733,22,MOCK_CONDITION_2,,MOCK_LEVEL_2,-7.87803,15.0491,-6.92411,0.0595258,0.446718,6.30647,0.0457802,0.60225,-0.713597,0.33756,0.509668,0.641396,0.221403,0.168442,15.5499,0.393711,-8.15826,44.1356,10.7487,172.798,0.0524286,-0.00723303,-0.000486596,0.0507235,0.494379,0.0694555,-7.8912,4.99212,3.59791
MOCK_S04,MOCK_S04_T3,1767578400.767,23,MOCK_CONDITION_2,,MOCK_LEVEL_2,-0.637241,-9.89427,4.21247,-0.0190693,0.551735,3.99054,0.0270876,0.635599,-0.308173,0.528477,-0.0845943,0.668781,0.208235,0.284546,8.61833,0.438346,-7.31694,55.4552,6.93644,112.312,0.037223,-0.00298583,-0.0105738,0.0668472,0.452408,0.150062,0.617467,8.67209,2.97655
MOCK_S04,MOCK_S04_T3,1767578400.800,24,MOCK_CONDITION_2,,MOCK_LEVEL_2,3.67573,4.6013,4.01324,0.148811,0.540806,2.35427,0.0105778,0.521893,-0.291499,0.301734,-0.437748,0.621503,0.370107,0.247844,14.6985,0.40519,2.76711,29.7521,13.2866,219.691,0.10789,-0.00938229,-0.00784493,0.122864,0.308242,0.0577783,2.59837,-1.3571,-1.04853
MOCK_S04,MOCK_S04_T3,1767578400.833,25,MOCK_CONDITION_2,,MOCK_LEVEL_2,13.6588,-19.6924,-0.0796937,0.0929926,0.530491,8.96277,0.0315884,0.727093,-0.601568,0.327226,-0.38601,0.237446,0.138708,0.198029,12.0815,0.41924,-0.618306,46.6257,14.9567,138.286,0.180935,0.00632951,0.00874702,0.0972826,0.321218,0.0883024,-13.866,9.67659,0.351764
MOCK_S04,MOCK_S04_T3,1767578400.867,26,MOCK_CONDITION_2,,MOCK_LEVEL_2,15.6683,-2.79775,-8.7267,-0.0319432,0.410195,1.85508,0.0342721,0.652925,-0.522178,0.20934,0.206221,0.0625896,0.332288,0.198455,10.5692,0.363393,0.94901,33.6446,14.2762,127.688,0.18301,-0.00505883,0.00228417,-0.017069,0.226405,0.123154,-10.0313,14.3362,-1.91497
MOCK_S04,MOCK_S04_T3,1767578400.900,27,MOCK_CONDITION_2,,MOCK_LEVEL_2,15.677,8.2978,11.9976,-0.0207453,0.441594,13.1386,0.0445629,0.745815,-0.375153,0.121399,-0.204657,-0.495534,0.12013,0.120217,11.1515,0.341153,-9.52893,47.6364,13.3781,170.929,0.0184923,-0.0231655,0.00878815,0.07606,0.444168,0.125528,20.0311,13.5796,-0.0788086
MOCK_S04,MOCK_S04_T3,1767578400.933,28,MOCK_CONDITION_2,,MOCK_LEVEL_2,0.774489,-17.7971,2.12039,0.12433,0.470697,-0.0177572,0.0256754,0.793039,-0.124723,0.0352715,-0.182453,0.510673,0.225476,0.212312,14.5962,0.38614,-4.54455,45.9358,19.2963,101.734,0.0311583,0.00883001,-0.00168715,-0.150157,0.26493,0.0935304,5.81739,-13.1613,7.58046
MOCK_S04,MOCK_S04_T3,1767578400.967,29,MOCK_CONDITION_2,,MOCK_LEVEL_2,7.25467,-13.2078,-6.74616,0.00219474,0.51109,14.7662,0.0284638,0.696904,-0.458865,0.175495,-0.11225,0.372055,0.101399,0.291254,15.3048,0.38185,-1.49757,28.2195,5.53003,161.353,0.0478638,-0.00510973,-0.0204834,0.0968534,0.300913,0.121419,-9.48998,-5.40487,-3.24543
MOCK_S05,MOCK_S05_T1,1767657600.000,0,MOCK_CONDITION_0,,MOCK_LEVEL_0,0.306518,17.0997,3.44667,-0.0833548,0.470643,2.73664,0.0155487,0.75383,-0.399671,0.272867,-0.0461249,-0.113886,0.346692,0.128736,11.0903,0.492202,-10.4719,41.2383,17.9963,197.469,,,,,,,,,
MOCK_S05,MOCK_S05_T1,1767657600.033,1,MOCK_CONDITION_0,,MOCK_LEVEL_0,8.38418,2.45944,5.83124,0.0290808,0.644636,5.65499,0.046262,0.604281,0.1425,0.380301,-0.0166873,0.123012,0.167746,0.205751,13.6559,0.449128,-11.0005,44.826,12.2753,209.558,0.180474,-0.000842102,0.00199239,-0.091359,0.142164,0.157945,2.46662,-8.61983,7.89538
MOCK_S05,MOCK_S05_T1,1767657600.067,2,MOCK_CONDITION_0,,MOCK_LEVEL_0,-3.81672,8.20648,7.20394,0.154377,0.518169,-7.95651,0.047288,0.691001,0.296447,0.203328,0.160283,-0.310403,0.330526,0.151347,13.9638,0.439359,-3.75044,36.3305,11.3831,172.303,0.0547192,-0.00397714,0.00239035,-0.0236458,0.274588,0.142197,-0.505031,3.61216,-6.83368
MOCK_S05,MOCK_S05_T1,1767657600.100,3,MOCK_CONDITION_0,,MOCK_LEVEL_0,2.93563,-2.39004,7.59678,0.112496,0.397209,-3.17626,0.032435,0.713336,-0.949377,0.281987,0.0945573,-0.168937,0.269718,0.211533,14.5363,0.473279,-2.59493,42.5738,15.2625,100.654,0.04315,0.0292461,-0.00123145,-0.100681,0.0951539,0.08608,6.42863,-3.59441,-1.21934
MOCK_S05,MOCK_S05_T1,1767657600.133,4,MOCK_CONDITION_0,,MOCK_LEVEL_0,-3.96345,19.9862,8.70946,0.0196502,0.563843,-4.37414,0.0504462,0.762267,-0.31625,0.553254,0.0523634,-0.0437782,0.341574,0.12699,9.06899,0.527817,-7.58824,16.213,11.5241,162.369,0.0697521,0.0133919,-0.00398793,-0.0786889,0.144294,0.16441,18.0682,17.0531,-0.798529
MOCK_S05,MOCK_S05_T1,1767657600.167,5,MOCK_CONDITION_0,,MOCK_LEVEL_0,-5.46331,6.1271,3.88644,-0.0672016,0.573387,-0.00418216,0.0540605,0.837155,-0.385641,0.654089,-0.271361,0.258998,0.17587,0.137488,10.9482,0.505112,-4.1656,47.1772,15.5942,60.3816,0.15161,-0.00478032,0.00177563,0.0623567,0.0204612,0.110395,16.8391,17.3898,6.20324
MOCK_S05,MOCK_S05_T1,1767657600.200,6,MOCK_CONDITION_0,,MOCK_LEVEL_0,2.16044,-4.91681,2.03672,0.0840108,0.577351,3.99853,0.039628,0.817198,0.335268,0.669711,0.508964,-0.231395,0.219328,0.192081,14.0438,0.485429,-4.0801,48.2244,11.3266,84.8249,0.118767,0.017261,-0.000483107,-0.00667825,-0.0279535,0.0934114,-6.00005,-2.65327,2.69117
MOCK_S05,MOCK_S05_T1,1767657600.233,7,MOCK_CONDITION_0,,MOCK_LEVEL_0,-0.215271,0.568783,8.51628,-0.0784404,0.476896,1.12943,0.0365989,0.762542,0.291532,-0.0123593,-0.510626,-0.537204,0.165771,0.0698396,7.16149,0.524971,-6.53571,41.1914,12.2169,157.816,0.127624,-0.0185922,-0.00305471,-0.148128,0.148513,0.21879,9.55014,14.208,-0.975779
MOCK_S05,MOCK_S05_T1,1767657600.267,8,MOCK_CONDITION_0,,MOCK_LEVEL_0,5.85598,-6.04479,-0.000225006,0.063788,0.584331,-0.214436,0.0352915,0.646989,0.406759,0.100448,0.324844,0.0456722,0.231204,0.0915698,12.2163,0.549687,-0.0527744,40.9316,12.3261,140.574,0.162321,-0.00324305,-0.00725322,0.0533675,0.187187,0.12481,-10.2474,8.69619,-3.41947
MOCK_S05,MOCK_S05_T1,1767657600.300,9,MOCK_CONDITION_0,,MOCK_LEVEL_0,-4.89622,-4.65322,-3.52889,-0.0230521,0.484971,-2.90952,0.0211067,0.740416,0.0942894,0.141682,-0.269276,-0.469204,0.120532,0.160577,18.3716,0.490427,-2.72298,35.6644,11.7118,79.9004,0.0946401,0.000571351,-0.000257612,0.127206,0.297849,0.157715,15.1991,4.88957,3.68547
MOCK_S05,MOCK_S05_T1,1767657600.333,10,MOCK_CONDITION_0,,MOCK_LEVEL_0,-2.37481,1.9901,3.66462,-0.135038,0.478369,-0.0133595,0.0367892,0.777429,0.359789,0.326269,0.212852,-0.577194,0.0857869,0.186323,6.46939,0.444536,-10.4249,30.82,12.0095,225.916,-0.0195787,0.0120625,0.0135607,0.0776723,0.181004,0.0720975,-29.9212,9.20381,1.45393
MOCK_S05,MOCK_S05_T1,1767657600.367,11,MOCK_CONDITION_0,,MOCK_LEVEL_0,-11.5073,4.10876,-0.608523,-0.0917327,0.536682,-17.8744,0.0272961,0.682405,0.503977,0.642823,0.12849,-0.44123,0.104566,0.179179,12.0425,0.472357,-3.32753,44.211,12.9273,163.546,0.136498,-0.00238176,-0.00707664,-0.0623398,0.0089623,0.0660663,-26.9619,24.4166,12.2138
MOCK_S05,MOCK_S05_T1,1767657600.400,12,MOCK_CONDITION_0,,MOCK_LEVEL_0,1.79143,4.1197,-3.76932,0.0348574,0.57903,-4.95964,0.0258697,0.701642,0.162817,0.470375,0.460045,-0.215571,0.18185,0.200867,16.707,0.50126,-1.92263,43.9894,6.14976,155.347,0.0682089,0.0169896,0.0032656,0.0478557,0.40215,0.0979097,10.461,9.13795,2.31377
MOCK_S05,MOCK_S05_T1,1767657600.433,13,MOCK_CONDITION_0,,MOCK_LEVEL_0,-4.47133,-0.527489,0.654186,-0.138913,0.551855,-3.24998,0.0453592,0.660167,0.238138,0.324613,-0.664167,-0.333603,0.342481,0.120806,8.97697,0.505508,-5.98457,28.6127,15.4695,136.696,0.171534,-0.000557193,-0.000772327,-0.0966533,0.105351,0.180208,0.474363,18.9061,2.02228
MOCK_S05,MOCK_S05_T1,1767657600.467,14,MOCK_CONDITION_0,,MOCK_LEVEL_0,-7.55608,7.2656,19.211,0.0295733,0.421464,-0.656743,0.0357146,0.774907,-0.138313,0.237728,0.424715,-0.289166,0.283303,0.186578,6.44212,0.505697,-1.6239,56.0347,10.6773,203.419,0.186236,0.0156223,0.00533235,-0.101742,0.0677346,0.0451222,14.4328,15.6487,-1.14611
MOCK_S05,MOCK_S05_T1,1767657600.500,15,MOCK_CONDITION_0,,MOCK_LEVEL_0,-2.09175,5.23299,-3.27776,-0.0254039,0.449417,-3.37462,0.0218352,0.677819,0.117048,0.516363,0.306697,0.0666524,0.0894769,0.0661503,3.71586,0.465625,-3.45878,55.5222,12.6701,137.395,0.0953686,0.00176512,-0.00917141,-0.0312455,0.134191,0.117477,0.326924,7.56528,11.6864
MOCK_S05,MOCK_S05_T1,1767657600.533,16,MOCK_CONDITION_0,,MOCK_LEVEL_0,-11.1912,13.8656,0.180927,-0.0542774,0.54758,-8.13854,0.0122004,0.80461,,,,,,,0.262784,0.524494,-10.5119,26.7389,15.294,71.241,0.122146,0.014694,-0.0104015,-0.0186921,0.231419,0.206126,-16.4424,15.0355,-4.62278
MOCK_S05,MOCK_S05_T1,1767657600.567,17,MOCK_CONDITION_0,,MOCK_LEVEL_0,3.65641,-0.705657,4.99758,-0.0812263,0.586648,-3.09052,0.0239939,0.677741,0.407262,0.303144,0.238318,0.145339,0.0945756,0.176328,3.05417,0.465569,-7.40496,37.7318,11.5089,178.573,0.0888078,-0.00832729,-0.00685084,0.0555273,0.152972,0.165077,-6.65341,17.8016,-4.02318
MOCK_S05,MOCK_S05_T1,1767657600.600,18,MOCK_CONDITION_0,,MOCK_LEVEL_0,-2.38961,4.37814,12.1778,-0.0747955,0.51651,1.30223,0.0146445,0.696485,0.167527,0.124269,0.224739,-0.0150444,0.217674,0.130606,15.7713,0.508649,-7.26319,26.9097,5.07482,224.835,0.129708,-0.00696926,-0.00576569,-0.0490789,0.251785,0.145189,1.93581,21.4313,13.458
MOCK_S05,MOCK_S05_T1,1767657600.633,19,MOCK_CONDITION_0,,MOCK_LEVEL_0,1.04733,0.94452,1.29956,-0.116182,0.561861,-0.302983,0.0387379,0.666107,0.436339,0.0616384,-0.772026,-0.623234,0.214683,0.12073,9.89329,0.462692,-2.03815,49.1864,11.5294,215.567,0.160657,-0.000525451,-0.0131766,0.050282,0.140036,0.129926,-7.10278,21.6204,7.20133
MOCK_S05,MOCK_S05_T1,1767657600.667,20,MOCK_CONDITION_0,,MOCK_LEVEL_0,-1.79234,10.0907,11.7653,0.000718545,0.400561,-2.2873,0.0170454,0.729368,-0.120872,0.193239,-0.134602,-0.466438,0.169867,0.192768,6.90685,0.496738,-6.25397,40.2397,11.1005,133.195,0.109417,0.00360788,-0.00508438,-0.0100518,0.0720555,0.168256,-5.19196,1.7276,1.16431
MOCK_S05,MOCK_S05_T1,1767657600.700,21,MOCK_CONDITION_0,,MOCK_LEVEL_0,-0.0275502,20.8778,10.9036,-0.058022,0.474499,6.92024,0.0458113,0.886669,-0.206706,0.147187,-0.0559987,-0.282974,0.394982,0.223359,7.21804,0.494888,-4.12602,31.4764,6.66035,92.2991,0.152456,-0.032347,0.00466195,-0.0562563,0.04236,0.15286,6.18896,22.8982,1.41712
MOCK_S05,MOCK_S05_T1,1767657600.733,22,MOCK_CONDITION_0,,MOCK_LEVEL_0,-4.31233,6.75918,1.5391,-0.0532845,0.484493,3.57413,0.0216692,0.816726,-0.467662,0.0660482,-0.345921,0.0661137,0.177081,0.134179,8.281,0.519406,-1.09439,45.7703,12.2165,165.893,0.0216792,0.00876489,0.0210055,-0.077795,0.32931,0.139771,-1.675,7.80157,4.69239
MOCK_S05,MOCK_S05_T1,1767657600.767,23,MOCK_CONDITION_0,,MOCK_LEVEL_0,0.65525,-1.6217,-1.42654,-0.109361,0.586917,-0.44792,0.0410122,0.747541,,,,,,,1.57686,0.431647,-11.3708,60.0374,11.7877,146.018,0.0337952,-0.00512438,-0.000733026,-0.0463657,0.361124,0.169654,-4.92203,-5.04528,-0.813797
MOCK_S05,MOCK_S05_T1,1767657600.800,24,MOCK_CONDITION_0,,MOCK_LEVEL_0,-7.01919,24.9659,1.72159,-0.0293486,0.431802,3.0437,0.0412148,0.738893,0.162687,0.352548,0.0838181,0.147893,0.10712,0.10842,9.91506,0.443789,-3.37577,51.1128,9.78183,207.897,0.120026,0.00804366,-0.00128323,-0.198013,0.122343,0.00916604,-21.5232,-9.57511,0.219702
MOCK_S05,MOCK_S05_T1,1767657600.833,25,MOCK_CONDITION_0,,MOCK_LEVEL_0,-13.0381,17.5733,3.86658,-0.0966396,0.4981,0.214248,0.0285074,0.886407,0.160339,0.588134,-0.128833,-0.0829499,0.305058,0.148413,15.0244,0.553354,-5.62414,45.5067,7.60095,164.461,0.127364,0.0199673,0.0127393,0.0397693,0.268913,0.223055,1.28033,11.7751,4.55488
MOCK_S05,MOCK_S05_T1,1767657600.867,26,MOCK_CONDITION_0,,MOCK_LEVEL_0,-0.302235,18.0276,3.76539,-0.0369162,0.625804,5.52453,0.020846,0.751028,-0.498565,0.253126,0.0878721,-0.751218,0.347657,0.199263,11.1819,0.459606,-6.34737,35.0508,15.8536,97.952,0.0952746,0.0120326,0.00687635,-0.0326823,0.177259,0.194273,5.38618,8.61246,6.86089
MOCK_S05,MOCK_S05_T1,1767657600.900,27,MOCK_CONDITION_0,,MOCK_LEVEL_0,-4.9983,-8.12411,7.54222,-0.178569,0.568805,1.31882,0.0508553,0.517751,0.570204,0.238088,0.599384,-0.665947,0.194567,0.293675,12.4601,0.528521,-3.89685,50.5511,6.87573,267.299,0.130027,0.00266262,-0.018264,-0.125855,0.0190005,0.232215,2.41975,14.2744,8.30629
MOCK_S05,MOCK_S05_T1,1767657600.933,28,MOCK_CONDITION_0,,MOCK_LEVEL_0,-24.4767,-0.837162,7.1852,-0.136304,0.554222,0.430318,0.0387442,0.762818,,,,,,,11.2973,0.518581,-11.6281,55.703,12.4966,220.41,0.11548,0.0090394,0.0020707,0.171662,0.0830714,0.151203,8.37302,7.10475,-3.48674
MOCK_S05,MOCK_S05_T1,1767657600.967,29,MOCK_CONDITION_0,,MOCK_LEVEL_0,0.0476538,-1.733,-3.79652,0.0335928,0.546564,7.57844,0.0203575,0.813977,-0.126969,0.203082,-0.398936,-0.130215,0.301095,0.154026,17.6166,0.50108,-8.40447,35.0197,17.6858,119.909,0.103787,0.0128557,0.0149376,0.0508893,0.173793,0.0975725,7.59097,17.1514,6.02628
MOCK_S05,MOCK_S05_T2,1767661200.000,0,MOCK_CONDITION_1,,MOCK_LEVEL_1,0.595658,15.6572,7.6888,-0.0769673,0.667272,3.45979,0.0343612,0.872153,0.13819,0.443968,0.213863,-0.151387,0.411873,0.110418,11.8317,0.469977,-1.53567,48.5898,15.6834,223.951,,,,,,,,,
MOCK_S05,MOCK_S05_T2,1767661200.033,1,MOCK_CONDITION_1,,MOCK_LEVEL_1,-5.9967,20.3959,8.50636,-0.0222882,0.51676,-12.7072,0.0146411,0.82979,0.0913149,0.185207,0.00553767,-0.310945,0.530392,0.15958,10.6014,0.429349,-6.86971,36.514,12.2196,216.091,0.220331,0.0169503,-0.0204138,-0.156254,0.123237,0.131975,1.79084,5.72072,4.0259
MOCK_S05,MOCK_S05_T2,1767661200.067,2,MOCK_CONDITION_1,,MOCK_LEVEL_1,-5.7738,9.94496,-1.76001,-0.0694614,0.574035,-7.83514,0.0122645,0.83248,0.508379,0.260583,-0.100749,-0.240689,0.104722,0.111279,8.70127,0.500545,-16.7167,34.5794,8.06853,54.1034,0.243381,0.00233818,0.0126735,0.113428,0.298112,0.151188,-10.4498,6.52595,5.68571
MOCK_S05,MOCK_S05_T2,1767661200.100,3,MOCK_CONDITION_1,,MOCK_LEVEL_1,19.4474,-1.49228,3.16548,0.073178,0.488913,-8.66227,0.0459946,0.814694,-0.156792,0.110899,-0.089563,0.13689,0.206359,0.0934224,18.5237,0.510564,-4.65856,34.2096,4.99058,18.4795,0.205728,0.023817,0.00382444,-0.130944,0.302748,0.0883215,7.29158,7.66223,-0.415986
MOCK_S05,MOCK_S05_T2,1767661200.133,4,MOCK_CONDITION_1,,MOCK_LEVEL_1,-3.50753,14.1888,0.863395,0.050494,0.368407,-0.622043,0.0337351,0.803227,-0.0506302,0.149576,0.392677,-0.365587,0.156584,0.164835,9.50802,0.46173,-2.72669,27.0353,13.7468,139.693,0.170068,0.0106855,-0.0176367,0.0291029,0.188679,0.230981,-10.2108,29.3255,4.55578
MOCK_S05,MOCK_S05_T2,1767661200.167,5,MOCK_CONDITION_1,,MOCK_LEVEL_1,-15.5553,-4.43283,2.79432,0.045763,0.529019,-8.58382,0.015408,0.77865,-0.0615506,0.18655,-0.113844,0.33447,0.210882,0.139146,9.1165,0.54397,-10.2207,31.5905,10.5141,55.0169,0.0370094,0.00536866,-0.00505865,-0.107331,0.0621442,0.107195,-22.7246,2.88333,1.94764
MOCK_S05,MOCK_S05_T2,1767661200.200,6,MOCK_CONDITION_1,,MOCK_LEVEL_1,2.26053,2.58078,6.16261,0.135093,0.623042,1.91601,0.0240448,0.795531,-0.0233007,0.366299,-0.0790633,0.0582942,0.227765,0.0903478,3.81501,0.413952,-3.881,40.7221,12.1245,220.185,0.173868,0.021865,-0.00361757,-0.121227,0.437838,0.0835276,-1.42022,1.97482,5.96425
MOCK_S05,MOCK_S05_T2,1767661200.233,7,MOCK_CONDITION_1,,MOCK_LEVEL_1,-7.04883,14.3266,-6.65624,-0.0911166,0.481223,-1.15926,0.0297754,0.745586,-0.383251,-0.21864,-0.0435374,-0.515125,0.252747,0.147836,8.27503,0.491058,-8.05043,32.448,9.04802,240.949,0.160444,-0.00260381,0.00522896,0.0709861,0.238846,0.185461,6.29756,1.94757,0.0418924
MOCK_S05,MOCK_S05_T2,1767661200.267,8,MOCK_CONDITION_1,,MOCK_LEVEL_1,-2.10964,6.01382,2.84229,-0.0800835,0.513518,-0.947222,0.0294412,0.82097,0.576812,0.00179082,0.159969,-0.0566965,0.208122,0.227338,8.37727,0.432208,-4.03074,59.2458,11.4497,58.2046,0.112451,-0.0169831,0.0019186,0.0102971,0.166189,0.0818214,-2.64513,18.0055,0.0160678
MOCK_S05,MOCK_S05_T2,1767661200.300,9,MOCK_CONDITION_1,,MOCK_LEVEL_1,1.42082,-4.84955,6.20346,-0.0524393,0.574108,-0.406312,0.0272189,0.612405,0.208358,0.240978,-0.0995082,-0.117149,0.303803,0.162536,14.9677,0.526656,-0.685585,45.1802,9.64443,151.788,0.0485453,-0.0125263,-0.0128526,-0.104358,0.204583,0.127285,-15.8889,4.77199,7.11574
MOCK_S05,MOCK_S05_T2,1767661200.333,10,MOCK_CONDITION_1,,MOCK_LEVEL_1,7.59396,0.790629,4.11423,-0.0532503,0.458345,4.54927,0.0317293,0.761497,-0.170627,0.281534,0.366539,-0.186214,0.327775,0.256545,13.3205,0.478992,-1.14723,35.5895,7.63431,181.585,0.15478,-0.00796245,-0.0143314,-0.0470808,0.197949,0.174097,-1.59103,5.94388,-1.02957
MOCK_S05,MOCK_S05_T2,1767661200.367,11,MOCK_CONDITION_1,,MOCK_LEVEL_1,0.20349,16.0838,0.438455,0.0144025,0.598059,-2.9584,0.0349132,0.881719,0.423816,0.0691012,0.0222594,-0.0663929,0.224211,0.147378,5.11839,0.500175,5.02302,49.5014,10.3417,111.459,0.150113,0.00349349,-0.0029609,0.017099,0.249987,0.104506,-8.67193,16.5452,10.4303
MOCK_S05,MOCK_S05_T2,1767661200.400,12,MOCK_CONDITION_1,,MOCK_LEVEL_1,0.170892,9.83991,0.200146,-0.0368454,0.468887,-6.89172,0.0235837,0.585195,0.11429,0.0934095,0.0672857,0.308876,0.400422,0.214066,15.9245,0.507147,6.07005,49.2666,13.2125,113.16,0.0641622,-0.00600534,0.00657396,-0.102015,0.320348,0.125922,-7.84558,0.185677,-2.17265
MOCK_S05,MOCK_S05_T2,1767661200.433,13,MOCK_CONDITION_1,,MOCK_LEVEL_1,10.3921,-2.49742,0.654416,0.102332,0.615189,-5.77027,0.0373358,0.58203,0.660037,0.0229181,-0.426333,-0.197021,0.390671,0.17631,16.4412,0.469122,-0.769451,17.787,14.0307,-3.47382,0.101028,-0.00308495,0.00583707,-0.103441,0.212692,0.218529,-24.2462,22.5663,0.465723
MOCK_S05,MOCK_S05_T2,1767661200.467,14,MOCK_CONDITION_1,,MOCK_LEVEL_1,0.819924,-3.9879,11.1046,0.141919,0.562799,-10.3615,0.0254538,0.58665,-0.0031502,0.373134,-0.398647,0.0748087,0.297452,0.141004,15.8695,0.423939,-8.84468,44.074,12.8224,154.651,0.13021,-0.0104977,-0.00545274,-0.120755,0.0827307,0.200575,-25.437,7.39033,5.46973
MOCK_S05,MOCK_S05_T2,1767661200.500,15,MOCK_CONDITION_1,,MOCK_LEVEL_1,-0.0928529,8.19106,-10.784,-0.077794,0.526312,2.8096,0.0364112,0.634315,-0.0231703,-0.056815,0.498582,-0.0183222,0.226758,0.145398,8.21355,0.44061,-14.995,45.3271,15.9434,130.645,0.097137,-0.00706776,-0.00230964,0.0120506,0.227238,0.121741,-15.8954,27.7616,-0.800873
MOCK_S05,MOCK_S05_T2,1767661200.533,16,MOCK_CONDITION_1,,MOCK_LEVEL_1,-8.80828,-4.27959,11.2406,0.104831,0.500594,-4.20989,0.0369082,0.61622,-0.117402,-0.0691127,-0.207068,-0.301544,0.279161,0.0046434,16.5887,0.458022,7.03894,47.5572,19.2467,231.001,0.0719417,0.00374912,0.0152286,0.0288367,0.0239548,0.18974,-1.58001,18.0951,10.8974
MOCK_S05,MOCK_S05_T2,1767661200.567,17,MOCK_CONDITION_1,,MOCK_LEVEL_1,13.5315,16.3478,3.52443,0.0360346,0.49113,-3.41014,0.0331647,0.798637,-0.560156,-0.0754977,-0.0616878,-0.500199,0.132297,0.115265,9.96291,0.394981,-18.0421,38.7057,5.96727,127.022,0.151623,0.0253153,0.0148081,-0.0902438,0.239446,0.132352,-9.7253,-16.3149,7.0234
MOCK_S05,MOCK_S05_T2,1767661200.600,18,MOCK_CONDITION_1,,MOCK_LEVEL_1,4.86268,1.89463,3.29786,-0.0910391,0.616177,3.11665,0.0345694,0.710916,-0.117561,0.369745,0.0689918,-0.240857,-0.011968,0.188725,14.879,0.467331,-8.14569,41.8838,11.8237,201.89,0.17919,0.00130801,-0.00348427,-0.0542604,0.232119,0.153395,-7.88721,-23.4419,2.94724
MOCK_S05,MOCK_S05_T2,1767661200.633,19,MOCK_CONDITION_1,,MOCK_LEVEL_1,-0.805349,14.358,-0.239751,0.0294323,0.600135,3.07589,0.0204172,0.720084,0.0166703,0.149291,-0.5023,0.238827,0.421057,0.132936,15.5373,0.477496,-16.9196,40.7137,9.67658,162.258,0.145807,-0.0020458,-0.0183052,-0.219263,0.465962,0.207682,13.7451,6.55214,9.21727
MOCK_S05,MOCK_S05_T2,1767661200.667,20,MOCK_CONDITION_1,,MOCK_LEVEL_1,-6.19507,4.31942,4.65225,-0.0100345,0.548106,-9.93033,0.0193941,0.717119,0.102333,0.201532,-0.412313,-0.0543338,0.146139,0.224715,4.9963,0.455227,-7.57985,50.8144,13.4235,100.769,0.135073,0.00660616,0.00678847,0.0786496,0.129942,0.112296,-3.48002,21.5656,0.637677
MOCK_S05,MOCK_S05_T2,1767661200.700,21,MOCK_CONDITION_1,,MOCK_LEVEL_1,7.05237,-0.598561,6.44981,0.0240479,0.501424,6.96814,0.0318733,0.75137,-0.318814,0.330548,-0.139453,-0.127506,0.0621942,0.178497,7.63276,0.434222,0.745544,41.9187,10.6279,167.975,0.122884,-0.00279146,0.0131472,0.0434864,0.145317,0.154922,10.6255,26.0791,1.14
MOCK_S05,MOCK_S05_T2,1767661200.733,22,MOCK_CONDITION_1,,MOCK_LEVEL_1,-8.74816,-1.19032,10.2476,-0.133703,0.580791,-3.69792,0.0210024,0.622892,-0.345898,0.229692,0.0781783,0.638454,0.208832,0.0599163,12.3409,0.479728,-6.3584,33.6159,12.2037,158.457,0.129122,-0.00161242,-0.00176101,-0.145457,0.0997228,0.155741,-0.272424,7.22585,0.170066
MOCK_S05,MOCK_S05_T2,1767661200.767,23,MOCK_CONDITION_1,,MOCK_LEVEL_1,5.46877,-2.42813,-6.36605,-0.043509,0.503729,-13.9852,0.0253618,0.639088,-0.272812,0.140207,0.0962083,-0.605042,0.2896,0.0984397,14.565,0.547266,-0.336663,57.9866,9.71492,87.8851,0.113012,0.00582068,0.0275579,-0.0107246,0.26974,0.144075,1.7057,19.0325,10.1889
MOCK_S05,MOCK_S05_T2,1767661200.800,24,MOCK_CONDITION_1,,MOCK_LEVEL_1,4.28265,3.64616,-0.226218,-0.0125316,0.580893,-3.41836,0.0364981,0.587897,0.172884,0.579293,-0.100559,-0.223708,0.254986,0.0618233,4.0178,0.499783,-8.10517,37.1838,12.8549,111.976,-0.0187143,-0.00573174,-0.00516373,-0.00211186,0.364466,0.115072,5.04343,8.04472,7.44314
MOCK_S05,MOCK_S05_T2,1767661200.833,25,MOCK_CONDITION_1,,MOCK_LEVEL_1,-7.44319,8.82543,-3.02962,0.109873,0.521784,3.7427,0.0294159,0.950194,0.209443,0.236318,-0.362176,-0.393442,0.171651,0.241196,13.802,0.473663,-1.65742,33.2443,15.019,113.696,0.10835,0.00147238,-0.00301688,0.0851576,0.224535,0.153082,-7.59352,15.6141,-4.23176
MOCK_S05,MOCK_S05_T2,1767661200.867,26,MOCK_CONDITION_1,,MOCK_LEVEL_1,3.30913,13.6721,7.12584,-0.0311457,0.644896,5.19671,0.0372869,0.801184,-0.164077,0.330507,0.200943,-0.164917,0.310909,0.212523,15.2461,0.441792,-0.141747,35.6586,5.29253,42.7926,0.13291,0.00811345,-0.00675673,-0.160181,0.270032,0.181394,-8.45501,10.3497,9.92458
MOCK_S05,MOCK_S05_T2,1767661200.900,27,MOCK_CONDITION_1,,MOCK_LEVEL_1,-8.82688,5.94247,2.90569,-0.07238,0.344497,-8.06572,0.0183371,0.83304,0.276547,0.0240038,-0.441162,0.360053,0.344685,0.254194,8.5191,0.512064,-2.75615,31.8014,12.3348,114.415,0.0871839,0.0110154,0.0015241,-0.231106,0.418379,0.212921,-3.08424,-1.0043,1.54514
MOCK_S05,MOCK_S05_T2,1767661200.933,28,MOCK_CONDITION_1,,MOCK_LEVEL_1,-3.76523,5.12723,8.70568,-0.0157765,0.511347,1.4909,0.0225605,0.636997,-0.51727,0.165395,-0.20366,-0.138494,0.254844,0.249781,14.6781,0.453895,8.44939,48.9008,11.6895,171.294,-0.00288072,0.0119374,-0.0120705,-0.0654126,0.206184,0.211829,3.56063,8.55219,3.59011
MOCK_S05,MOCK_S05_T2,1767661200.967,29,MOCK_CONDITION_1,,MOCK_LEVEL_1,-3.70754,19.6424,2.36441,-0.164557,0.623336,-1.45641,0.0331033,0.690131,-0.443962,0.560489,0.195415,-0.642438,0.365079,0.124097,6.7583,0.466014,-14.9478,38.5196,9.68192,253.151,0.104338,0.0155451,-0.0111184,-0.00967418,0.354287,0.247344,-7.44599,2.11313,3.26509
MOCK_S05,MOCK_S05_T3,1767664800.000,0,MOCK_CONDITION_2,,MOCK_LEVEL_2,-1.4815,-1.5306,7.06112,0.0778993,0.540509,7.2688,0.0448026,0.567153,-0.0093589,0.198446,-0.0168176,-0.790526,0.198232,0.145702,17.7147,0.425392,0.842084,28.5994,8.13186,169.481,,,,,,,,,
MOCK_S05,MOCK_S05_T3,1767664800.033,1,MOCK_CONDITION_2,,MOCK_LEVEL_2,15.1446,12.5066,2.54686,-0.00272801,0.44156,3.39985,0.0341517,0.689906,-0.210427,0.346454,0.19193,0.138958,0.318277,0.14385,6.90321,0.485048,-5.54186,35.78,7.7436,87.0823,0.174019,0.00229914,-0.00127064,0.157417,0.120177,0.140159,0.618791,20.8916,10.967
MOCK_S05,MOCK_S05_T3,1767664800.067,2,MOCK_CONDITION_2,,MOCK_LEVEL_2,6.51029,16.9076,13.9795,-0.0227014,0.579769,2.1111,0.0224108,0.72488,0.3406,0.189472,0.083592,-0.0984366,0.0965338,0.152604,9.36196,0.544893,-4.15675,38.2437,11.4607,124.878,0.134772,0.0085814,0.00735715,0.127849,0.263333,0.0996259,8.29976,8.78804,6.53973
MOCK_S05,MOCK_S05_T3,1767664800.100,3,MOCK_CONDITION_2,,MOCK_LEVEL_2,-1.0948,-9.53464,13.1576,-0.00891262,0.525011,-7.8046,0.0385231,0.761142,0.21683,-0.143501,-0.0376248,-0.342175,0.198612,0.128536,9.19061,0.44771,-5.00777,39.3739,10.0741,242.155,0.12252,0.00410679,-0.00508928,-0.01594,0.450546,0.210551,-8.59892,10.7404,8.03907
MOCK_S05,MOCK_S05_T3,1767664800.133,4,MOCK_CONDITION_2,,MOCK_LEVEL_2,19.2944,-5.60555,3.60791,0.00274716,0.578131,8.62197,0.0400427,0.601513,-0.0581726,0.0615214,-0.0569975,-0.468138,0.186768,0.170672,22.0352,0.538616,-7.39402,61.9348,11.0823,116.818,0.140781,0.00662154,-0.00186898,0.152429,0.276392,0.134702,-17.386,16.9027,3.09207
MOCK_S05,MOCK_S05_T3,1767664800.167,5,MOCK_CONDITION_2,,MOCK_LEVEL_2,3.83187,24.5448,-2.96751,-0.0727099,0.516155,-0.660105,0.0404014,0.769889,0.217789,0.394011,-0.144674,0.0983074,0.246168,0.311886,7.71781,0.532427,-9.84486,47.6983,11.5954,238.624,0.125708,-0.0117532,0.00300031,-0.154884,0.182026,0.168901,-8.05833,22.5044,-1.64192
MOCK_S05,MOCK_S05_T3,1767664800.200,6,MOCK_CONDITION_2,,MOCK_LEVEL_2,-6.90267,1.48149,3.65441,-0.16331,0.577039,7.12098,0.0289586,0.798918,-0.0626905,0.5635,0.119138,0.0955789,0.0769163,0.162992,12.9657,0.503551,-8.61354,36.4893,11.9771,134.465,0.168178,0.00434548,-0.0183201,-0.0896292,0.310632,0.0932804,2.63803,7.72086,5.46738
MOCK_S05,MOCK_S05_T3,1767664800.233,7,MOCK_CONDITION_2,,MOCK_LEVEL_2,7.14618,9.71641,4.7648,-0.0457207,0.487134,2.93676,0.0469553,1.04143,-0.298982,-0.0362328,0.0434482,0.158948,0.154472,0.19243,11.4769,0.513214,-4.52082,43.9105,10.6932,93.1536,0.139458,-0.00804802,-0.0106553,-0.0342491,0.27174,0.195633,-14.2439,9.52181,-1.43606
MOCK_S05,MOCK_S05_T3,1767664800.267,8,MOCK_CONDITION_2,,MOCK_LEVEL_2,13.6799,-7.41106,2.15608,-0.128682,0.486336,0.410523,0.0394209,0.858022,,,,,,,11.9388,0.478695,-12.2053,36.694,8.7411,160.462,0.0689326,-0.00140204,0.0235108,-0.000901837,0.441047,0.195575,0.910363,-0.728911,5.10435
MOCK_S05,MOCK_S05_T3,1767664800.300,9,MOCK_CONDITION_2,,MOCK_LEVEL_2,5.19708,5.49176,3.06735,-0.0235133,0.516472,-4.70974,0.024014,0.81315,-0.048514,0.221355,-0.195754,-0.255279,0.0411371,0.158937,16.9086,0.539086,-2.00101,60.876,9.96671,36.3035,0.0582482,0.00461172,0.00742449,0.156201,0.361306,0.16944,-0.271597,9.58964,-3.3696
MOCK_S05,MOCK_S05_T3,1767664800.333,10,MOCK_CONDITION_2,,MOCK_LEVEL_2,13.0809,19.7966,-0.641525,-0.0580361,0.549929,1.0716,0.0263035,0.745127,-0.541048,0.364515,0.176429,0.12712,0.26064,0.18193,18.3788,0.446371,-8.41616,35.2074,12.3924,167.648,0.0684128,0.0126886,0.00831465,-0.0479622,0.464828,0.165269,7.40824,10.7248,-0.857923
MOCK_S05,MOCK_S05_T3,1767664800.367,11,MOCK_CONDITION_2,,MOCK_LEVEL_2,8.37647,12.3581,4.73651,-0.0702312,0.478401,5.26265,0.0376583,0.642078,-0.465927,0.0582373,0.0451886,-0.0763134,-0.0536758,0.202132,14.937,0.456557,-3.14649,48.8969,8.06631,205.164,0.0947312,0.0068994,-0.0017283,-0.0101084,0.345408,0.0747331,16.7456,15.152,3.73815
MOCK_S05,MOCK_S05_T3,1767664800.400,12,MOCK_CONDITION_2,,MOCK_LEVEL_2,0.841672,-0.149847,2.32775,-0.052056,0.588133,1.03946,0.0448679,0.838906,0.198935,0.167197,0.294179,-0.346147,0.283135,0.185415,20.4352,0.485332,-7.7182,49.1619,14.7742,92.4327,0.114582,0.0026799,0.00409079,-0.199688,0.283259,0.145991,8.16752,5.83697,0.222719
MOCK_S05,MOCK_S05_T3,1767664800.433,13,MOCK_CONDITION_2,,MOCK_LEVEL_2,5.95941,4.76867,-6.97529,-0.119348,0.573456,0.898639,0.0455279,0.668048,-0.568535,0.0983879,0.178512,0.39884,0.264849,0.154001,9.88802,0.492293,-11.1102,49.2416,16.4884,178.497,-0.0260992,0.00651477,0.0181148,-0.0746298,0.123979,0.228994,-11.9094,12.365,12.1922
MOCK_S05,MOCK_S05_T3,1767664800.467,14,MOCK_CONDITION_2,,MOCK_LEVEL_2,7.17516,5.80168,-4.05611,-0.263975,0.464312,-1.17142,0.0326194,0.825489,0.294595,0.22781,0.0440292,0.66036,0.05211,0.134354,10.905,0.510222,-14.6516,35.1141,8.97432,139.933,0.105456,0.00883452,-0.00311445,0.0646962,0.191036,0.257974,-8.1755,13.4854,4.21988
MOCK_S05,MOCK_S05_T3,1767664800.500,15,MOCK_CONDITION_2,,MOCK_LEVEL_2,-1.43674,14.0905,3.76937,0.0127041,0.472832,8.36626,0.0518682,0.682824,-0.338711,0.416582,0.0579851,0.108674,0.184759,0.114975,4.80832,0.501971,-10.1881,43.8116,10.3589,199.999,0.0748505,-0.00148653,-0.0185861,-0.0558458,0.339189,0.161108,-2.46067,18.8022,2.50581
MOCK_S05,MOCK_S05_T3,1767664800.533,16,MOCK_CONDITION_2,,MOCK_LEVEL_2,10.6,11.4865,8.90215,0.096446,0.603415,3.31649,0.040129,0.816151,0.0828333,0.234789,0.252557,0.206073,0.334893,0.134357,13.8075,0.447449,-10.2624,36.956,13.2018,101.971,0.119214,0.0164475,-0.0227972,-0.195761,0.353732,0.150851,-16.15,5.1997,-5.4745
MOCK_S05,MOCK_S05_T3,1767664800.567,17,MOCK_CONDITION_2,,MOCK_LEVEL_2,1.56772,38.9079,7.87142,0.0373172,0.515861,13.0469,0.0227068,0.689885,,,,,,,11.1036,0.456243,-1.56477,44.6339,14.8218,151.273,0.104895,-0.00310818,-0.00784065,-0.0206518,0.474213,0.0534554,11.3199,18.789,-5.6454
MOCK_S05,MOCK_S05_T3,1767664800.600,18,MOCK_CONDITION_2,,MOCK_LEVEL_2,-1.29512,2.40427,-2.14025,-0.026076,0.417317,-9.53578,0.0278527,0.69011,-0.172658,0.503698,-0.243586,0.286686,0.0927999,0.119131,10.0878,0.468013,-11.34,40.3386,10.6327,98.0495,0.127381,0.00449462,-0.00698694,0.00464004,0.258988,0.12475,8.4473,-2.85523,1.80293
MOCK_S05,MOCK_S05_T3,1767664800.633,19,MOCK_CONDITION_2,,MOCK_LEVEL_2,11.8313,-6.12279,-1.76492,-0.113357,0.456932,5.62799,0.03897,0.751616,0.339021,0.121034,-0.451777,0.0377368,0.0794193,0.125926,11.6191,0.550355,-15.4734,40.6975,5.51916,146.163,0.102332,-0.00833277,-0.0169133,-0.0823291,0.36584,0.126271,-5.03711,3.04688,6.81188
MOCK_S05,MOCK_S05_T3,1767664800.667,20,MOCK_CONDITION_2,,MOCK_LEVEL_2,0.0475832,14.7187,-2.08084,-0.0570736,0.530498,-3.38984,0.0268281,0.782297,-0.193162,0.272196,-0.149212,-0.0767881,0.258316,0.188536,9.32728,0.478916,-4.36707,34.3166,10.2477,77.3987,0.140359,-0.00922303,-0.00309363,0.0271027,0.256538,0.24035,11.0432,9.27388,10.0482
MOCK_S05,MOCK_S05_T3,1767664800.700,21,MOCK_CONDITION_2,,MOCK_LEVEL_2,13.8503,9.07475,2.85538,-0.082002,0.546107,5.06474,0.00049951,0.618014,-0.0438616,0.276676,0.267874,-0.00618334,0.35897,0.130466,16.9995,0.472714,-4.68273,43.8603,12.6479,212.455,0.18476,0.00963557,-0.0045116,-0.0699145,0.347536,0.173291,1.0411,22.2649,5.8502
MOCK_S05,MOCK_S05_T3,1767664800.733,22,MOCK_CONDITION_2,,MOCK_LEVEL_2,17.1486,3.15505,5.49156,0.051115,0.525553,0.727891,0.0239101,0.8015,0.241041,0.309459,-0.0487725,0.240796,0.115717,0.0976128,3.29093,0.480358,-8.82448,47.901,12.8116,170.441,0.19266,0.0175372,0.0115703,-0.0977222,0.260069,0.17759,-7.42346,15.9451,6.02504
MOCK_S05,MOCK_S05_T3,1767664800.767,23,MOCK_CONDITION_2,,MOCK_LEVEL_2,4.7061,3.32235,5.14915,-0.138974,0.510684,-1.27662,0.0154142,0.706207,-0.251187,0.0926741,-0.0848022,-0.414753,0.305998,0.206377,10.7958,0.485943,0.8623,52.6509,6.37863,182.368,0.194192,0.00704159,0.0214381,-0.0699454,0.315673,0.0552438,7.05009,5.37679,8.0243
MOCK_S05,MOCK_S05_T3,1767664800.800,24,MOCK_CONDITION_2,,MOCK_LEVEL_2,-4.95512,18.6756,-0.448755,-0.0208775,0.526744,-7.31715,0.0310695,0.725262,-0.436131,0.010686,0.0277376,-0.202314,0.216332,0.136355,8.10302,0.409364,-1.10185,23.0781,19.2504,102.718,0.139752,0.00416947,0.00278636,-0.0115077,0.270847,0.231141,-3.85076,-3.65365,0.519468
MOCK_S05,MOCK_S05_T3,1767664800.833,25,MOCK_CONDITION_2,,MOCK_LEVEL_2,4.72207,1.57591,2.26653,0.0582035,0.400991,-6.86029,0.0387418,0.823075,-0.162979,0.161959,-0.155505,-0.183747,0.250258,0.0863309,9.38006,0.485289,-5.61711,52.4313,8.79785,134.282,0.128375,0.00384469,0.0127887,-0.028194,0.322746,0.154636,1.75756,3.09259,4.16606
MOCK_S05,MOCK_S05_T3,1767664800.867,26,MOCK_CONDITION_2,,MOCK_LEVEL_2,15.8396,-10.5912,15.7174,-0.0168767,0.565384,-1.45407,0.0260033,0.783183,-0.190793,-0.00819724,0.529486,-0.468116,0.434748,0.1544,1.10725,0.467822,-3.54194,31.1883,7.25692,52.3591,0.141455,0.00790128,0.0251361,-0.000253371,0.321288,0.169258,0.160308,12.0144,4.45861
MOCK_S05,MOCK_S05_T3,1767664800.900,27,MOCK_CONDITION_2,,MOCK_LEVEL_2,8.81261,-2.81521,-1.96461,-0.0484447,0.501461,-6.5103,0.0167746,0.745378,-0.19687,0.0934733,-0.162507,-0.402136,0.144982,0.175731,4.0751,0.387491,-6.13894,43.4107,12.7819,135.663,0.170109,0.0223731,0.00112372,-0.0647254,0.344883,0.281882,-14.557,-8.70881,2.76972
MOCK_S05,MOCK_S05_T3,1767664800.933,28,MOCK_CONDITION_2,,MOCK_LEVEL_2,12.1638,16.0373,-0.0103974,0.162088,0.487528,-2.40929,0.0348069,0.563708,-0.335201,0.0540009,0.337341,-0.792594,0.107666,0.143955,11.4419,0.519438,-7.91936,34.945,11.0881,75.8343,0.166241,-0.00266584,-0.00199102,0.106502,0.355982,0.163658,5.06005,-4.96274,8.02162
MOCK_S05,MOCK_S05_T3,1767664800.967,29,MOCK_CONDITION_2,,MOCK_LEVEL_2,23.6588,-29.3618,-0.0288939,-0.151905,0.678029,-2.53879,0.0146636,0.758825,-0.237774,0.276015,0.21927,-0.0509862,0.117394,0.293734,16.6191,0.502287,-14.1004,44.8448,12.2467,189.95,0.133795,-0.0109025,0.00143576,-0.104654,0.120263,0.0592228,1.33844,-7.02838,1.71496
MOCK_S06,MOCK_S06_T1,1767744000.000,0,MOCK_CONDITION_0,,MOCK_LEVEL_0,-10.2282,-4.15124,2.78448,0.0865107,0.58333,0.696095,0.0243484,0.805752,-0.56287,0.437189,0.73938,-0.000704759,0.0858276,0.226684,11.9373,0.409305,6.50311,27.3471,12.6051,220.747,,,,,,,,,
MOCK_S06,MOCK_S06_T1,1767744000.033,1,MOCK_CONDITION_0,,MOCK_LEVEL_0,1.46142,-1.25482,-1.91205,-0.0492938,0.537704,-0.443343,0.0203547,0.708452,-0.12828,0.320801,0.164547,0.201993,0.321115,0.150917,25.9056,0.41652,-4.80195,35.0171,8.64049,261.449,0.222503,-0.0144378,0.0101476,0.171142,0.232394,0.0823761,5.05729,-9.27548,-1.84855
MOCK_S06,MOCK_S06_T1,1767744000.067,2,MOCK_CONDITION_0,,MOCK_LEVEL_0,-3.29879,8.60868,1.25235,0.143151,0.587583,6.02453,0.0168503,0.74262,-0.16859,0.152459,-0.0246748,-0.0503952,0.212343,0.160708,14.9363,0.453505,5.80145,30.4036,12.3103,188.347,0.127213,-0.0139942,0.00222529,0.102006,0.144098,0.149382,0.131133,0.75697,-3.5381
MOCK_S06,MOCK_S06_T1,1767744000.100,3,MOCK_CONDITION_0,,MOCK_LEVEL_0,-2.27597,4.92691,3.65782,0.163234,0.502176,8.52026,0.01535,0.663769,-0.24851,0.086509,0.869432,-0.0256692,0.365643,0.149401,8.50037,0.486999,-3.85094,41.2278,12.6015,193.143,0.111112,-0.0241611,-0.018289,0.227819,0.268247,0.131562,21.44,-8.00485,2.05469
MOCK_S06,MOCK_S06_T1,1767744000.133,4,MOCK_CONDITION_0,,MOCK_LEVEL_0,-4.69797,11.2662,5.6466,-0.0117917,0.545069,-0.747155,0.00956183,0.937054,0.370394,0.575105,-0.102976,-0.4522,0.00940158,0.160041,3.08587,0.41066,-11.5839,34.4093,11.3062,242.799,0.110475,-0.0137758,0.00525041,-0.0479107,0.0991732,-0.00568875,10.5577,-0.20243,-3.7696
MOCK_S06,MOCK_S06_T1,1767744000.167,5,MOCK_CONDITION_0,,MOCK_LEVEL_0,3.36858,8.46809,9.36275,0.0668069,0.56591,5.42971,0.0292482,0.713675,-0.152986,0.340812,0.294009,-0.278111,0.189645,0.228232,19.1546,0.446557,-6.44347,20.6236,10.4871,210.691,0.131561,-0.0146394,0.0109542,-0.0501519,0.344489,0.0933138,5.88625,3.47093,-6.03786
MOCK_S06,MOCK_S06_T1,1767744000.200,6,MOCK_CONDITION_0,,MOCK_LEVEL_0,-6.60171,26.7471,-7.6659,0.00132228,0.578816,-2.88036,0.0403499,0.717242,-0.161355,0.224083,0.479354,-0.288929,0.100215,0.205713,6.27993,0.477021,-6.81362,44.1603,12.4948,227.855,0.222586,-0.0124487,-0.016225,-0.0304615,0.407885,0.0307724,-14.5206,-11.1621,10.0521
MOCK_S06,MOCK_S06_T1,1767744000.233,7,MOCK_CONDITION_0,,MOCK_LEVEL_0,-4.74911,6.20431,9.65853,0.123092,0.539115,-0.641441,0.00639494,0.604649,,,,,,,9.37521,0.413603,-11.1008,34.369,9.6035,345.194,0.178162,0.0152358,0.00727216,-0.063977,0.239479,0.111803,-1.10682,2.12416,-0.180715
MOCK_S06,MOCK_S06_T1,1767744000.267,8,MOCK_CONDITION_0,,MOCK_LEVEL_0,-1.76045,9.79337,10.3745,0.254511,0.505023,-1.63321,0.0146658,0.903661,-0.152516,0.223386,0.41245,-0.0908551,0.223911,0.181961,7.08485,0.432162,-4.96106,40.202,10.2119,211.211,0.208514,-0.003004,-0.00198746,-0.0357813,0.247849,0.0469819,-6.76245,-7.14599,5.79177
MOCK_S06,MOCK_S06_T1,1767744000.300,9,MOCK_CONDITION_0,,MOCK_LEVEL_0,-6.11556,3.22772,7.11953,0.0765393,0.565937,0.71941,0.020924,0.81953,-0.346302,0.714922,0.0528843,-0.481154,0.21716,0.104494,19.0114,0.434535,0.0232975,30.5472,10.9556,154.606,0.223811,-0.0166038,-0.00098074,0.0819894,0.205006,0.0678338,10.8709,0.811027,8.64437
MOCK_S06,MOCK_S06_T1,1767744000.333,10,MOCK_CONDITION_0,,MOCK_LEVEL_0,-0.161796,13.5266,0.0502116,0.054848,0.524932,3.95307,0.0182495,0.76949,0.185896,0.541033,0.744437,-0.146663,0.377788,0.234375,14.4382,0.467572,-11.0846,26.03,9.35149,262.538,0.129868,0.00377875,0.00302697,0.0336599,0.236375,0.0722452,-9.35315,-16.9159,10.4548
MOCK_S06,MOCK_S06_T1,1767744000.367,11,MOCK_CONDITION_0,,MOCK_LEVEL_0,-7.14957,13.9419,2.4255,0.106935,0.65323,1.23273,0.0282274,0.844857,0.164757,0.227283,-0.382832,-0.133849,0.281523,0.186713,19.4139,0.416989,-1.68328,26.9973,10.4767,282.305,0.122295,-0.0191076,0.00879833,-0.0475059,0.208568,0.0600767,-11.0867,20.2059,-3.65183
MOCK_S06,MOCK_S06_T1,1767744000.400,12,MOCK_CONDITION_0,,MOCK_LEVEL_0,-15.5745,-1.34075,0.678636,0.116467,0.566046,-1.91151,0.0364333,0.734153,0.21406,0.285532,0.0553791,0.403674,0.186641,0.142132,13.1911,0.488249,-8.34184,27.9488,7.30334,109.72,0.165743,-0.00145544,-0.00521269,0.140098,0.212208,0.0786936,-2.32318,-9.04343,-4.91801
MOCK_S06,MOCK_S06_T1,1767744000.433,13,MOCK_CONDITION_0,,MOCK_LEVEL_0,2.45177,16.6165,-6.13955,0.0634143,0.547228,-3.02219,0.00571032,0.702661,-0.158678,0.387345,0.188663,-0.425056,0.403556,0.220221,2.12091,0.434323,0.858459,26.0346,10.7025,387.192,0.23505,-0.00499925,-0.0143295,0.0579122,0.281072,0.0692805,-6.02131,-6.03617,-4.08661
MOCK_S06,MOCK_S06_T1,1767744000.467,14,MOCK_CONDITION_0,,MOCK_LEVEL_0,-7.526,21.536,2.14483,0.0315422,0.562507,-1.80077,0.021406,0.724646,-0.0606802,0.18676,0.294966,-0.0765989,0.299296,0.0956365,7.57104,0.500869,-8.4704,43.062,8.18682,218.023,0.196852,0.024714,-0.00919877,0.08621,0.262581,0.126237,-9.50239,1.3459,4.3017
MOCK_S06,MOCK_S06_T1,1767744000.500,15,MOCK_CONDITION_0,,MOCK_LEVEL_0,-7.98093,12.3192,9.00784,0.0582303,0.445183,-5.75796,0.0185244,0.729945,0.122246,0.108411,0.277907,0.0545339,0.210715,0.203818,4.78709,0.457365,-6.93081,38.6039,15.497,195.947,0.19098,0.00148014,0.00996658,-0.0535921,0.252659,0.0669019,-17.1176,-18.1389,2.14655
MOCK_S06,MOCK_S06_T1,1767744000.533,16,MOCK_CONDITION_0,,MOCK_LEVEL_0,-14.4996,28.8192,6.36256,0.0559764,0.521013,-2.55227,-0.000850636,0.779993,-0.269062,0.157374,0.970684,-0.306667,0.219511,0.131954,10.7333,0.371196,-7.57895,52.85,7.36378,234.534,0.194333,0.000423536,-0.00991386,0.0590577,0.357954,0.0126034,-16.8846,-12.2076,4.15598
MOCK_S06,MOCK_S06_T1,1767744000.567,17,MOCK_CONDITION_0,,MOCK_LEVEL_0,-1.3208,0.280305,0.639208,0.166192,0.555088,-3.06193,0.0105771,0.801417,0.458445,-0.108045,0.291041,-0.1781,0.0431039,0.15218,20.6072,0.47272,1.30396,26.2123,6.17249,176.062,0.115838,-0.0163324,0.00612572,-0.0713038,0.183294,0.119892,-4.04086,18.4169,3.95902
MOCK_S06,MOCK_S06_T1,1767744000.600,18,MOCK_CONDITION_0,,MOCK_LEVEL_0,-13.3651,-19.0154,11.0646,0.046553,0.549972,-4.24583,0.01409,0.763275,-0.0961496,0.675222,0.408786,-0.161476,0.24345,0.238485,19.9126,0.407879,-7.28851,36.3663,10.8988,220.176,0.119803,-0.0156715,-0.00533103,0.200545,0.278862,0.10438,-4.48546,2.4493,12.1897
MOCK_S06,MOCK_S06_T1,1767744000.633,19,MOCK_CONDITION_0,,MOCK_LEVEL_0,-1.89443,18.1806,6.3158,0.0110755,0.465818,2.60888,0.0215567,0.660336,0.0758467,0.276839,0.275236,0.222263,0.270158,0.143797,10.855,0.456897,-6.41156,43.5044,13.8978,218.99,0.249107,-0.00129891,-0.0135191,0.0845709,0.343586,0.0562419,2.05664,13.3002,2.92346
MOCK_S06,MOCK_S06_T1,1767744000.667,20,MOCK_CONDITION_0,,MOCK_LEVEL_0,-8.46672,1.64006,-0.548258,-0.0220136,0.446755,4.92777,0.0206306,0.558913,-0.642617,0.220628,0.438336,0.122116,0.240795,0.193819,12.1807,0.461304,-12.0789,41.5552,11.8724,224.051,0.192404,-0.013737,-0.00412523,0.0389418,0.0465955,0.0745491,7.84126,1.99117,0.114415
MOCK_S06,MOCK_S06_T1,1767744000.700,21,MOCK_CONDITION_0,,MOCK_LEVEL_0,-11.768,5.48127,10.3256,0.0445622,0.456054,4.51773,0.0465846,0.784861,-0.0790983,0.326751,0.231481,0.0479373,0.243484,0.182205,18.3479,0.484258,-5.89333,47.5656,9.57843,284.468,0.152627,0.00265727,-0.0043606,0.055746,0.365245,0.091688,-7.22792,-19.0463,3.05714
MOCK_S06,MOCK_S06_T1,1767744000.733,22,MOCK_CONDITION_0,,MOCK_LEVEL_0,-5.8718,24.4039,-0.91776,0.0672906,0.568737,-3.40148,0.0235496,0.897216,0.104823,0.447399,0.142462,-0.207093,0.3527,0.13079,7.74664,0.468141,-8.28611,29.8859,11.0033,272.648,0.130419,0.00440755,-0.00208413,-0.00836301,0.126549,0.0553136,-2.76488,1.9096,2.24141
MOCK_S06,MOCK_S06_T1,1767744000.767,23,MOCK_CONDITION_0,,MOCK_LEVEL_0,-2.81953,16.2299,-10.1547,0.215385,0.498018,-2.3977,0.0127223,0.714578,-0.348447,-0.177958,0.236402,-0.0578664,0.0228236,0.16185,13.1986,0.450404,-3.49162,19.9512,16.8342,116.914,0.178379,0.00727405,0.00932314,-0.0696438,0.411342,0.102326,1.37999,-3.25502,-6.69058
MOCK_S06,MOCK_S06_T1,1767744000.800,24,MOCK_CONDITION_0,,MOCK_LEVEL_0,11.8136,26.0715,5.23436,0.167237,0.564781,7.40891,0.0319436,0.737502,0.233733,0.609432,-0.470925,0.142176,0.113534,0.172251,12.0725,0.413011,-4.19892,38.0038,11.8728,128.748,0.288793,-0.0167709,0.000809915,0.228495,0.355015,0.112424,-12.4976,6.37389,-1.85346
MOCK_S06,MOCK_S06_T1,1767744000.833,25,MOCK_CONDITION_0,,MOCK_LEVEL_0,4.55769,2.94761,-1.2173,0.167909,0.514925,-12.8066,0.026553,0.852929,-0.324262,0.419528,0.172135,0.183516,0.239216,0.200754,3.95533,0.499205,-4.95418,22.4405,10.7651,217.833,0.231277,0.00238311,-0.00868573,0.0808722,0.153643,-0.00490581,-5.67458,-26.6042,0.638985
MOCK_S06,MOCK_S06_T1,1767744000.867,26,MOCK_CONDITION_0,,MOCK_LEVEL_0,-6.30091,16.3145,7.55506,0.205836,0.505932,4.24036,0.0322245,0.689819,-0.260429,0.465594,0.125057,0.349964,0.0888734,0.176967,10.0959,0.459722,-1.60369,25.8994,5.5208,192.627,0.186283,-0.00136285,0.000857762,-0.0158381,0.211904,0.0212389,-14.9079,7.04064,-0.502781
MOCK_S06,MOCK_S06_T1,1767744000.900,27,MOCK_CONDITION_0,,MOCK_LEVEL_0,-8.09624,28.0607,1.92579,-0.0564584,0.624284,-3.45048,0.0338422,0.827203,-0.157592,0.390373,0.428744,-0.369619,0.104029,0.288738,19.3884,0.489158,-16.2242,41.0375,15.4862,223.564,0.07117,0.000165822,-0.010573,-0.0438275,0.419092,0.0483387,-9.38156,-1.65462,-7.68573
MOCK_S06,MOCK_S06_T1,1767744000.933,28,MOCK_CONDITION_0,,MOCK_LEVEL_0,-8.07129,-8.0155,7.41832,-0.0726958,0.601661,-8.11619,0.0420701,0.768877,0.33035,0.666261,-0.261453,0.245269,0.0892768,0.179031,8.33733,0.465709,-4.68242,32.619,9.44952,171.859,0.174577,0.0106103,-0.00754773,-0.0337421,0.247607,0.00388712,6.10932,2.6756,-3.1793
MOCK_S06,MOCK_S06_T1,1767744000.967,29,MOCK_CONDITION_0,,MOCK_LEVEL_0,-1.89537,22.9534,4.95487,-0.192563,0.55904,1.19103,0.0317039,0.703272,0.0295318,0.217246,0.296173,-0.0911354,0.0645882,0.140979,24.0583,0.46201,2.38939,33.5046,17.886,237.976,0.115181,0.00619499,-0.0116485,0.0647895,0.14989,0.129,1.97293,-8.60942,-6.54539
MOCK_S06,MOCK_S06_T2,1767747600.000,0,MOCK_CONDITION_1,,MOCK_LEVEL_1,2.60727,-8.33511,-3.02728,0.187943,0.486898,8.59135,-0.0068906,0.856767,-0.034886,0.55556,-0.0271307,-0.133148,0.268306,0.1455,5.23835,0.465773,-5.67907,16.416,10.7072,229.695,,,,,,,,,
MOCK_S06,MOCK_S06_T2,1767747600.033,1,MOCK_CONDITION_1,,MOCK_LEVEL_1,3.10105,12.207,1.79363,0.161614,0.513527,5.19313,0.0399013,0.773909,-0.658236,0.412893,0.538712,-0.0602329,0.198463,0.125728,14.8521,0.383557,-2.01206,40.9544,9.4703,332.469,0.167742,-0.0053285,-0.00336142,-0.0746572,0.206149,0.134687,-7.80738,-14.8646,-3.86933
MOCK_S06,MOCK_S06_T2,1767747600.067,2,MOCK_CONDITION_1,,MOCK_LEVEL_1,-2.44571,31.9413,-1.17692,-0.00745262,0.492073,7.49743,0.0203996,0.642106,0.0368376,0.29987,0.299127,-0.0923983,0.109279,0.242576,12.9698,0.402704,-5.90699,38.3667,14.0492,193.583,0.0957603,-0.0179487,0.0064258,-0.0303575,0.337736,0.0849822,-5.3766,-0.488504,-1.54964
MOCK_S06,MOCK_S06_T2,1767747600.100,3,MOCK_CONDITION_1,,MOCK_LEVEL_1,-10.4809,7.75396,-7.49176,0.00440412,0.588949,-2.42546,0.0341668,0.745117,0.270894,0.119956,-0.0931966,-0.274428,0.0666649,0.163756,20.1329,0.508704,-3.90459,21.5282,13.0276,264.426,0.227618,-0.00422061,0.00424914,0.0869649,0.436617,0.0617075,2.21717,-0.788524,5.99139
MOCK_S06,MOCK_S06_T2,1767747600.133,4,MOCK_CONDITION_1,,MOCK_LEVEL_1,1.22089,6.25203,-6.75356,-0.0856346,0.58547,0.820659,0.0147833,0.736649,-0.111977,0.381222,0.702581,0.131884,0.121665,0.257587,18.2525,0.448275,-2.53424,48.2936,4.76047,240.949,0.225281,-0.00631566,-0.0101095,-0.0451305,0.260797,0.0754733,10.6256,-6.92467,3.28072
MOCK_S06,MOCK_S06_T2,1767747600.167,5,MOCK_CONDITION_1,,MOCK_LEVEL_1,-1.05598,4.81358,3.964,-0.0115575,0.660033,-5.34554,0.0245615,0.650055,-0.657818,0.504948,0.632384,-0.418715,0.173004,0.155847,16.3004,0.425923,4.6824,40.2719,8.64071,119.351,0.207583,0.0146595,0.0100124,0.135678,0.315439,0.0367677,-17.5715,3.70249,6.98143
MOCK_S06,MOCK_S06_T2,1767747600.200,6,MOCK_CONDITION_1,,MOCK_LEVEL_1,-8.4468,7.39209,9.88194,0.101506,0.493991,3.67539,0.0186085,0.91112,-0.253864,0.538097,0.258235,0.104641,0.149691,0.026049,19.3782,0.474248,-5.40595,21.3016,14.4824,229.631,0.10516,-0.0209682,-0.00373296,0.0782263,0.459596,0.0607642,5.94283,-5.00949,-1.85458
MOCK_S06,MOCK_S06_T2,1767747600.233,7,MOCK_CONDITION_1,,MOCK_LEVEL_1,8.97434,8.99337,-1.31746,0.104889,0.535395,-0.0201627,0.0331903,0.865407,-0.217453,0.700241,0.575693,-0.325408,0.571024,0.214138,9.20332,0.397436,-9.54635,28.1245,11.1168,205.697,0.176385,-0.000598569,0.000741292,-0.00259522,0.235396,0.0861283,5.86603,12.5291,0.885772
MOCK_S06,MOCK_S06_T2,1767747600.267,8,MOCK_CONDITION_1,,MOCK_LEVEL_1,10.4625,8.11386,9.0772,0.00898985,0.485981,-0.943959,0.0176288,0.624037,0.055233,0.497352,-0.0579644,0.410647,0.256074,0.172407,13.1455,0.429807,-2.89426,7.42211,11.0348,161.406,0.0989884,-0.0060568,-0.00634882,-0.0932181,0.302252,0.0578269,-5.19636,6.0668,1.92489
MOCK_S06,MOCK_S06_T2,1767747600.300,9,MOCK_CONDITION_1,,MOCK_LEVEL_1,-1.56357,13.1602,8.97068,0.0610381,0.537446,-10.0953,0.0119489,0.653211,0.00714514,0.31928,0.407058,0.545777,0.211179,0.141231,9.78429,0.420948,-6.40577,26.6136,6.65023,208.444,0.173467,-0.00236297,-0.00667532,0.0285714,0.34039,0.153781,-31.5739,-1.32718,-10.2971
MOCK_S06,MOCK_S06_T2,1767747600.333,10,MOCK_CONDITION_1,,MOCK_LEVEL_1,6.76063,-2.90122,8.01582,0.17121,0.598356,1.57134,0.0191891,0.572948,-0.614459,0.0688784,0.711005,-0.103142,0.10888,0.263436,9.42095,0.440034,-10.0153,42.1009,10.1734,289.104,0.147747,0.0129904,0.0010915,0.242914,0.224545,0.142588,11.772,-11.9884,4.98228
MOCK_S06,MOCK_S06_T2,1767747600.367,11,MOCK_CONDITION_1,,MOCK_LEVEL_1,-10.4778,9.66439,6.92786,0.0198732,0.581078,-2.21482,0.024133,0.635493,0.403352,0.585446,0.330136,-0.199191,-0.0754408,0.154522,17.4278,0.442163,2.7225,18.8935,7.79806,168.651,0.124343,-0.0171097,-0.00566484,-0.10226,0.207078,0.0320334,-14.609,19.1229,2.28494
MOCK_S06,MOCK_S06_T2,1767747600.400,12,MOCK_CONDITION_1,,MOCK_LEVEL_1,-7.14749,25.1984,4.32221,-0.0397475,0.528811,10.3728,0.0183425,0.879443,-0.658074,0.322514,0.232651,0.12637,0.0466053,0.153265,16.5476,0.492801,-7.62145,20.0731,11.9078,297.115,0.138247,-0.000809279,-0.00234367,0.0183319,0.125008,0.114944,6.9231,-1.25653,2.99537
MOCK_S06,MOCK_S06_T2,1767747600.433,13,MOCK_CONDITION_1,,MOCK_LEVEL_1,-9.09256,4.4797,4.71543,-0.0686764,0.487293,4.19774,0.0128319,0.814384,-0.104092,0.386534,-0.455626,0.123181,0.121084,0.256613,13.3708,0.441032,-8.20155,31.1681,10.4232,210.629,0.200826,-0.00633578,0.000421719,-0.126691,0.249049,0.120809,5.23049,12.2935,-5.00304
MOCK_S06,MOCK_S06_T2,1767747600.467,14,MOCK_CONDITION_1,,MOCK_LEVEL_1,15.089,-7.71631,6.16593,0.00476332,0.577731,5.89988,0.000553735,0.577812,-0.339839,0.14511,0.666848,0.108867,0.0756443,0.203966,9.71823,0.404025,-9.01824,29.6715,15.2474,126.79,0.138629,-0.0216826,-0.00259822,-0.0810799,0.349807,0.0828832,-12.8586,3.68223,1.6489
MOCK_S06,MOCK_S06_T2,1767747600.500,15,MOCK_CONDITION_1,,MOCK_LEVEL_1,-6.10537,20.4486,-4.47096,-0.0303012,0.572568,-0.861602,0.0152292,0.702558,-0.340579,0.0108896,0.956987,0.0415201,0.130336,0.16425,5.70339,0.454616,1.82541,26.2404,14.5497,371.035,0.185168,-0.00723905,0.00437878,0.154527,0.397733,0.166466,-15.452,3.16278,-6.57582
MOCK_S06,MOCK_S06_T2,1767747600.533,16,MOCK_CONDITION_1,,MOCK_LEVEL_1,-9.17058,1.75179,6.02693,0.149567,0.540026,4.03896,0.0205038,0.900941,-0.541029,0.403791,-0.165954,0.493873,0.251924,0.220793,17.8107,0.454765,-13.4252,29.8422,12.0721,264.339,0.193266,-0.00790576,-0.00390312,-0.0258389,0.234618,0.163863,3.61638,-2.23698,0.775194
MOCK_S06,MOCK_S06_T2,1767747600.567,17,MOCK_CONDITION_1,,MOCK_LEVEL_1,13.9595,10.5292,-1.73162,-0.0213361,0.586425,3.02706,0.0249241,0.779742,,,,,,,24.0988,0.390985,-17.949,43.563,16.842,238.106,0.142428,-0.0163236,-0.00669489,-0.0686878,0.344318,0.0661975,-5.05195,-24.1207,3.00296
MOCK_S06,MOCK_S06_T2,1767747600.600,18,MOCK_CONDITION_1,,MOCK_LEVEL_1,8.42083,6.98376,3.01745,0.176773,0.52267,0.907497,0.0190604,0.973486,,,,,,,18.1546,0.378001,-7.35404,32.0481,13.8233,155.022,0.169734,-0.000853143,0.0189915,-0.0674897,0.438967,0.112742,5.5516,-2.31257,-9.05576
MOCK_S06,MOCK_S06_T2,1767747600.633,19,MOCK_CONDITION_1,,MOCK_LEVEL_1,-5.71589,-16.555,3.26634,0.108217,0.446043,1.5846,0.0321983,0.786193,-0.0565947,0.265178,0.230545,0.265971,0.0890221,0.0778855,14.6579,0.465258,-6.47302,22.9833,11.6938,200.553,0.131692,-0.0180883,0.00532579,0.0412183,0.239148,0.0227698,-3.66937,-13.1743,5.29206
MOCK_S06,MOCK_S06_T2,1767747600.667,20,MOCK_CONDITION_1,,MOCK_LEVEL_1,-6.96709,26.5497,-8.39373,0.0203153,0.451578,0.0737238,0.0155359,0.823534,,,,,,,13.0128,0.486543,-11.0356,11.2749,9.47686,119.519,0.100901,-0.0222752,-0.00643248,0.133443,0.11956,0.14559,-21.2894,-28.1338,4.44433
MOCK_S06,MOCK_S06_T2,1767747600.700,21,MOCK_CONDITION_1,,MOCK_LEVEL_1,-7.68029,3.27306,-1.64089,0.0911053,0.441291,-8.16917,0.0210684,0.725093,0.0785734,0.371225,-0.215199,-0.247679,0.339527,0.110675,9.18523,0.432875,-5.78316,31.2822,10.8386,121.599,0.240712,-0.00294856,0.0145964,-0.0983454,0.279351,0.119125,6.63668,-7.27065,3.67323
MOCK_S06,MOCK_S06_T2,1767747600.733,22,MOCK_CONDITION_1,,MOCK_LEVEL_1,-4.92583,6.3301,0.192148,-0.0958864,0.564717,3.45082,0.0180362,0.744442,-0.355669,0.364888,0.840872,-0.172996,0.236326,0.198076,16.0087,0.494332,-12.2477,16.3788,12.7495,125.121,0.149791,-0.00434986,0.000795089,0.0980077,0.336762,0.154531,-3.34937,10.6792,14.277
MOCK_S06,MOCK_S06_T2,1767747600.767,23,MOCK_CONDITION_1,,MOCK_LEVEL_1,5.92457,24.4777,0.0154528,0.06521,0.54934,0.272991,0.0184841,0.570067,0.334096,0.40537,0.555219,0.0627921,0.399411,0.115077,6.22942,0.487943,0.512807,41.7234,7.37443,174.578,0.231086,-0.020283,-0.00259312,-0.118579,0.222512,0.0795941,-6.8555,1.46138,-2.61763
MOCK_S06,MOCK_S06_T2,1767747600.800,24,MOCK_CONDITION_1,,MOCK_LEVEL_1,4.21771,-2.621,1.25175,0.061501,0.555278,-0.167406,0.0218255,0.777017,-0.669844,0.385857,0.202555,-0.0357663,-0.023504,0.174824,12.2659,0.457741,-6.93092,29.9417,13.6608,175.658,0.117513,0.00204924,0.00433049,0.170339,0.228626,0.109067,-11.9693,-2.36154,0.524308
MOCK_S06,MOCK_S06_T2,1767747600.833,25,MOCK_CONDITION_1,,MOCK_LEVEL_1,2.67975,19.5069,-4.10434,0.0366492,0.533444,-9.0878,0.0251624,0.799747,-0.176199,0.259137,0.576893,0.0819382,0.0744988,0.147732,5.16059,0.375636,-0.326758,24.3937,10.661,256.049,0.119314,-0.0127734,-0.020647,0.0214274,0.348242,-0.00565289,-10.3027,9.38121,8.02915
MOCK_S06,MOCK_S06_T2,1767747600.867,26,MOCK_CONDITION_1,,MOCK_LEVEL_1,-8.23758,5.62136,-1.05652,-0.0275617,0.61266,3.84154,0.0219592,0.807309,-0.227467,0.427383,0.41304,-0.0750547,0.234702,0.174585,8.91542,0.489286,-5.34862,26.8031,10.5255,220.063,0.162227,0.010515,0.00413484,0.0842607,0.348603,0.0574631,-21.6344,-0.845861,4.23913
MOCK_S06,MOCK_S06_T2,1767747600.900,27,MOCK_CONDITION_1,,MOCK_LEVEL_1,-7.33088,8.70385,-3.01089,0.0343171,0.53607,-0.281484,0.0135943,0.774461,0.388407,0.713667,0.0694871,0.00558257,0.237581,0.144409,-3.2728,0.469882,1.78154,27.181,10.7328,67.5738,0.123533,-0.0093501,0.00440888,-0.0545542,0.480183,0.021727,-17.0304,6.86689,-3.33219
MOCK_S06,MOCK_S06_T2,1767747600.933,28,MOCK_CONDITION_1,,MOCK_LEVEL_1,-6.56125,25.3261,7.433,0.0694811,0.474505,6.18656,0.0269098,0.714435,-0.0167187,0.5982,0.29131,0.507136,0.135736,0.19152,11.419,0.452105,-6.92146,37.79,6.73417,300.663,0.129857,-0.00709576,-0.00774121,0.00828853,0.292586,0.127852,-22.3244,4.94364,0.489943
MOCK_S06,MOCK_S06_T2,1767747600.967,29,MOCK_CONDITION_1,,MOCK_LEVEL_1,5.43603,13.3516,7.24152,-0.0424726,0.621706,5.16142,0.0338694,0.766657,-0.409727,0.581279,0.322776,-0.180347,0.258984,0.137937,12.7946,0.481956,-8.78582,37.6843,10.8511,262.529,0.128112,-0.01054,0.0149026,-0.0570645,0.370332,0.0735726,-13.0901,-14.0018,-5.91243
MOCK_S06,MOCK_S06_T3,1767751200.000,0,MOCK_CONDITION_2,,MOCK_LEVEL_2,7.2405,0.587061,-6.06343,0.0744414,0.502579,-1.72338,0.0260045,0.880298,-0.82059,0.688981,0.629465,-0.537382,0.215623,0.10869,14.3794,0.485884,2.48483,17.3569,14.1866,209.069,,,,,,,,,
MOCK_S06,MOCK_S06_T3,1767751200.033,1,MOCK_CONDITION_2,,MOCK_LEVEL_2,3.131,8.22254,-2.38296,0.237165,0.441447,-9.70444,0.0100734,0.900364,-0.303368,0.341918,0.279474,-0.449894,0.148528,0.224438,8.70375,0.46507,2.35166,34.3836,7.29434,170.491,0.188255,0.00702462,-0.00799941,0.0284831,0.372863,0.0528548,-7.50905,12.8817,2.31233
MOCK_S06,MOCK_S06_T3,1767751200.067,2,MOCK_CONDITION_2,,MOCK_LEVEL_2,8.734,6.01151,-3.02623,0.108585,0.612082,5.10097,0.0203778,0.767375,-0.0745645,0.109952,-0.216594,-0.357392,0.0480699,0.179524,13.6894,0.491032,-7.12151,42.6377,14.2103,194.875,0.172954,-0.0152459,-0.00160413,0.0155806,0.341181,0.0830676,-4.15201,0.354593,7.33746
MOCK_S06,MOCK_S06_T3,1767751200.100,3,MOCK_CONDITION_2,,MOCK_LEVEL_2,9.07814,18.6795,2.06072,0.0373814,0.667012,8.67142,0.0221709,0.866934,-0.989329,0.133636,0.423032,-0.880632,0.114849,0.147787,6.23734,0.444566,-5.6998,41.1201,10.2075,184.626,0.10626,0.00159867,0.00369323,0.189079,0.374835,0.00621871,-7.25623,-2.52162,1.3838
MOCK_S06,MOCK_S06_T3,1767751200.133,4,MOCK_CONDITION_2,,MOCK_LEVEL_2,-4.58097,6.31655,2.2529,-0.0311818,0.64838,5.34784,0.0251018,0.733644,,,,,,,16.239,0.487877,0.389806,35.5934,11.7897,213.35,0.133449,-0.0251295,-0.00490474,-0.0691657,0.289281,0.0485967,-5.36172,8.86235,-3.83459
MOCK_S06,MOCK_S06_T3,1767751200.167,5,MOCK_CONDITION_2,,MOCK_LEVEL_2,4.71465,4.65253,3.21473,0.0775759,0.645313,-5.93462,0.0313788,0.755508,-0.408853,0.443754,0.108795,-0.50127,0.112203,0.18196,14.3905,0.465652,-6.86429,22.1761,15.4161,296.685,0.142965,0.00843838,-0.0175901,0.162077,0.144841,0.0520837,15.6763,-3.85043,-5.8224
MOCK_S06,MOCK_S06_T3,1767751200.200,6,MOCK_CONDITION_2,,MOCK_LEVEL_2,16.7942,-4.42722,-5.07754,-0.0328379,0.5032,-7.48866,0.0353852,0.803264,-0.33152,0.139701,0.437433,-0.295356,0.101519,0.239706,5.79947,0.48891,-4.01962,56.1211,8.12746,218.291,0.166688,-0.00924678,-0.0100107,0.0633489,0.357393,0.126039,2.20733,2.27316,2.10463
MOCK_S06,MOCK_S06_T3,1767751200.233,7,MOCK_CONDITION_2,,MOCK_LEVEL_2,5.96775,-8.65802,-1.46842,0.116587,0.404425,-15.0302,0.0138341,0.842899,-0.485484,0.0668372,0.743709,-0.36144,0.246329,0.182605,12.3586,0.428067,-9.36237,28.8197,12.1319,108.269,0.16583,0.0029853,-0.0110192,-0.0916508,0.275659,0.105906,-3.54193,-13.1626,-3.30752
MOCK_S06,MOCK_S06_T3,1767751200.267,8,MOCK_CONDITION_2,,MOCK_LEVEL_2,9.15776,19.3737,-2.25019,0.096858,0.588937,-1.2678,0.0345268,0.697806,-0.0398238,0.499832,0.79197,-0.16286,0.233433,0.242242,15.6887,0.477598,-4.87243,41.0897,14.4696,67.2295,0.228626,0.0071614,0.004434,0.180159,0.24786,0.0382114,-12.0138,-9.00872,9.18832
MOCK_S06,MOCK_S06_T3,1767751200.300,9,MOCK_CONDITION_2,,MOCK_LEVEL_2,0.278438,10.7349,-4.81915,0.198648,0.499151,-4.05232,0.0193316,0.672162,-0.637208,0.61051,0.307599,0.220181,0.292247,0.241054,8.84477,0.40764,2.80917,42.3033,9.58118,199.738,0.133164,0.00810904,0.00711688,0.114588,0.405145,0.0963808,-11.457,-13.0779,3.03895
MOCK_S06,MOCK_S06_T3,1767751200.333,10,MOCK_CONDITION_2,,MOCK_LEVEL_2,1.68952,4.76424,4.25549,0.140553,0.474156,-4.54626,0.00521601,0.656351,-0.235834,0.460411,0.0667661,-0.0862551,0.241378,0.17279,15.8185,0.449187,-4.87523,32.6808,12.8917,328.525,0.154159,-0.0204564,-0.0036101,0.00320072,0.327569,0.106873,-21.3663,-30.4376,-10.6321
MOCK_S06,MOCK_S06_T3,1767751200.367,11,MOCK_CONDITION_2,,MOCK_LEVEL_2,5.89562,-2.49606,5.82704,0.14738,0.446568,-7.46324,0.0345018,1.05684,-0.655203,-0.10437,0.00252717,0.097002,0.324727,0.187574,17.2422,0.497445,-14.0671,21.892,13.7555,225.107,0.168502,0.00866146,-0.0280854,0.306246,0.489595,0.123673,-5.5258,1.27732,1.87438
MOCK_S06,MOCK_S06_T3,1767751200.400,12,MOCK_CONDITION_2,,MOCK_LEVEL_2,13.4693,-6.12812,-0.353324,-0.0638463,0.601287,1.25514,0.0347497,0.793853,-0.208834,0.0737835,0.487057,-0.362395,0.243205,0.137999,8.25275,0.446989,-7.75804,24.8935,8.18489,162.324,0.109812,-0.0199325,0.00796491,0.0585619,0.44775,0.051629,6.92982,-5.82278,-2.15687
MOCK_S06,MOCK_S06_T3,1767751200.433,13,MOCK_CONDITION_2,,MOCK_LEVEL_2,3.71596,5.15225,9.45636,0.0607247,0.546025,-3.23229,-0.00443103,0.839128,-0.208923,0.548096,0.0704245,-0.291506,0.266866,0.189975,15.8464,0.469345,-5.32918,28.8631,15.5003,173.646,0.150554,0.00292237,0.00663744,0.165442,0.658514,0.132625,10.5509,10.3409,3.99136
MOCK_S06,MOCK_S06_T3,1767751200.467,14,MOCK_CONDITION_2,,MOCK_LEVEL_2,18.441,12.2641,3.9178,0.128237,0.699692,2.08449,0.0344063,0.647693,-0.687895,0.133506,0.484152,0.221153,0.124551,0.157174,4.33449,0.44652,-4.13553,34.6857,18.4495,221.363,0.26217,-0.00903934,-0.00191196,-0.0893793,0.357351,0.123086,1.28711,4.61203,-8.07456
MOCK_S06,MOCK_S06_T3,1767751200.500,15,MOCK_CONDITION_2,,MOCK_LEVEL_2,17.7585,21.2097,2.86896,0.134768,0.517785,-2.15613,0.016265,0.715072,0.116357,0.435288,0.415519,0.142147,0.0986277,0.121903,17.5426,0.494726,-10.8394,39.843,12.3771,195.615,0.0988267,-0.00283584,-0.0199516,0.111616,0.297631,0.0877683,-27.3504,-9.43622,6.97191
MOCK_S06,MOCK_S06_T3,1767751200.533,16,MOCK_CONDITION_2,,MOCK_LEVEL_2,-1.26367,-1.96296,-3.87855,0.081398,0.531798,3.06747,0.0268064,0.918308,-0.488072,0.220242,-0.118887,-0.29328,0.254047,0.188732,15.4692,0.441664,7.54477,49.1182,10.9348,149.647,0.169457,-0.022945,-0.00869773,-0.0156304,0.366276,0.0488057,-0.0213318,-6.93839,6.2003
MOCK_S06,MOCK_S06_T3,1767751200.567,17,MOCK_CONDITION_2,,MOCK_LEVEL_2,-2.75852,20.4271,7.10679,0.103793,0.555464,-1.30138,0.0234355,0.631466,0.0501484,0.167087,0.32693,0.177732,0.125656,0.0841505,5.53083,0.420036,-0.81322,24.4148,11.3959,291.423,0.229248,-0.00900162,0.00235824,0.138791,0.410328,0.0302149,-6.80853,-3.83325,-4.54288
MOCK_S06,MOCK_S06_T3,1767751200.600,18,MOCK_CONDITION_2,,MOCK_LEVEL_2,10.6078,18.0042,6.72614,-0.0328569,0.628756,4.11436,0.0398106,0.723663,-0.127383,0.255791,0.0272135,0.301679,0.159366,0.158285,6.31202,0.42299,2.03471,43.691,10.6113,154.725,0.177339,-0.0260513,0.0162033,0.11434,0.492599,0.10654,0.0596302,4.49023,3.51193
MOCK_S06,MOCK_S06_T3,1767751200.633,19,MOCK_CONDITION_2,,MOCK_LEVEL_2,-6.62109,6.34058,-3.13568,0.0489422,0.456758,-7.24481,0.0178825,0.891323,-0.484412,0.520962,0.0549668,-0.295794,0.285139,0.192535,1.22928,0.449875,-3.86588,43.9531,10.2067,194.648,0.189357,-0.0225795,0.000571763,0.152872,0.436632,0.159734,-6.09132,1.21917,-4.22419
MOCK_S06,MOCK_S06_T3,1767751200.667,20,MOCK_CONDITION_2,,MOCK_LEVEL_2,7.22031,20.7762,-8.44185,0.182065,0.576662,2.42002,0.0112639,0.760289,,,,,,,18.1103,0.452154,-6.00045,39.7107,7.80286,249.834,0.199597,-0.0227198,-0.0102158,0.075474,0.383634,0.105317,-10.6089,-10.2166,-5.76946
MOCK_S06,MOCK_S06_T3,1767751200.700,21,MOCK_CONDITION_2,,MOCK_LEVEL_2,4.42169,4.71687,2.76698,0.070897,0.513682,-4.0109,0.0302514,0.729958,-0.742525,0.274617,-0.321022,-0.139044,0.0649468,0.122181,6.48692,0.470432,2.12964,31.3769,11.8069,95.9804,0.2779,-0.01774,-0.00210666,0.149626,0.459115,0.134434,9.24784,7.91708,-9.78635
MOCK_S06,MOCK_S06_T3,1767751200.733,22,MOCK_CONDITION_2,,MOCK_LEVEL_2,17.7253,1.07492,1.86755,0.0770193,0.424003,-3.86245,0.0174893,0.743368,-0.487965,0.107323,0.316983,0.413739,0.292309,0.16485,15.8115,0.36608,-9.05809,26.3202,8.59029,238.558,0.138284,1.58488e-05,-0.0068832,0.186967,0.447772,0.0997966,-7.31585,1.34823,-2.31175
MOCK_S06,MOCK_S06_T3,1767751200.767,23,MOCK_CONDITION_2,,MOCK_LEVEL_2,-1.99268,1.75569,-3.99641,-0.0991873,0.498537,-8.14535,0.0279487,0.817744,0.197995,0.132532,0.376626,-0.227423,0.270249,0.193305,15.1453,0.475332,-10.3109,41.8508,12.7059,292.295,0.189576,0.001427,-0.00807757,0.228823,0.31154,0.079594,-1.0113,18.0393,-1.88904
MOCK_S06,MOCK_S06_T3,1767751200.800,24,MOCK_CONDITION_2,,MOCK_LEVEL_2,-4.66852,6.48854,-0.632157,0.00151094,0.536927,-1.77909,0.0185931,0.621706,-0.718101,0.229242,0.760146,0.609837,0.331632,0.150469,4.92012,0.40716,-3.9346,38.2442,6.40339,214.475,0.107257,-0.00638307,0.0129298,0.0399971,0.181691,0.0670016,-3.67629,-6.98074,-0.788193
MOCK_S06,MOCK_S06_T3,1767751200.833,25,MOCK_CONDITION_2,,MOCK_LEVEL_2,3.20649,19.2936,0.654793,-0.0123848,0.422593,0.0682097,0.0346614,0.602593,-0.164778,0.22064,0.190715,-0.0130624,0.179375,0.200037,12.0927,0.432191,-3.42021,31.2252,8.06526,177.612,0.146927,-0.00782608,-0.00448728,-0.00595282,0.30603,0.0506577,-11.1813,-18.9513,7.3038
MOCK_S06,MOCK_S06_T3,1767751200.867,26,MOCK_CONDITION_2,,MOCK_LEVEL_2,5.65761,31.0113,7.16636,0.198579,0.469751,0.374672,0.0167062,0.60263,-0.428884,0.603732,0.194325,-0.502151,0.128709,0.221993,18.5504,0.440848,-9.74036,49.5941,13.3619,282.305,0.0379733,-0.010342,-0.00253191,0.080867,0.470894,0.200308,0.330072,-4.52636,2.40677
MOCK_S06,MOCK_S06_T3,1767751200.900,27,MOCK_CONDITION_2,,MOCK_LEVEL_2,15.0499,7.4008,-2.66459,0.0483211,0.535007,1.45422,0.0247761,0.929197,-0.369275,0.626087,-0.327628,-0.498343,0.0947472,0.122626,16.8602,0.500469,-13.0288,21.8381,14.5933,242.925,0.151109,-0.0168637,-0.01463,0.0678225,0.0867965,0.110571,-10.566,-10.7099,13.8265
MOCK_S06,MOCK_S06_T3,1767751200.933,28,MOCK_CONDITION_2,,MOCK_LEVEL_2,22.3301,27.1129,-3.54402,-0.0183764,0.529023,0.327686,0.0180597,0.78513,-0.698259,0.159456,0.388997,-0.0562841,0.106888,0.142954,13.4455,0.421679,-6.90618,30.8955,16.3557,204.04,0.106635,0.00141755,-0.0116064,-0.0786668,0.370792,0.122398,-4.17451,-8.62564,1.91915
MOCK_S06,MOCK_S06_T3,1767751200.967,29,MOCK_CONDITION_2,,MOCK_LEVEL_2,0.361485,-2.49047,-1.81497,-0.0981161,0.474644,-4.25357,0.0351631,0.742534,-0.227157,0.541067,0.320337,-0.152457,0.143599,0.171552,8.50993,0.394135,-0.631249,29.8879,12.8802,198.744,0.131806,0.00138743,-0.0137939,0.0386756,0.617191,0.112139,10.4087,-7.16004,-0.338688
MOCK_S07,MOCK_S07_T1,1767830400.000,0,MOCK_CONDITION_0,,MOCK_LEVEL_0,-1.84058,6.89289,-0.924359,-0.0241719,0.484396,4.54624,0.0190935,0.845151,0.07293,0.141566,0.206206,-0.4216,0.498101,0.268278,27.2873,0.475105,-11.9306,36.1537,8.73294,264.41,,,,,,,,,
MOCK_S07,MOCK_S07_T1,1767830400.033,1,MOCK_CONDITION_0,,MOCK_LEVEL_0,13.0818,-11.7865,11.5312,-0.0677633,0.529212,7.2206,0.0413838,0.739734,,,,,,,11.9678,0.445551,-3.49388,11.6048,13.0639,190.248,0.15981,-0.00122777,0.0159828,0.00868906,0.147073,-0.000739752,8.8694,-7.38542,8.43199
MOCK_S07,MOCK_S07_T1,1767830400.067,2,MOCK_CONDITION_0,,MOCK_LEVEL_0,16.896,13.8085,-4.11306,-0.0343119,0.559605,-1.97803,0.044759,0.844568,-0.0914191,0.331518,0.358093,-0.310273,0.0751025,0.231559,19.8388,0.543207,-7.43413,17.9348,7.71198,264.298,0.0773014,-0.0154149,0.0299833,-0.111334,0.311727,0.0699896,13.6685,5.67972,3.46518
MOCK_S07,MOCK_S07_T1,1767830400.100,3,MOCK_CONDITION_0,,MOCK_LEVEL_0,0.161361,-25.5742,-2.93292,0.157374,0.486356,6.85185,0.0371875,0.763619,0.0912774,0.528136,0.25497,0.162849,0.218576,0.292012,21.6078,0.479843,2.04006,24.1063,5.16163,133.433,0.0980754,-0.0185909,0.0163816,-0.0618739,0.112352,0.156474,13.9946,-5.26448,7.67623
MOCK_S07,MOCK_S07_T1,1767830400.133,4,MOCK_CONDITION_0,,MOCK_LEVEL_0,-3.82205,-4.08763,-2.68325,0.096593,0.561448,6.08495,0.0367771,0.810416,,,,,,,16.2186,0.447561,-5.76238,24.1807,11.9929,156.328,0.0335012,0.0087371,0.00266742,-0.0542095,-0.013939,0.00354415,-2.52874,1.97427,3.48758
MOCK_S07,MOCK_S07_T1,1767830400.167,5,MOCK_CONDITION_0,,MOCK_LEVEL_0,-8.75407,12.6127,6.0446,-0.00350921,0.49295,0.692296,0.0482966,0.778126,0.181301,0.372452,0.35416,-0.131383,0.523833,0.189581,13.61,0.522495,-10.9466,26.8794,8.28918,156.797,0.168461,0.0100555,0.00228085,-0.238495,0.20522,0.141766,11.3086,-5.45828,-1.61663
MOCK_S07,MOCK_S07_T1,1767830400.200,6,MOCK_CONDITION_0,,MOCK_LEVEL_0,-13.0272,-1.93213,-5.95772,-0.161033,0.500241,-2.39079,0.0562869,0.658473,-0.274308,0.438279,0.559157,0.130266,0.224736,0.228859,26.0342,0.421277,-2.84051,41.4036,3.58378,237.913,0.0845287,-0.000871898,0.0107132,-0.0342504,0.122081,0.135958,12.2419,-3.71491,-0.7316
MOCK_S07,MOCK_S07_T1,1767830400.233,7,MOCK_CONDITION_0,,MOCK_LEVEL_0,-3.4218,-0.670681,6.9024,-0.001388,0.435424,-2.31282,0.0377972,0.862809,-0.191263,0.28269,0.466518,-0.415043,0.163034,0.153437,23.6916,0.510865,-15.5289,32.8962,4.2247,118.981,0.0485406,-0.0114862,0.0148072,-0.243956,0.339297,0.147012,20.5564,4.41727,-4.23176
MOCK_S07,MOCK_S07_T1,1767830400.267,8,MOCK_CONDITION_0,,MOCK_LEVEL_0,-21.602,24.0766,5.02033,-0.176479,0.501486,0.745484,0.0413426,0.716937,0.17291,0.483287,0.457838,-0.289244,0.32284,0.307511,19.2093,0.454843,-7.22583,35.0216,10.5723,164.73,0.0320287,-0.000603095,0.00547055,-0.0300923,0.14085,0.161185,5.23576,-15.1705,2.60177
MOCK_S07,MOCK_S07_T1,1767830400.300,9,MOCK_CONDITION_0,,MOCK_LEVEL_0,-0.839036,14.2834,7.34914,0.0261349,0.518408,9.2319,0.0386977,0.693076,-0.0868886,0.700168,0.444949,-0.728058,0.330607,0.270609,15.6928,0.430588,-2.44066,25.4111,10.7665,215.859,0.0598102,0.012326,0.0169262,-0.0977022,0.156946,0.203805,12.1854,-22.9293,5.51826
MOCK_S07,MOCK_S07_T1,1767830400.333,10,MOCK_CONDITION_0,,MOCK_LEVEL_0,3.22899,-8.10666,-1.37798,0.0252368,0.518434,3.93349,0.0262758,0.861819,0.16139,0.776389,0.0410189,-0.343242,0.176937,0.134107,27.3815,0.490993,-5.27242,24.343,7.97391,216.537,0.114277,-0.0157851,0.0029947,0.0595749,0.381792,0.0710538,12.3702,-2.33533,-1.51635
MOCK_S07,MOCK_S07_T1,1767830400.367,11,MOCK_CONDITION_0,,MOCK_LEVEL_0,1.07105,13.3033,1.73928,0.0740454,0.526893,-3.48798,0.0280668,0.695028,,,,,,,15.3091,0.414392,-5.84156,43.7604,5.10693,114.71,0.0153784,0.000875395,0.0143812,-0.0377153,0.167486,0.0760421,1.22978,-7.94995,-6.39419
MOCK_S07,MOCK_S07_T1,1767830400.400,12,MOCK_CONDITION_0,,MOCK_LEVEL_0,-1.16289,0.541333,-2.85611,0.0133278,0.470453,-1.96627,0.0382328,0.8082,-0.390455,0.749518,-0.0825491,-0.621508,0.31945,0.162246,15.5298,0.498349,-7.34395,41.4434,6.9485,105.913,0.0863266,0.0124311,-0.0126942,-0.0791932,0.184392,0.111828,-4.3964,12.5822,6.89755
MOCK_S07,MOCK_S07_T1,1767830400.433,13,MOCK_CONDITION_0,,MOCK_LEVEL_0,-2.17323,2.65488,-4.94627,0.0552942,0.454824,-5.86828,0.0487206,0.672742,-0.0161962,0.652837,0.258436,0.076468,0.404325,0.180821,16.9982,0.449802,3.06007,32.5422,13.5248,80.2833,0.0727878,-0.00536178,0.00389099,0.0718298,0.136109,0.100318,15.9658,6.64089,0.177458
MOCK_S07,MOCK_S07_T1,1767830400.467,14,MOCK_CONDITION_0,,MOCK_LEVEL_0,-4.57166,13.7176,1.21244,-0.100958,0.614018,-7.37327,0.0378094,0.908224,-0.433954,0.809246,-0.290259,-0.573293,0.0471678,0.226288,23.1755,0.476,0.618954,24.5598,7.5089,116.177,0.12991,0.00999879,-0.0131453,-0.0168064,0.207328,0.0875516,17.2527,-7.29276,-7.62238
MOCK_S07,MOCK_S07_T1,1767830400.500,15,MOCK_CONDITION_0,,MOCK_LEVEL_0,1.56715,2.7008,5.01814,-0.0718859,0.456398,-0.697961,0.0298296,0.986875,0.150485,0.521441,0.459021,-0.0696768,0.280678,0.279103,17.4346,0.500284,-1.78647,19.7216,11.4563,29.416,0.155301,0.00591091,0.0013798,-0.129371,0.114522,0.15349,2.41139,8.57874,3.4713
MOCK_S07,MOCK_S07_T1,1767830400.533,16,MOCK_CONDITION_0,,MOCK_LEVEL_0,2.43938,15.2597,-0.865868,0.0576355,0.531375,-2.65221,0.0545601,0.718959,0.140764,0.482843,0.434909,-0.437651,0.0431122,0.283139,14.2301,0.509886,-9.23105,34.9041,7.03015,235.358,0.177361,-0.0177364,0.00631926,0.026686,0.0443416,0.168947,-6.71794,7.78289,1.04832
MOCK_S07,MOCK_S07_T1,1767830400.567,17,MOCK_CONDITION_0,,MOCK_LEVEL_0,0.818172,6.03672,1.92279,0.0738752,0.510565,7.90902,0.0339869,0.74709,0.00496981,0.544211,0.85514,0.0618847,0.127003,0.101462,22.1459,0.413754,-11.1948,22.4091,4.70024,243.485,0.14459,-0.0278137,-0.000905782,-0.0585981,0.0253049,0.174125,9.43157,-11.8557,-5.79765
MOCK_S07,MOCK_S07_T1,1767830400.600,18,MOCK_CONDITION_0,,MOCK_LEVEL_0,2.94647,-3.8791,-7.44828,0.0713469,0.556373,2.20662,0.0418241,0.982274,0.0512097,0.209035,0.207793,-0.219392,0.20898,0.173255,25.7962,0.463844,-14.7087,46.8556,8.32889,99.9537,0.194911,-0.000739989,-0.00620397,-0.0062023,0.178934,0.0642079,0.881608,5.25861,-2.74658
MOCK_S07,MOCK_S07_T1,1767830400.633,19,MOCK_CONDITION_0,,MOCK_LEVEL_0,-12.9912,-6.1858,-2.88358,0.0113133,0.592102,2.57785,0.0411523,0.852445,-0.22362,0.566197,0.398178,0.0510949,0.243539,0.192167,16.3657,0.491868,-3.65245,46.6612,6.44485,40.4548,0.11424,-0.00644066,0.0147738,-0.0164558,0.158156,0.150344,-6.33802,-19.9443,2.42771
MOCK_S07,MOCK_S07_T1,1767830400.667,20,MOCK_CONDITION_0,,MOCK_LEVEL_0,7.94683,-4.15729,-1.08862,-0.195193,0.485466,7.37133,0.0313825,0.735892,-0.563865,0.635983,0.0388401,0.183847,0.119657,0.245411,18.457,0.473684,-0.460158,37.584,4.08154,139.653,0.150671,-0.0201117,-0.0140265,-0.0124412,0.355776,0.18031,3.73974,-2.76255,-7.34395
MOCK_S07,MOCK_S07_T1,1767830400.700,21,MOCK_CONDITION_0,,MOCK_LEVEL_0,-0.635795,6.81419,-3.09924,0.0165333,0.645053,-4.46622,0.0283493,0.807417,-0.0397299,0.221021,-0.273068,0.161539,0.182022,0.223278,16.8372,0.376795,-11.8816,27.7963,12.5983,181.209,-0.0201226,0.000914108,0.0167109,-0.0663194,0.182362,0.0776041,1.39264,-5.23912,8.37166
MOCK_S07,MOCK_S07_T1,1767830400.733,22,MOCK_CONDITION_0,,MOCK_LEVEL_0,-6.14233,11.3293,-7.77664,0.0165988,0.559117,7.55227,0.0385023,0.689645,,,,,,,17.266,0.52539,-6.1685,38.8955,11.389,105.07,0.0692553,-0.00531656,0.00854888,-0.020222,0.208471,0.0466191,1.66116,2.1967,-1.85945
MOCK_S07,MOCK_S07_T1,1767830400.767,23,MOCK_CONDITION_0,,MOCK_LEVEL_0,-10.0745,-1.80974,4.92708,-0.012001,0.563718,-2.04351,0.0336058,0.656479,,,,,,,24.24,0.53495,-2.55793,34.5655,2.77482,127.279,0.132122,-0.0187854,-0.00446739,-0.265561,0.186104,0.0892329,1.6835,15.0019,7.14581
MOCK_S07,MOCK_S07_T1,1767830400.800,24,MOCK_CONDITION_0,,MOCK_LEVEL_0,5.04509,2.63247,-2.51494,0.211729,0.609413,-1.97246,0.0339199,0.837944,0.18775,0.697725,0.348274,0.273521,0.256742,0.30216,20.21,0.478682,-7.53558,25.6451,4.35257,193.583,0.115976,0.00237496,-0.00203524,0.0282601,0.112607,0.0954083,3.01862,-12.6591,3.47929
MOCK_S07,MOCK_S07_T1,1767830400.833,25,MOCK_CONDITION_0,,MOCK_LEVEL_0,-0.195654,13.3187,0.733197,-0.0667188,0.463019,-1.00858,0.0306855,0.798742,-0.271964,0.561333,-0.146398,-0.155857,0.0827059,0.332252,13.1534,0.462825,-11.4824,43.6368,9.11382,187.733,0.160973,-0.017532,-0.00156299,0.116077,0.152266,0.0758835,5.35239,4.2696,-7.1803
MOCK_S07,MOCK_S07_T1,1767830400.867,26,MOCK_CONDITION_0,,MOCK_LEVEL_0,-6.56846,7.79926,7.14914,-0.0250574,0.619804,4.7185,0.0362352,0.538233,0.281118,0.479119,0.0975064,-0.112474,0.284426,0.238261,18.8109,0.487241,-4.86186,27.6497,12.7931,200.97,0.112299,0.000183544,0.0109427,-0.0324019,0.175491,0.109986,1.5381,-16.7766,-3.77558
MOCK_S07,MOCK_S07_T1,1767830400.900,27,MOCK_CONDITION_0,,MOCK_LEVEL_0,0.75326,-2.52074,0.8049,-0.157283,0.484931,-3.77775,0.029032,0.881527,-0.15033,0.786122,0.400903,-0.224192,0.139385,0.142157,24.9732,0.495655,-3.4936,27.8764,5.58743,81.657,0.0777212,-0.00300796,0.0128888,-0.0473051,0.160996,0.133308,-13.8131,-3.23677,-5.59075
MOCK_S07,MOCK_S07_T1,1767830400.933,28,MOCK_CONDITION_0,,MOCK_LEVEL_0,-11.4472,-8.29046,5.43559,-0.0824981,0.601593,3.97514,0.0268218,0.89357,-0.678624,0.693417,-0.234913,-0.518815,0.347573,0.289598,23.7259,0.542615,-12.8113,27.3945,10.186,138.247,0.083164,-0.009033,4.55119e-05,0.0934607,-0.0735366,0.150888,22.3535,-5.18597,3.54203
MOCK_S07,MOCK_S07_T1,1767830400.967,29,MOCK_CONDITION_0,,MOCK_LEVEL_0,-10.7627,13.0004,-5.76326,0.193423,0.442887,3.17905,0.0482292,0.703141,0.0487027,0.722664,0.31013,0.0837797,0.347636,0.189186,13.9544,0.452634,-1.11114,19.5424,9.20429,95.3034,0.0760335,-0.00385156,0.0223129,-0.0475244,0.18543,0.147352,-0.45373,6.56389,-0.502014
MOCK_S07,MOCK_S07_T2,1767834000.000,0,MOCK_CONDITION_1,,MOCK_LEVEL_1,4.00413,-1.89039,-2.59329,-0.0105356,0.502845,-2.225,0.0454493,0.628085,0.134764,0.459797,-0.0479942,-0.150514,0.155152,0.151612,26.6526,0.530958,-6.4613,48.3029,9.82393,66.7083,,,,,,,,,
MOCK_S07,MOCK_S07_T2,1767834000.033,1,MOCK_CONDITION_1,,MOCK_LEVEL_1,4.107,11.7407,-0.0100545,0.0737461,0.493879,6.33956,0.0247743,0.928811,-0.264819,0.770304,0.180291,0.432545,0.194391,0.224771,23.3339,0.480964,-6.40021,41.5851,5.66306,166.302,0.15359,-0.0176432,0.0162162,-0.0250195,0.290625,0.141051,4.09728,-19.156,5.24531
MOCK_S07,MOCK_S07_T2,1767834000.067,2,MOCK_CONDITION_1,,MOCK_LEVEL_1,-13.4417,17.4094,10.1465,0.0230019,0.450511,-1.10922,0.0418494,0.858378,0.364481,0.332497,0.419643,-0.963824,0.138068,0.207602,19.4638,0.47279,-12.3074,32.0148,9.37594,245.747,0.0695759,-0.0260939,-0.00102404,0.0490015,0.210238,0.0999473,8.96062,4.04613,6.4505
MOCK_S07,MOCK_S07_T2,1767834000.100,3,MOCK_CONDITION_1,,MOCK_LEVEL_1,1.6185,-6.27762,1.86554,-0.0680408,0.484385,-4.61149,0.0273241,0.644016,0.123662,0.731138,0.691853,-0.0246344,0.0802948,0.199372,14.902,0.46127,-0.36238,35.8603,8.76324,187.127,0.104726,-0.00394058,-0.00198044,-0.0850487,0.30828,0.0811647,11.599,-15.3202,3.80986
MOCK_S07,MOCK_S07_T2,1767834000.133,4,MOCK_CONDITION_1,,MOCK_LEVEL_1,-10.5675,23.1462,-3.50004,0.129829,0.526623,-0.250919,0.0273656,0.662492,-0.373727,0.805742,0.0622952,-0.302362,0.125394,0.135268,23.7203,0.498942,-7.35053,34.9226,7.64384,183.612,0.114077,0.0026389,-0.00744422,-0.00635231,0.168195,0.195604,13.503,-8.19893,-1.67924
MOCK_S07,MOCK_S07_T2,1767834000.167,5,MOCK_CONDITION_1,,MOCK_LEVEL_1,-4.74513,-6.55794,-3.80681,0.0420557,0.508022,-2.43818,0.0319776,0.818062,-0.052663,0.49412,1.26293,-0.490135,0.257053,0.255207,13.8822,0.464476,0.370057,36.0608,9.2602,76.7137,0.136934,-0.0109219,0.011046,-0.0337009,0.387525,0.0630412,-4.21076,-4.05314,-2.32347
MOCK_S07,MOCK_S07_T2,1767834000.200,6,MOCK_CONDITION_1,,MOCK_LEVEL_1,-6.57958,-15.2341,5.24826,0.0319538,0.510988,-4.71451,0.042218,0.56176,-0.332958,0.829247,0.617536,-0.0107994,0.239704,0.291926,20.7951,0.471745,2.95307,57.96,6.00125,155.745,0.0390183,-0.0109491,0.00418221,-0.0257907,0.0381254,0.104503,11.7377,2.45809,7.41935
MOCK_S07,MOCK_S07_T2,1767834000.233,7,MOCK_CONDITION_1,,MOCK_LEVEL_1,-5.92673,10.1611,1.88839,-0.130415,0.536816,0.147187,0.0385212,0.753763,0.0683968,0.20633,0.534872,-0.29057,0.0764163,0.196846,20.0741,0.488912,-3.34722,38.1865,8.74551,130.721,0.149858,0.0090321,-0.00312776,-0.118345,0.186892,0.0535369,4.20898,10.3108,1.67805
MOCK_S07,MOCK_S07_T2,1767834000.267,8,MOCK_CONDITION_1,,MOCK_LEVEL_1,14.4421,-4.03857,-5.57786,-0.0776357,0.569644,15.8193,0.0425711,0.814801,,,,,,,23.3389,0.54179,-0.31021,28.9499,8.28855,203.713,0.0845713,0.00507118,0.00548195,-0.090895,0.202857,0.0493741,-8.27653,14.1254,-4.18955
MOCK_S07,MOCK_S07_T2,1767834000.300,9,MOCK_CONDITION_1,,MOCK_LEVEL_1,-12.0713,-5.70703,-8.20119,0.0791738,0.441474,-7.20177,0.04462,0.763795,-0.26691,0.133426,0.568988,-0.339908,0.291616,0.211635,16.2721,0.451157,-7.11768,37.1363,10.3181,197.16,0.0301347,-0.00885356,-0.0125458,-0.17344,0.29586,0.0808638,1.74735,-6.34793,0.27455
MOCK_S07,MOCK_S07_T2,1767834000.333,10,MOCK_CONDITION_1,,MOCK_LEVEL_1,-3.3524,0.806548,-3.61437,0.0873641,0.401833,-4.23103,0.0642151,0.781373,,,,,,,15.6554,0.442733,1.9985,19.2124,7.16391,103.137,0.113014,0.000195363,0.0277031,-0.103387,0.241217,0.042999,3.72526,-20.8503,5.64892
MOCK_S07,MOCK_S07_T2,1767834000.367,11,MOCK_CONDITION_1,,MOCK_LEVEL_1,2.41357,11.0189,-2.23652,-0.00447527,0.564599,2.85061,0.0497642,0.834009,-0.249398,0.695954,0.0933343,-0.0821865,0.106275,0.18057,16.9429,0.467401,-4.35679,19.8267,2.3796,175.268,0.0953811,-0.00207156,0.00323538,-0.143347,0.199253,0.121059,10.7844,-13.8574,6.02836
MOCK_S07,MOCK_S07_T2,1767834000.400,12,MOCK_CONDITION_1,,MOCK_LEVEL_1,2.06815,19.403,9.2747,0.00494576,0.622078,-8.53796,0.0366592,0.816976,0.15176,0.672937,0.248419,0.107919,0.273355,0.207858,17.4104,0.5255,-12.9967,22.8192,6.51855,194.28,0.107051,-0.00206028,0.00647445,0.103263,0.256627,0.159242,5.054,4.1527,-4.25968
MOCK_S07,MOCK_S07_T2,1767834000.433,13,MOCK_CONDITION_1,,MOCK_LEVEL_1,3.13518,18.0225,2.61874,-0.189822,0.496089,-2.50337,0.0252374,0.854941,-0.082148,0.767964,0.39151,-0.49093,0.170422,0.189147,21.2817,0.504519,2.63307,41.7978,13.7997,184.195,0.0655207,-0.0100692,0.00153787,-0.111653,0.252069,0.178764,8.21534,-19.4701,0.410642
MOCK_S07,MOCK_S07_T2,1767834000.467,14,MOCK_CONDITION_1,,MOCK_LEVEL_1,13.4328,3.84434,-0.774618,0.155511,0.470366,2.31062,0.0307075,0.8697,0.0563844,0.504701,0.425424,-0.0433761,0.201267,0.297321,16.8879,0.540368,-7.87743,26.2787,8.39549,144.161,0.157782,-0.0117834,-0.00271566,-0.0275642,0.266897,-0.0129246,-5.60252,-13.6427,3.31588
MOCK_S07,MOCK_S07_T2,1767834000.500,15,MOCK_CONDITION_1,,MOCK_LEVEL_1,12.5017,0.298482,12.9172,-0.136571,0.560267,3.7904,0.0220335,0.808588,-0.0122381,0.626869,0.493332,-0.233554,0.306842,0.251064,20.0545,0.378663,-2.04648,29.9577,9.21338,17.2409,0.0838202,-0.0141475,0.00751989,-0.0236156,0.0444847,0.0366111,0.874236,18.016,-3.92399
MOCK_S07,MOCK_S07_T2,1767834000.533,16,MOCK_CONDITION_1,,MOCK_LEVEL_1,0.177778,-5.55445,2.05664,0.046159,0.474803,-6.54701,0.0365775,0.944218,-0.375662,0.76959,0.655217,-0.0855924,0.212797,0.204506,26.6914,0.456775,-7.81304,27.3659,8.08734,43.1487,0.222207,0.026489,0.0242299,-0.187288,0.320233,0.0803335,-3.59328,-5.7754,6.02073
MOCK_S07,MOCK_S07_T2,1767834000.567,17,MOCK_CONDITION_1,,MOCK_LEVEL_1,3.55343,-10.3854,5.42136,-0.0179034,0.473507,-3.67477,0.0246285,0.960987,,,,,,,15.4746,0.47531,-6.70086,29.4743,6.92217,117.285,0.0896529,0.00468196,0.0100185,-0.0545029,0.356699,0.108026,17.2312,-0.0432564,5.29437
MOCK_S07,MOCK_S07_T2,1767834000.600,18,MOCK_CONDITION_1,,MOCK_LEVEL_1,1.36193,16.4342,-4.36286,-0.0846252,0.47792,2.54862,0.0364049,0.840186,-0.435098,0.684125,-0.0385948,-0.355404,0.113419,0.243329,21.6592,0.45185,-12.1181,36.3712,10.4535,86.609,0.0624683,-0.00812762,-0.0124921,-0.0254249,0.31071,0.0733581,24.6265,-7.86388,3.87301
MOCK_S07,MOCK_S07_T2,1767834000.633,19,MOCK_CONDITION_1,,MOCK_LEVEL_1,-8.88035,5.87302,6.38651,0.0941263,0.557337,-8.95425,0.037806,0.591937,-0.056123,0.716119,-0.319189,-0.247596,0.26149,0.147868,17.2166,0.448843,1.80405,40.9532,10.5064,128.376,0.000517112,-0.0069465,0.00292246,-0.187347,0.289857,0.111592,19.9455,0.0351787,-0.135173
MOCK_S07,MOCK_S07_T2,1767834000.667,20,MOCK_CONDITION_1,,MOCK_LEVEL_1,6.32785,-8.29076,6.06461,-0.0478209,0.486859,-1.53359,0.04491,0.735284,-0.143995,0.463639,0.494763,0.0905529,0.245411,0.2747,21.9178,0.403893,-9.0539,22.669,9.90058,75.1671,0.00558354,0.0210784,0.0161712,0.023801,0.277654,0.16745,20.1599,11.7229,4.49759
MOCK_S07,MOCK_S07_T2,1767834000.700,21,MOCK_CONDITION_1,,MOCK_LEVEL_1,16.2232,1.66012,3.85089,0.0230339,0.517082,1.92644,0.0403053,0.716678,0.147717,0.636355,0.170515,-0.303836,0.386511,0.259549,17.6673,0.480012,-11.6133,26.7029,9.92661,93.9547,0.00740527,0.00244712,0.000633682,0.025917,0.195417,0.074328,1.51932,-5.27684,10.8587
MOCK_S07,MOCK_S07_T2,1767834000.733,22,MOCK_CONDITION_1,,MOCK_LEVEL_1,6.0208,0.138079,11.704,-0.103385,0.518789,-6.27849,0.0498939,0.742188,,,,,,,21.9007,0.414172,-7.54782,49.0328,7.80474,145.095,0.115247,0.00787837,0.0110018,-0.0883853,0.334347,0.101149,1.59291,-4.81685,0.61017
MOCK_S07,MOCK_S07_T2,1767834000.767,23,MOCK_CONDITION_1,,MOCK_LEVEL_1,-2.66091,-5.92829,2.18864,-0.0653222,0.378494,2.48618,0.0345326,0.748182,-0.353449,0.274832,0.660039,0.596667,0.185197,0.279306,18.7558,0.414477,2.19862,38.2596,6.18952,154.818,0.151332,-0.00318205,0.0134541,0.0472892,0.121105,0.0967793,13.4841,6.36795,2.36808
MOCK_S07,MOCK_S07_T2,1767834000.800,24,MOCK_CONDITION_1,,MOCK_LEVEL_1,-3.80183,-3.36288,7.00441,0.039203,0.580175,1.38258,0.0395714,0.741086,-0.1041,0.474726,0.54364,-0.656522,0.0190084,0.298576,21.5967,0.494702,-3.07254,31.4056,7.88723,144.412,0.0362067,-0.0189711,0.0145124,0.0680999,0.246101,0.0789645,12.8241,5.15193,-4.76422
MOCK_S07,MOCK_S07_T2,1767834000.833,25,MOCK_CONDITION_1,,MOCK_LEVEL_1,7.43914,-11.7893,-3.29912,0.0250979,0.496566,-6.28244,0.0232402,0.882887,,,,,,,22.1463,0.440806,-8.53254,18.3271,8.15444,66.2986,0.0494963,-0.0137127,0.0285348,-0.107732,0.0763065,0.076475,16.8911,-2.76526,3.78927
MOCK_S07,MOCK_S07_T2,1767834000.867,26,MOCK_CONDITION_1,,MOCK_LEVEL_1,1.28137,-5.29032,-1.4883,-0.144778,0.497843,-2.28582,0.0416571,0.779451,-0.163177,0.377128,0.288432,-0.218844,0.160463,0.276856,12.1475,0.520999,4.84412,36.6712,9.14232,143.437,0.0618565,-0.00836446,0.0134148,0.01102,0.306678,0.160768,8.65567,-2.50296,-4.16443
MOCK_S07,MOCK_S07_T2,1767834000.900,27,MOCK_CONDITION_1,,MOCK_LEVEL_1,10.5669,-6.52223,-2.03848,-0.0734463,0.50942,3.55032,0.0412933,0.717775,-0.48745,0.618567,0.185537,-0.5399,0.129332,0.228803,27.252,0.464424,-2.86061,30.4613,8.73168,213.647,0.0491693,0.00159819,0.0037164,0.0493647,0.329634,0.0828021,-2.71789,-3.83131,2.98704
MOCK_S07,MOCK_S07_T2,1767834000.933,28,MOCK_CONDITION_1,,MOCK_LEVEL_1,5.08222,5.22851,7.88721,-0.0986283,0.533999,-2.76867,0.0558277,0.793261,-0.174037,0.53855,0.35926,-0.349311,0.23469,0.123039,16.78,0.385329,-7.56052,25.2272,13.8503,117.057,0.169485,-0.000996589,0.0171365,0.0240587,0.301095,0.0614306,16.1101,1.84472,3.4748
MOCK_S07,MOCK_S07_T2,1767834000.967,29,MOCK_CONDITION_1,,MOCK_LEVEL_1,-0.799577,-23.8625,6.27387,-0.0506672,0.415492,2.25881,0.0423939,0.849058,-0.342353,0.537487,-0.193441,-0.120315,0.246488,0.254613,21.0439,0.493536,-6.44437,41.4708,10.5681,182.006,0.0847707,0.00884348,-0.000570136,0.0225334,0.112731,0.0966754,10.0435,1.99477,-0.455964
MOCK_S07,MOCK_S07_T3,1767837600.000,0,MOCK_CONDITION_2,,MOCK_LEVEL_2,14.789,8.61983,3.44415,-0.175948,0.502342,4.87952,0.0291957,0.651406,-0.328189,0.787082,0.538491,-0.0610659,0.244586,0.251623,8.59167,0.466965,1.31013,25.6588,4.63815,121.464,,,,,,,,,
MOCK_S07,MOCK_S07_T3,1767837600.033,1,MOCK_CONDITION_2,,MOCK_LEVEL_2,3.85856,5.84202,-2.03657,-0.134731,0.507611,3.11618,0.0447646,0.869804,-0.309715,0.568573,-0.0350198,0.350333,0.191192,0.213078,16.2133,0.441294,-1.14118,35.7795,7.12106,123.472,0.112192,-0.00995864,-0.00333368,0.228186,0.334627,0.100194,2.61743,6.70384,-4.41639
MOCK_S07,MOCK_S07_T3,1767837600.067,2,MOCK_CONDITION_2,,MOCK_LEVEL_2,6.62272,-4.40718,6.82977,0.121553,0.457761,-0.574272,0.0258589,0.658038,-0.328993,0.72497,0.195948,-0.507178,0.0892227,0.133982,21.7096,0.493974,-15.0599,14.8044,9.91003,134.302,0.144328,-0.013521,0.00410798,-0.0409135,0.514431,0.0827888,5.35476,-10.0482,0.871843
MOCK_S07,MOCK_S07_T3,1767837600.100,3,MOCK_CONDITION_2,,MOCK_LEVEL_2,-3.68575,6.65581,6.42092,-0.0906308,0.469715,-5.63072,0.0317451,0.820549,-0.569761,0.196721,-0.0462803,-0.198858,0.218565,0.171363,22.2121,0.463482,-8.31671,19.7299,5.27975,121.619,0.206097,0.00856468,0.00987725,-0.0849561,0.370553,0.139586,6.22024,-4.00737,-1.90104
MOCK_S07,MOCK_S07_T3,1767837600.133,4,MOCK_CONDITION_2,,MOCK_LEVEL_2,11.4355,11.3944,13.1377,-0.0485277,0.556743,7.19737,0.0329193,0.820793,,,,,,,21.6104,0.502192,-3.93505,31.4747,5.42461,145.896,0.228774,-0.00596664,0.00499151,0.0963344,0.30606,0.146374,17.934,-28.4404,5.23358
MOCK_S07,MOCK_S07_T3,1767837600.167,5,MOCK_CONDITION_2,,MOCK_LEVEL_2,16.3578,4.96737,-2.16788,-0.122736,0.551802,2.28034,0.027493,0.815508,0.537787,0.23499,-0.388611,0.135529,0.193913,0.157475,8.32358,0.509377,2.2355,32.8076,11.9411,193.983,0.132417,0.00459287,0.00429453,0.061897,0.22602,0.0697155,19.615,-8.39265,7.49973
MOCK_S07,MOCK_S07_T3,1767837600.200,6,MOCK_CONDITION_2,,MOCK_LEVEL_2,-8.88211,16.8963,-5.66341,0.16129,0.500646,-1.80695,0.0428743,0.641467,0.355667,0.320786,0.342088,-0.349359,0.0824154,0.115774,21.6351,0.509644,-2.68242,38.4392,5.53475,163.823,0.161142,0.00509455,0.00399282,-0.100492,0.063331,0.0426515,8.33247,-9.9969,2.00239
MOCK_S07,MOCK_S07_T3,1767837600.233,7,MOCK_CONDITION_2,,MOCK_LEVEL_2,9.71899,14.3021,-4.51761,0.0764568,0.532254,-2.64352,0.0398461,0.71923,-0.30132,0.286318,0.268825,-0.40024,0.129013,0.187041,13.5673,0.477997,-6.24733,32.9392,12.1066,199.902,0.0162567,-0.00832117,0.0137548,-0.0510096,0.253122,0.00338209,7.53234,-21.9639,2.73033
MOCK_S07,MOCK_S07_T3,1767837600.267,8,MOCK_CONDITION_2,,MOCK_LEVEL_2,3.60532,-7.24592,-1.27621,0.0664008,0.419723,-9.13353,0.0278908,0.867531,0.125804,0.345325,0.281071,-0.0721191,0.272,0.202253,21.8998,0.473859,-5.13629,50.0938,5.52751,114.806,0.0921799,0.00114656,0.00897419,-0.167652,0.356419,0.0832719,10.8181,-4.2228,0.760953
MOCK_S07,MOCK_S07_T3,1767837600.300,9,MOCK_CONDITION_2,,MOCK_LEVEL_2,1.93177,11.7006,-3.22895,0.0313161,0.526685,-6.54397,0.041614,0.764602,,,,,,,25.0219,0.498054,-5.79357,26.0787,9.55399,5.97,0.152614,0.00771814,-0.00850845,0.0622128,0.221938,0.0889079,10.7442,-5.03919,0.380983
MOCK_S07,MOCK_S07_T3,1767837600.333,10,MOCK_CONDITION_2,,MOCK_LEVEL_2,13.2668,-5.29197,3.20815,-0.0428267,0.472685,0.379941,0.0396403,0.957926,-0.307592,0.550724,0.121938,-0.291781,0.2397,0.232739,12.7203,0.570728,-0.496755,35.1307,7.0071,272.573,0.153363,-0.00501698,0.00281371,-0.118217,0.374263,0.0874017,-3.64873,-2.75382,7.51798
MOCK_S07,MOCK_S07_T3,1767837600.367,11,MOCK_CONDITION_2,,MOCK_LEVEL_2,4.80412,18.2394,-3.64455,-0.0638907,0.445049,0.237336,0.04479,0.912823,-0.000897637,0.499259,0.0865365,0.219465,0.360327,0.211712,22.7724,0.517271,-2.73007,41.8141,7.87929,162.195,0.0138223,0.0160561,0.00924464,-0.0795195,0.365637,0.107078,9.45663,-10.1064,5.39833
MOCK_S07,MOCK_S07_T3,1767837600.400,12,MOCK_CONDITION_2,,MOCK_LEVEL_2,12.051,15.5278,-0.986258,-0.1127,0.478998,1.60715,0.0287171,0.783313,,,,,,,19.0764,0.438498,-0.92713,42.8967,8.89997,49.167,0.0684542,-0.0179545,0.00192197,-0.0981616,0.24796,0.00310854,-11.3004,-0.976844,4.17238
MOCK_S07,MOCK_S07_T3,1767837600.433,13,MOCK_CONDITION_2,,MOCK_LEVEL_2,-5.4647,-7.72994,-6.29464,0.00595745,0.532863,0.796115,0.0454916,0.737849,,,,,,,20.0006,0.470552,0.472707,32.4592,8.57698,170.041,0.204585,-0.0264292,0.0102558,0.125339,0.461495,0.116131,1.71656,-12.573,1.64517
MOCK_S07,MOCK_S07_T3,1767837600.467,14,MOCK_CONDITION_2,,MOCK_LEVEL_2,-10.1545,-0.775051,0.0818384,0.102985,0.417328,2.93485,0.0126319,0.935885,-0.155867,0.236065,0.364459,-0.218044,0.138074,0.22097,17.6651,0.394847,-5.93324,-2.834,9.85266,154.193,0.020088,0.0010102,0.0135394,-0.0152077,0.427244,0.127212,13.5577,0.948788,5.41702
MOCK_S07,MOCK_S07_T3,1767837600.500,15,MOCK_CONDITION_2,,MOCK_LEVEL_2,0.185407,2.11959,0.471852,-0.0130956,0.546915,1.28171,0.0380303,0.80627,-0.25775,0.502432,0.302981,0.105759,0.364202,0.23457,27.5155,0.466553,-4.77808,27.7095,6.07716,93.3932,0.124725,0.0100525,0.0270208,-0.0937334,0.311344,0.0644403,1.31407,6.80299,-1.03662
MOCK_S07,MOCK_S07_T3,1767837600.533,16,MOCK_CONDITION_2,,MOCK_LEVEL_2,0.630761,4.49896,5.9779,0.003706,0.604728,2.67371,0.0520441,0.861235,-0.543889,0.570184,-0.00238795,-0.281928,0.173106,0.233021,19.5967,0.523189,-2.23642,44.0526,12.1657,193.869,0.140282,0.00549171,-0.00642757,-0.113691,0.447006,0.0510874,-4.02583,6.69604,1.88193
MOCK_S07,MOCK_S07_T3,1767837600.567,17,MOCK_CONDITION_2,,MOCK_LEVEL_2,6.63017,-9.1512,5.80737,-0.0455281,0.512891,-7.19745,0.0470476,0.781337,0.0341388,0.50207,0.588788,-0.581032,0.15196,0.223577,27.6853,0.411284,-11.0062,26.7752,10.364,-44.329,0.150608,0.00151692,-0.00204636,-0.150706,0.121626,0.0421463,18.0722,8.13345,-4.89829
MOCK_S07,MOCK_S07_T3,1767837600.600,18,MOCK_CONDITION_2,,MOCK_LEVEL_2,7.55837,23.0235,9.50288,-0.109027,0.511582,2.06406,0.0522165,0.95207,-0.326347,0.239856,0.365164,0.132548,0.0452891,0.336589,19.1687,0.442117,-5.61419,32.8403,7.00372,248.707,0.0853088,0.00564159,-0.00450722,-0.0213226,0.28079,0.0700784,3.49105,-1.4996,9.17472
MOCK_S07,MOCK_S07_T3,1767837600.633,19,MOCK_CONDITION_2,,MOCK_LEVEL_2,12.9366,9.49811,-1.45284,0.0678592,0.625303,1.8632,0.0226579,0.699432,-0.466514,0.777281,0.697401,-0.605436,0.218281,0.221176,7.57656,0.44654,-3.35134,29.1232,15.1457,36.0921,0.102615,-0.0229499,0.0231222,-0.117908,0.329001,0.0140493,1.26385,2.68776,0.179343
MOCK_S07,MOCK_S07_T3,1767837600.667,20,MOCK_CONDITION_2,,MOCK_LEVEL_2,4.44037,14.7804,1.3163,0.170134,0.474615,2.20829,0.036504,0.574751,-0.00698636,0.475544,0.217826,-0.39565,0.245925,0.182995,23.1683,0.492314,-3.65316,50.4934,10.3186,144.48,0.011377,-0.00176744,-0.000383345,-0.347359,0.540651,0.063476,-2.19065,6.35137,-4.50515
MOCK_S07,MOCK_S07_T3,1767837600.700,21,MOCK_CONDITION_2,,MOCK_LEVEL_2,16.7196,13.3935,1.94079,0.0419337,0.51545,8.18014,0.0244782,0.712098,-0.65214,0.389206,0.390391,-0.487533,0.445373,0.238646,14.2326,0.442796,-8.0283,33.6825,11.3108,91.8215,0.163728,-0.0234656,-0.00411522,-0.155752,0.375708,0.0717058,4.44685,3.16318,-0.117693
MOCK_S07,MOCK_S07_T3,1767837600.733,22,MOCK_CONDITION_2,,MOCK_LEVEL_2,-1.7866,-3.82156,-1.75294,0.0337804,0.50246,0.557033,0.025992,0.720136,-0.0689334,0.284952,0.193528,0.077247,0.170135,0.240394,17.4181,0.458709,-11.5597,52.9918,12.1051,155.17,0.200074,0.0142898,0.0177769,0.0195385,0.366712,0.0740321,-14.2376,5.61564,-4.18028
MOCK_S07,MOCK_S07_T3,1767837600.767,23,MOCK_CONDITION_2,,MOCK_LEVEL_2,12.8908,1.11061,-0.58077,0.194722,0.470013,7.6408,0.0328178,0.800778,-0.360169,0.385698,-0.104735,0.237035,0.13224,0.195591,22.697,0.474004,-5.4692,40.8068,7.30709,157.597,0.114849,0.0173858,0.0216296,-0.0766027,0.0908114,0.104113,7.5507,7.47604,1.6859
MOCK_S07,MOCK_S07_T3,1767837600.800,24,MOCK_CONDITION_2,,MOCK_LEVEL_2,4.61143,0.798807,1.65689,0.079818,0.58337,-5.08006,0.0503476,0.876904,-0.324482,0.433261,0.390885,0.131081,0.104355,0.182413,18.0664,0.425083,-3.17639,19.4298,12.4139,174.416,0.142282,0.00695659,0.00112295,-0.0496946,0.321318,0.169268,-3.60564,-33.1496,6.91362
MOCK_S07,MOCK_S07_T3,1767837600.833,25,MOCK_CONDITION_2,,MOCK_LEVEL_2,-2.33562,-3.11308,-0.317358,-0.156613,0.540662,0.943424,0.0449447,0.861235,-0.0443265,0.493969,0.245414,-0.21683,0.283039,0.153969,23.6556,0.500698,-9.06879,14.4419,8.5795,112.274,0.207247,-0.00193312,0.0062761,-0.121845,0.194311,0.00977083,13.8618,-3.05721,-7.33126
MOCK_S07,MOCK_S07_T3,1767837600.867,26,MOCK_CONDITION_2,,MOCK_LEVEL_2,2.23658,7.68035,4.97794,0.0423364,0.476532,0.170567,0.0384146,0.844202,-0.36706,0.421856,0.0835666,0.313382,0.172371,0.219467,15.6056,0.402321,2.51863,33.9292,2.81903,62.3952,0.109174,-0.00773427,0.0103918,-0.293283,0.239901,0.11241,12.1995,-4.93463,7.24388
MOCK_S07,MOCK_S07_T3,1767837600.900,27,MOCK_CONDITION_2,,MOCK_LEVEL_2,9.07721,5.71019,1.81977,-0.178643,0.53193,3.68337,0.031634,0.766469,-0.377013,0.866328,0.140399,-0.0188904,0.154378,0.23208,24.4993,0.473641,-1.59595,29.1367,10.7304,113.657,0.161997,-0.0108323,0.0122088,0.0296465,0.0117377,0.0828028,-1.91705,-11.6325,6.38083
MOCK_S07,MOCK_S07_T3,1767837600.933,28,MOCK_CONDITION_2,,MOCK_LEVEL_2,-0.157896,22.367,-1.09898,0.0894876,0.53377,-2.41382,0.0412784,0.753551,,,,,,,24.0829,0.470682,-6.53558,45.3831,12.0444,80.7162,0.17643,-0.0118765,-0.0060851,0.0475162,0.160989,0.0762154,5.09716,-13.2149,6.88617
MOCK_S07,MOCK_S07_T3,1767837600.967,29,MOCK_CONDITION_2,,MOCK_LEVEL_2,3.94946,-1.65548,4.7775,-0.218626,0.478995,-4.90601,0.03929,0.680674,-0.207193,0.465501,-0.126196,0.106965,0.207708,0.253844,22.8093,0.475408,-1.74921,37.1329,11.9425,190.866,0.0333793,-0.000752145,0.00255032,-0.0763413,0.450684,0.183031,-1.36279,-11.6983,8.08874
MOCK_S08,MOCK_S08_T1,1767916800.000,0,MOCK_CONDITION_0,,MOCK_LEVEL_0,2.18476,35.0749,2.33292,0.0831739,0.523605,5.99709,0.0300919,0.63945,-0.350275,0.0371842,0.594173,-0.0730855,0.255802,0.226175,12.1467,0.481477,-8.64298,35.8483,7.06543,154.58,,,,,,,,,
MOCK_S08,MOCK_S08_T1,1767916800.033,1,MOCK_CONDITION_0,,MOCK_LEVEL_0,-4.56303,7.92873,-6.64807,-0.0216081,0.551607,6.98862,0.0313866,0.499203,0.691988,0.202904,-0.19131,-0.0924033,0.0367319,0.278839,14.743,0.495173,-6.76583,46.8989,16.4224,210.961,0.154258,-0.0112984,0.00665859,-0.00269846,0.40036,0.148107,18.8255,-8.53598,2.69088
MOCK_S08,MOCK_S08_T1,1767916800.067,2,MOCK_CONDITION_0,,MOCK_LEVEL_0,-4.69102,-4.65602,-2.68617,-0.0381439,0.51459,-1.4752,0.0370375,0.879358,-0.380867,0.0443884,0.158429,0.0793059,0.290497,0.198691,14.7684,0.481775,-13.0034,40.9931,11.9529,58.3691,0.144982,-0.00191101,0.0277673,0.119048,0.365108,0.0442683,0.970792,-14.4106,-0.00862906
MOCK_S08,MOCK_S08_T1,1767916800.100,3,MOCK_CONDITION_0,,MOCK_LEVEL_0,0.524609,-8.59007,2.0501,0.0272661,0.553989,-1.39684,0.0225598,0.560296,-0.408891,0.0930495,0.738953,-0.0120106,0.180306,0.218654,9.82451,0.461475,4.85749,33.92,11.7037,238.254,0.0812848,-0.0122936,0.00853647,0.25454,0.336041,0.122497,14.6644,-25.0229,-2.84382
MOCK_S08,MOCK_S08_T1,1767916800.133,4,MOCK_CONDITION_0,,MOCK_LEVEL_0,3.9613,14.6174,-5.42944,0.0158155,0.616672,3.60629,0.0129734,0.392882,-0.447991,0.095131,0.148083,-0.0629293,0.229157,0.166757,18.3084,0.449806,6.65872,37.4681,12.6518,164.522,0.109622,0.00600965,0.00788585,0.0266255,0.129831,0.0981711,0.300078,4.10686,-4.64415
MOCK_S08,MOCK_S08_T1,1767916800.167,5,MOCK_CONDITION_0,,MOCK_LEVEL_0,-1.20827,20.3086,-5.76775,-0.0519277,0.578722,-7.91627,0.039196,0.717816,-0.190799,0.258738,0.966383,0.527976,0.230794,0.197882,9.08825,0.522793,-15.161,36.3448,6.13881,195.838,0.120039,-0.00306918,0.00654481,0.0928049,0.183446,0.136376,-3.58477,-16.143,3.04699
MOCK_S08,MOCK_S08_T1,1767916800.200,6,MOCK_CONDITION_0,,MOCK_LEVEL_0,-1.68791,24.3759,5.4007,-0.068384,0.520141,2.46988,0.0433709,0.413345,-0.213419,0.0187288,-0.0669987,-0.111129,0.136064,0.251823,6.44844,0.446592,-1.77975,32.5638,11.244,159.89,0.15341,-0.00952257,0.0126774,-0.0500624,0.490523,0.146255,7.71876,-0.157588,-7.29488
MOCK_S08,MOCK_S08_T1,1767916800.233,7,MOCK_CONDITION_0,,MOCK_LEVEL_0,-6.19953,4.23325,-5.9266,-0.0767588,0.572535,-5.57771,0.042163,0.588299,-0.479405,0.271558,0.68561,0.128996,0.197549,0.240467,16.7133,0.493181,-1.83509,30.3961,13.9932,103.676,0.114791,0.00563345,0.00607956,-0.0292347,0.261423,0.137414,15.7154,-22.5626,-0.44203
MOCK_S08,MOCK_S08_T1,1767916800.267,8,MOCK_CONDITION_0,,MOCK_LEVEL_0,-5.1348,6.41815,2.17324,-0.0806607,0.574664,-1.64308,0.0404825,0.491074,0.0626919,0.158607,0.00962916,0.601986,0.139557,0.195465,9.48609,0.437109,-9.78704,47.5615,7.44877,185.985,0.109958,-0.0109276,0.0143204,0.0887202,0.239598,0.089063,14.3065,5.58345,5.67394
MOCK_S08,MOCK_S08_T1,1767916800.300,9,MOCK_CONDITION_0,,MOCK_LEVEL_0,10.5597,10.5779,-0.801242,-0.0628351,0.624586,5.06424,0.0328056,0.559293,,,,,,,14.9317,0.542739,-7.49663,24.2219,13.2242,129.382,0.287581,0.00155335,0.0176398,-0.0823754,0.375114,0.118318,-16.3661,-3.93533,-2.45224
MOCK_S08,MOCK_S08_T1,1767916800.333,10,MOCK_CONDITION_0,,MOCK_LEVEL_0,16.4246,19.034,-5.67426,-0.101448,0.494106,2.78659,0.0338116,0.628484,-0.261805,-0.12913,-0.233457,0.407509,0.264776,0.181463,17.1305,0.441603,-5.32031,43.4047,13.9257,264.159,0.161254,0.00631038,0.0072375,-0.0363332,0.359085,0.100911,12.1119,-12.6834,0.26709
MOCK_S08,MOCK_S08_T1,1767916800.367,11,MOCK_CONDITION_0,,MOCK_LEVEL_0,6.31376,-1.9243,-9.49169,0.070612,0.568643,2.98467,0.028822,0.831508,0.0257639,0.116117,0.541055,0.0737566,0.298671,0.296028,10.2559,0.445809,0.35513,36.7191,11.5786,206.779,0.173927,-0.0158508,0.0109196,0.113665,0.281421,0.11707,10.515,0.925983,-0.950869
MOCK_S08,MOCK_S08_T1,1767916800.400,12,MOCK_CONDITION_0,,MOCK_LEVEL_0,-6.61527,5.23384,-1.1596,-0.031492,0.497729,5.65719,0.0404341,0.420452,0.163976,0.00286133,0.290525,-0.128263,0.231174,0.216416,19.7563,0.412203,-7.50664,35.609,12.2363,160.074,0.0736361,-0.000520563,0.00756036,-0.0572052,0.467634,0.109423,12.6083,15.5409,-0.00236734
MOCK_S08,MOCK_S08_T1,1767916800.433,13,MOCK_CONDITION_0,,MOCK_LEVEL_0,-12.9055,7.01642,-6.66851,-0.00806857,0.588236,0.143636,0.0247923,0.596115,,,,,,,18.9094,0.381904,-6.45692,45.4685,12.1536,116.603,0.120953,-0.0168436,0.00888085,-0.102396,0.286706,0.136407,-2.91097,6.93664,-1.24268
MOCK_S08,MOCK_S08_T1,1767916800.467,14,MOCK_CONDITION_0,,MOCK_LEVEL_0,-3.25085,12.4297,-4.44851,0.0868778,0.508107,-1.10459,0.0247446,0.639871,0.380571,0.199473,-0.158882,0.372168,0.160389,0.210368,11.226,0.440285,2.44703,31.2173,9.3155,167.14,0.118328,-0.0161406,0.0190755,0.0421334,0.248457,0.0797592,17.5375,-8.62175,-3.78268
MOCK_S08,MOCK_S08_T1,1767916800.500,15,MOCK_CONDITION_0,,MOCK_LEVEL_0,2.23562,14.3384,-10.1634,-0.071226,0.460248,8.89412,0.0178344,0.716321,-0.569899,0.118451,0.381689,0.51104,0.229605,0.146991,18.5423,0.46336,-0.350463,46.1535,8.27895,236.396,0.172928,-0.0111541,0.0214887,0.0730527,0.308721,0.00797726,22.0759,-13.9108,1.49213
MOCK_S08,MOCK_S08_T1,1767916800.533,16,MOCK_CONDITION_0,,MOCK_LEVEL_0,0.263914,-3.06499,-8.49235,-0.0789584,0.500375,2.24047,0.0366628,0.51598,-0.431954,0.192081,0.260627,0.0798154,0.271606,0.285498,16.7506,0.501372,0.792374,32.7146,12.4438,148.598,0.127782,-0.00477007,0.0177441,-0.0329712,0.195454,0.219147,40.8894,15.3807,-2.58687
MOCK_S08,MOCK_S08_T1,1767916800.567,17,MOCK_CONDITION_0,,MOCK_LEVEL_0,2.80023,-3.83211,-6.39852,0.0558826,0.593792,-1.68092,0.0247264,0.732472,0.227631,-0.0892834,0.231952,-0.152684,0.14647,0.151692,17.2222,0.441891,-4.7856,53.7504,13.2344,154.774,0.191786,-0.00349858,0.0210554,0.0417473,0.292794,0.106586,12.4271,9.03062,3.34885
MOCK_S08,MOCK_S08_T1,1767916800.600,18,MOCK_CONDITION_0,,MOCK_LEVEL_0,-3.73889,23.532,-3.59962,0.023454,0.38367,2.45397,0.0167122,0.606339,-0.303271,0.410758,-0.14253,-0.163817,0.341843,0.199949,10.7705,0.510751,-11.4777,35.9528,10.3635,131.734,0.0999629,-0.000296311,0.0133595,-0.183462,0.387427,0.0747108,12.628,7.34188,3.69541
MOCK_S08,MOCK_S08_T1,1767916800.633,19,MOCK_CONDITION_0,,MOCK_LEVEL_0,-0.61859,16.2883,-3.69509,-0.137804,0.509073,3.01305,0.0222246,0.586195,-0.212238,0.0101884,-0.217802,0.0795078,0.280664,0.190103,8.5023,0.424644,-1.5338,39.9148,10.1711,212.979,0.113687,-0.00625931,-0.00240568,0.164814,0.453475,0.115459,8.86457,8.12347,2.11403
MOCK_S08,MOCK_S08_T1,1767916800.667,20,MOCK_CONDITION_0,,MOCK_LEVEL_0,-4.54061,-11.9768,4.53666,-0.0738309,0.476276,2.98897,0.029743,0.597664,-0.270446,0.46312,0.029359,-0.0341313,0.216561,0.216856,17.9925,0.462387,-8.67204,34.0543,17.2914,147.299,0.120483,-0.0232374,0.0150762,0.0323519,0.370651,0.107042,16.9764,-5.83295,2.27335
MOCK_S08,MOCK_S08_T1,1767916800.700,21,MOCK_CONDITION_0,,MOCK_LEVEL_0,2.01876,5.88809,-0.74484,-0.102425,0.490884,-2.42615,0.0345267,0.748706,-0.171521,-0.0939748,0.286585,-0.258734,0.208827,0.318626,13.9489,0.429402,-2.33479,38.2054,11.8085,103.81,0.189297,0.00768311,-0.0142478,-0.0717816,0.270519,0.0920427,26.1668,-1.70087,7.90594
MOCK_S08,MOCK_S08_T1,1767916800.733,22,MOCK_CONDITION_0,,MOCK_LEVEL_0,6.36737,10.6104,-13.0631,0.0017237,0.40922,14.0527,0.0467217,0.625783,0.10685,0.357348,0.298063,0.262658,0.12628,0.234811,17.937,0.441835,-3.69679,36.6872,11.6182,251.296,0.186031,-0.00365199,0.0192373,0.159895,0.192196,-0.0518633,3.93134,-3.89576,0.901882
MOCK_S08,MOCK_S08_T1,1767916800.767,23,MOCK_CONDITION_0,,MOCK_LEVEL_0,-10.4211,-11.5786,-2.04733,-0.040579,0.632489,-10.3915,0.0406921,0.455971,-0.27487,0.450473,0.145816,-0.0450574,0.226148,0.312386,14.3525,0.417376,-4.59345,39.8214,13.4423,244.373,0.0488602,-0.0132364,0.0115905,0.0623954,0.277036,0.0257452,12.5998,-2.43163,-3.72478
MOCK_S08,MOCK_S08_T1,1767916800.800,24,MOCK_CONDITION_0,,MOCK_LEVEL_0,11.2859,1.41718,-4.95968,0.0889328,0.681011,13.4507,0.0313608,0.75649,0.0600526,0.237782,0.00354399,0.170246,0.220607,0.252835,14.2649,0.459422,-9.4191,39.5183,16.5743,168.54,0.150735,-0.00988419,0.00173447,0.133295,0.222728,0.157571,1.48652,-15.0775,-5.47781
MOCK_S08,MOCK_S08_T1,1767916800.833,25,MOCK_CONDITION_0,,MOCK_LEVEL_0,3.607,-4.76323,-3.6987,0.139808,0.501708,4.77264,0.0293176,0.622178,0.0180236,0.240577,0.268345,0.375332,0.127963,0.206439,8.2272,0.53364,-4.76683,65.2103,8.30693,37.0698,0.130828,-0.0152405,-0.00294107,-0.0623576,0.33772,0.0889069,-6.58134,-2.54076,1.10968
MOCK_S08,MOCK_S08_T1,1767916800.867,26,MOCK_CONDITION_0,,MOCK_LEVEL_0,-0.604633,19.9213,-0.759441,-0.0757834,0.498373,-0.0439126,0.0120852,0.721323,0.185279,0.362089,-0.305684,0.31204,0.239134,0.145493,26.8229,0.474469,0.603783,47.3188,12.7346,200.268,0.11221,0.00272628,0.00987662,-0.103861,0.308706,0.112326,8.69197,-4.93415,2.05274
MOCK_S08,MOCK_S08_T1,1767916800.900,27,MOCK_CONDITION_0,,MOCK_LEVEL_0,8.2846,-0.217129,3.82466,-0.0744645,0.540416,5.39017,0.0311354,0.723587,-0.0516013,0.0727686,0.187054,0.0768741,0.209503,0.210472,16.5132,0.438159,4.52655,49.1335,12.7033,209.185,0.143902,-0.00753384,0.00882004,-0.11412,0.403815,0.00479696,-8.15753,-26.2967,-0.634616
MOCK_S08,MOCK_S08_T1,1767916800.933,28,MOCK_CONDITION_0,,MOCK_LEVEL_0,7.19551,0.502222,1.94067,-0.16881,0.443254,3.32503,0.0374304,0.601964,-0.39363,-0.107081,0.830887,0.393658,0.33869,0.215754,20.777,0.525229,-5.44967,43.0674,10.8242,169.718,0.0812283,0.0108059,0.000736243,0.0493655,0.42752,0.13683,9.35649,-9.2157,7.47427
MOCK_S08,MOCK_S08_T1,1767916800.967,29,MOCK_CONDITION_0,,MOCK_LEVEL_0,5.7569,13.881,-0.637154,-0.128072,0.643162,-3.9955,0.0101365,0.653864,0.18844,-0.0127447,0.259419,0.321207,0.200075,0.17797,18.8997,0.531845,1.03196,39.6335,13.3711,220.202,0.150037,-0.0108557,0.0104106,0.0399249,0.379711,0.0426258,6.6742,7.85589,-8.97403
MOCK_S08,MOCK_S08_T2,1767920400.000,0,MOCK_CONDITION_1,,MOCK_LEVEL_1,-12.6695,24.0303,-4.86614,-0.0198949,0.530425,-6.06231,0.0303448,0.544604,0.0586567,0.183674,0.447342,0.19755,0.20226,0.147067,12.8188,0.511631,-8.91221,47.2671,8.30089,165.892,,,,,,,,,
MOCK_S08,MOCK_S08_T2,1767920400.033,1,MOCK_CONDITION_1,,MOCK_LEVEL_1,0.500296,11.9972,-2.9025,-0.0845751,0.441793,-2.11478,0.0386759,0.755749,-0.0892102,0.268855,0.365001,0.122687,0.32857,0.209664,6.57286,0.473669,-3.3834,35.3195,11.3129,142.425,0.198702,-0.0157205,0.00381936,0.000348591,0.530253,0.133563,12.6065,2.1228,-2.87022
MOCK_S08,MOCK_S08_T2,1767920400.067,2,MOCK_CONDITION_1,,MOCK_LEVEL_1,0.0189971,14.9509,0.540077,-0.0170813,0.507781,-2.20078,0.0254478,0.567491,-0.541087,0.302612,-0.0936575,0.103531,0.253963,0.205881,15.111,0.472247,-6.46356,35.5057,8.49911,208.219,0.106167,0.0067077,0.00403234,-0.0830949,0.287738,0.110821,15.5062,1.05802,3.89821
MOCK_S08,MOCK_S08_T2,1767920400.100,3,MOCK_CONDITION_1,,MOCK_LEVEL_1,-2.58568,9.44894,-3.17787,-0.0527312,0.410141,-5.29503,0.042418,0.669854,,,,,,,21.9295,0.477348,1.86088,41.9007,13.4012,170.203,0.116183,-0.0185411,0.0207827,-0.17821,0.189034,0.0436845,-16.258,-20.7554,3.68567
MOCK_S08,MOCK_S08_T2,1767920400.133,4,MOCK_CONDITION_1,,MOCK_LEVEL_1,0.283084,-1.97894,-1.44046,-0.0777438,0.526208,-8.21173,0.0399029,0.489353,-0.717031,0.418738,-0.11116,-0.0339716,0.273316,0.139547,28.5011,0.426285,3.28137,29.9664,9.7077,181.067,0.0684684,-0.0120878,0.0085498,-0.00167262,0.500619,0.0825821,18.0172,-0.00371478,-3.09083
MOCK_S08,MOCK_S08_T2,1767920400.167,5,MOCK_CONDITION_1,,MOCK_LEVEL_1,-0.773679,-0.3019,-5.64984,-0.164111,0.394026,5.39796,0.0369692,0.633961,,,,,,,9.35493,0.453635,-0.133512,40.0436,10.8486,237.383,0.15807,-0.00842956,0.0101606,0.166649,0.255065,0.086651,18.5506,-4.19064,3.65486
MOCK_S08,MOCK_S08_T2,1767920400.200,6,MOCK_CONDITION_1,,MOCK_LEVEL_1,8.27059,18.6483,2.41073,-0.0373605,0.506392,-6.638,0.0429258,0.744508,-0.275978,0.490705,0.263685,0.018544,0.207385,0.299909,11.7541,0.408392,-4.5237,46.4511,9.14137,138.736,0.149247,0.0142847,0.00192543,-0.0463506,0.536204,0.136731,-0.553504,9.15166,2.92768
MOCK_S08,MOCK_S08_T2,1767920400.233,7,MOCK_CONDITION_1,,MOCK_LEVEL_1,-4.87028,18.1773,1.4991,-0.161948,0.477607,1.33939,0.0331831,0.67779,,,,,,,11.4875,0.483403,-10.6987,45.6574,13.3584,153.755,0.123547,-0.0055555,-0.00329269,-0.134816,0.334126,0.0751861,16.6921,-4.63692,1.28632
MOCK_S08,MOCK_S08_T2,1767920400.267,8,MOCK_CONDITION_1,,MOCK_LEVEL_1,19.4831,18.6872,-9.92794,-0.081193,0.465402,-5.95456,0.0438488,0.8385,0.00173968,0.107571,-0.0747612,0.278452,0.225654,0.274645,13.9811,0.440098,0.652203,52.4824,9.95903,84.7147,0.0823071,-0.0193945,-0.00491275,-0.0616761,0.175426,0.176007,6.26901,-11.25,-2.1644
MOCK_S08,MOCK_S08_T2,1767920400.300,9,MOCK_CONDITION_1,,MOCK_LEVEL_1,4.15292,7.19464,-0.381339,-0.0921366,0.497408,0.485058,0.0574455,0.575638,-0.113008,0.149521,0.544308,-0.0318137,0.0108751,0.192156,13.928,0.467163,-6.06428,42.0982,6.99184,132.683,0.102186,-0.000406396,-0.000180747,-0.127407,0.312133,0.126242,8.94859,10.8238,-1.74962
MOCK_S08,MOCK_S08_T2,1767920400.333,10,MOCK_CONDITION_1,,MOCK_LEVEL_1,-9.13719,-2.63465,-0.088156,-0.0653257,0.529385,2.04979,0.0429968,0.691558,-0.0139377,-0.22524,0.127362,0.140998,0.135648,0.25763,13.5485,0.437703,-6.52691,40.563,7.80229,214.775,0.114022,-0.0106105,-0.00694069,0.134803,0.28265,0.161689,7.52738,-2.05399,4.04788
MOCK_S08,MOCK_S08_T2,1767920400.367,11,MOCK_CONDITION_1,,MOCK_LEVEL_1,7.02238,-4.4383,5.33627,0.0167109,0.500038,-2.2721,0.0380761,0.581406,-0.349312,0.286203,0.0699802,0.00436262,0.066781,0.195365,13.4783,0.412631,-5.70298,51.1365,8.42347,165.854,0.167612,-0.0238087,-0.0103644,-0.0557981,0.311283,0.0923208,7.76234,18.5557,-2.97418
MOCK_S08,MOCK_S08_T2,1767920400.400,12,MOCK_CONDITION_1,,MOCK_LEVEL_1,-3.62674,11.7826,-2.56493,0.0499398,0.506303,0.946349,0.00843272,0.79408,-0.471869,0.0301097,0.191029,0.299657,0.159062,0.22475,12.4435,0.446612,-1.6578,35.0335,12.1745,246.791,0.158059,-0.0101958,0.0109246,0.00701916,0.301216,0.0315633,5.28286,-20.6551,2.63018
MOCK_S08,MOCK_S08_T2,1767920400.433,13,MOCK_CONDITION_1,,MOCK_LEVEL_1,-5.204,-0.939972,1.82993,0.043539,0.519711,3.94303,0.0501075,0.580459,0.0751962,0.244886,0.202111,0.136892,0.3255,0.176736,19.6634,0.511315,-2.46025,38.6803,5.29924,190.643,0.167048,0.00977619,0.00502176,0.0146965,0.247276,0.128723,21.8044,3.83212,1.57669
MOCK_S08,MOCK_S08_T2,1767920400.467,14,MOCK_CONDITION_1,,MOCK_LEVEL_1,8.02579,-5.20613,-2.07777,0.0211616,0.579712,5.07824,0.0258511,0.489388,-0.170919,0.254824,0.330942,0.0189117,0.122216,0.244715,20.3391,0.467679,-10.0292,60.9057,8.13714,251.104,0.103539,-0.00353645,-0.00412413,-0.0140374,0.302532,0.0333784,2.51187,-13.0213,0.909083
MOCK_S08,MOCK_S08_T2,1767920400.500,15,MOCK_CONDITION_1,,MOCK_LEVEL_1,11.6796,8.51215,-0.0179836,0.0982534,0.569905,11.489,0.0271069,0.664483,-0.0313476,0.143683,0.336933,-0.0233087,-0.01846,0.304344,16.4912,0.452871,-4.24763,45.3567,16.6086,185.669,0.0519372,-0.00446358,0.0314319,0.0913504,0.247103,0.0804699,4.79731,-9.42729,-2.99606
MOCK_S08,MOCK_S08_T2,1767920400.533,16,MOCK_CONDITION_1,,MOCK_LEVEL_1,1.79865,5.35956,0.865235,0.00139397,0.5803,-3.40736,0.0198945,0.615701,,,,,,,15.8059,0.474304,-3.56347,39.9361,10.0856,261.635,0.152179,0.0135843,-0.0109429,0.079105,0.411166,0.0194389,8.0117,-11.3075,2.17311
MOCK_S08,MOCK_S08_T2,1767920400.567,17,MOCK_CONDITION_1,,MOCK_LEVEL_1,12.9513,-9.20523,2.52282,-0.109795,0.492546,11.418,0.0326065,0.634021,0.231472,0.262675,0.0469262,-0.144821,0.111958,0.15187,17.4377,0.411333,1.9065,38.7532,5.00297,238.805,0.189911,0.00596277,0.0122308,0.0152166,0.26644,0.132597,11.1704,-3.67513,-0.891527
MOCK_S08,MOCK_S08_T2,1767920400.600,18,MOCK_CONDITION_1,,MOCK_LEVEL_1,0.656095,17.7805,-1.98827,-0.0984626,0.526417,-4.57997,0.0339111,0.587083,0.0567855,-0.0597083,0.674522,0.39129,0.104359,0.178937,12.3613,0.450127,-14.3296,28.911,6.75451,199.696,0.0910915,-0.00991259,0.0151538,-0.0583275,0.347291,0.064698,-8.50703,9.26033,-2.68956
MOCK_S08,MOCK_S08_T2,1767920400.633,19,MOCK_CONDITION_1,,MOCK_LEVEL_1,9.18374,-14.4504,2.31029,-0.0529215,0.509615,4.3338,0.0422614,0.741951,-0.290797,0.153021,0.0772185,0.15721,-0.0705499,0.296116,12.9833,0.451939,4.76121,47.0857,12.6104,84.265,0.128707,0.00224649,-0.00355911,0.0695457,0.409386,0.169355,5.71924,-18.4055,-1.23406
MOCK_S08,MOCK_S08_T2,1767920400.667,20,MOCK_CONDITION_1,,MOCK_LEVEL_1,14.8154,-9.56036,-11.7084,-0.0841573,0.553337,4.51558,0.033973,0.657589,0.0876149,-0.218626,0.0148474,-0.263961,0.21245,0.153002,26.0869,0.420362,-9.83281,49.5267,12.6487,162.4,0.14077,0.00419639,0.00792066,-0.146856,0.476858,0.106912,4.9348,15.1325,6.19116
MOCK_S08,MOCK_S08_T2,1767920400.700,21,MOCK_CONDITION_1,,MOCK_LEVEL_1,-8.05115,-0.401933,-8.23969,-0.13486,0.458504,12.1169,0.0258481,0.5934,-0.342848,0.131622,0.0926281,0.0281896,0.383074,0.137746,14.2823,0.461008,-10.9725,36.7896,15.0537,120.649,0.0694909,-0.0216714,0.0065692,0.0742164,0.323077,0.151361,5.85442,10.5724,-1.68571
MOCK_S08,MOCK_S08_T2,1767920400.733,22,MOCK_CONDITION_1,,MOCK_LEVEL_1,5.72225,-10.972,-1.71129,-0.0244002,0.52986,13.216,0.0301438,0.554794,-0.186921,0.171515,-0.325755,-0.01005,0.15904,0.273696,20.3815,0.482414,-10.9681,62.1523,11.2021,232.819,0.176923,-0.0123534,0.0220699,-0.0757385,0.413927,0.0908627,-0.772058,12.3381,-4.03755
MOCK_S08,MOCK_S08_T2,1767920400.767,23,MOCK_CONDITION_1,,MOCK_LEVEL_1,-2.6896,0.137491,-3.45608,-0.0574233,0.410723,0.483967,0.0356547,0.738271,-0.25258,0.172698,0.120578,0.454412,0.233041,0.127778,15.8442,0.453271,0.0862288,45.7949,3.2822,174.437,0.125978,-0.0209102,0.00440777,0.129369,0.344614,0.113915,7.82726,-11.5804,-0.613255
MOCK_S08,MOCK_S08_T2,1767920400.800,24,MOCK_CONDITION_1,,MOCK_LEVEL_1,-1.15546,3.99996,-1.48699,-0.0583923,0.557096,3.96279,0.0445526,0.534101,-0.698849,-0.135838,0.424926,0.598014,0.418904,0.172658,17.8585,0.413007,-2.17619,47.5143,15.0401,191.037,0.109562,0.0111554,0.000981509,-0.0843099,0.263742,0.107362,5.33894,4.29132,5.81449
MOCK_S08,MOCK_S08_T2,1767920400.833,25,MOCK_CONDITION_1,,MOCK_LEVEL_1,-1.71107,6.00774,-3.82767,-0.0551721,0.610632,-3.31411,0.0256158,0.526337,-0.316649,0.190239,0.480319,0.203433,0.120371,0.220053,11.2233,0.47118,2.34537,31.5714,13.6234,218.764,0.135444,-0.00893457,0.00406677,0.0995992,0.523616,0.122669,8.20585,-4.90334,-2.24851
MOCK_S08,MOCK_S08_T2,1767920400.867,26,MOCK_CONDITION_1,,MOCK_LEVEL_1,17.9001,1.44134,-1.30533,-0.0426297,0.526311,6.86035,0.0254428,0.642644,-0.539391,0.153024,0.883244,-0.104405,0.320538,0.165344,17.5083,0.454904,0.189916,61.6258,10.0454,147.402,0.139383,-0.00411077,0.000868809,0.188516,0.237952,0.0733609,9.42473,-9.0599,0.286705
MOCK_S08,MOCK_S08_T2,1767920400.900,27,MOCK_CONDITION_1,,MOCK_LEVEL_1,13.4534,19.5235,1.28754,0.127125,0.5576,7.76851,0.0281516,0.617608,-0.360106,0.169457,1.0486,0.156533,0.338972,0.251236,15.0277,0.426027,-1.61284,27.5892,8.97276,83.9864,0.19448,-0.0196535,0.00600414,0.0455948,0.595935,0.140653,2.41998,2.60199,-6.51589
MOCK_S08,MOCK_S08_T2,1767920400.933,28,MOCK_CONDITION_1,,MOCK_LEVEL_1,0.880984,4.9261,5.27817,0.00614504,0.509691,-6.14311,0.0354195,0.567636,-0.515759,0.514493,0.132124,-0.412592,0.1776,0.126492,6.18175,0.465017,-6.58398,66.0611,7.22757,206.731,0.130262,-0.0264461,0.00629957,0.135765,0.480854,0.0924965,10.4339,10.6154,1.78878
MOCK_S08,MOCK_S08_T2,1767920400.967,29,MOCK_CONDITION_1,,MOCK_LEVEL_1,11.8481,27.4251,-6.32196,-0.114787,0.555467,3.6148,0.05277,0.719848,-0.980149,0.253422,0.47432,0.131683,0.231767,0.163155,21.6599,0.410348,-10.6715,51.4166,10.5085,243.401,0.0843631,0.00704831,0.0202287,0.00102284,0.579796,0.0956764,6.70697,25.7541,-3.98504
MOCK_S08,MOCK_S08_T3,1767924000.000,0,MOCK_CONDITION_2,,MOCK_LEVEL_2,4.79583,-2.13762,0.784297,0.0157953,0.543215,-3.05358,0.0263121,0.647802,,,,,,,22.2307,0.468944,-0.713389,29.552,15.9785,198.305,,,,,,,,,
MOCK_S08,MOCK_S08_T3,1767924000.033,1,MOCK_CONDITION_2,,MOCK_LEVEL_2,0.90045,8.01539,-1.70958,-0.112085,0.579521,0.0892501,0.0212742,0.826263,-0.519217,-0.0721765,0.840479,0.225233,0.388118,0.194234,16.469,0.50096,-10.3211,61.9886,10.5396,164.69,0.0937345,-0.0024466,0.00100486,-0.0304689,0.464702,0.0922035,19.0798,-14.4032,-6.2735
MOCK_S08,MOCK_S08_T3,1767924000.067,2,MOCK_CONDITION_2,,MOCK_LEVEL_2,-13.6155,-6.77355,-7.95936,-0.0158746,0.52865,-11.4451,0.0301987,0.749559,,,,,,,23.9171,0.538748,-7.06573,52.8637,12.2173,257.21,0.185413,9.8093e-05,0.010246,0.0534032,0.524432,0.064517,9.62206,11.1999,-2.69772
MOCK_S08,MOCK_S08_T3,1767924000.100,3,MOCK_CONDITION_2,,MOCK_LEVEL_2,10.4822,34.7664,3.58829,-0.032315,0.519884,-6.17711,0.0275855,0.636793,-0.584458,0.526337,-0.13498,0.183406,0.208179,0.0687527,17.434,0.466076,-5.61917,51.4783,13.6886,223.775,0.108053,-0.00275104,0.00742276,-0.025313,0.691984,0.0704666,5.58394,10.9823,0.9951
MOCK_S08,MOCK_S08_T3,1767924000.133,4,MOCK_CONDITION_2,,MOCK_LEVEL_2,4.97931,12.1444,3.43883,-0.0692266,0.454871,-3.34387,0.0386638,0.729576,-0.412993,0.0944091,0.891956,-0.11616,0.254243,0.233387,14.785,0.511888,0.549162,54.1201,16.1348,153.728,0.137389,-0.0116532,-0.00964841,-0.00249185,0.392903,0.13272,20.7329,3.68257,-1.54141
MOCK_S08,MOCK_S08_T3,1767924000.167,5,MOCK_CONDITION_2,,MOCK_LEVEL_2,21.6618,13.4469,0.974417,-0.129986,0.588535,3.19211,0.0598343,0.624747,-0.125998,0.152816,0.291024,-0.566044,0.192136,0.153978,17.9427,0.372785,-12.8574,36.1778,7.06007,263.873,0.10534,-0.00755033,0.00507684,0.234171,0.474028,0.137125,-3.45964,-2.58512,2.00971
MOCK_S08,MOCK_S08_T3,1767924000.200,6,MOCK_CONDITION_2,,MOCK_LEVEL_2,11.1524,14.2125,0.12437,-0.0888375,0.553816,3.37309,0.0135397,0.439924,-0.239069,-0.258016,0.265927,0.222554,0.119614,0.15026,12.8642,0.49311,-5.99261,42.6372,9.03104,301.126,0.121605,-0.00787314,0.00561365,0.0843667,0.45541,-0.0379995,8.55015,8.47981,2.94535
MOCK_S08,MOCK_S08_T3,1767924000.233,7,MOCK_CONDITION_2,,MOCK_LEVEL_2,-0.90902,-2.33291,-1.83899,-0.0755079,0.547318,7.4897,0.0308746,0.701279,-0.162574,0.208315,0.217623,0.193233,0.17929,0.202856,13.6045,0.4257,-14.5058,41.8589,12.0754,100.431,0.17449,-0.00626959,-0.0139051,0.118257,0.368616,0.100469,25.7725,-7.82035,6.92594
MOCK_S08,MOCK_S08_T3,1767924000.267,8,MOCK_CONDITION_2,,MOCK_LEVEL_2,-2.28967,-5.47486,3.40098,-0.107684,0.476227,3.90032,0.0371344,0.420148,-0.295749,0.271538,0.371629,-0.0274867,0.237646,0.135033,10.7838,0.458848,-9.79291,41.3159,9.97074,194.983,0.117046,-0.0158012,0.0184572,0.00977785,0.45925,0.0851777,12.2221,-27.1268,1.76626
MOCK_S08,MOCK_S08_T3,1767924000.300,9,MOCK_CONDITION_2,,MOCK_LEVEL_2,25.6069,0.481713,-11.5402,0.0159447,0.631413,-3.20621,0.031337,0.646677,-0.481432,0.122367,0.385511,0.25003,0.208226,0.255851,18.5276,0.440918,-3.33453,50.4062,10.6068,138.822,0.202952,0.0006553,0.0130728,0.0721878,0.46343,0.127553,13.105,16.7776,3.74429
MOCK_S08,MOCK_S08_T3,1767924000.333,10,MOCK_CONDITION_2,,MOCK_LEVEL_2,28.1993,19.3757,-2.88946,-0.0816289,0.463428,12.8947,0.0458785,0.67757,-0.432235,-0.1751,0.231702,0.173466,0.0773608,0.135861,17.5379,0.501161,-3.62157,50.444,14.1627,196.924,0.0905174,-0.0179638,0.00132485,0.0600815,0.437873,0.0604653,0.154734,7.77289,-1.57565
MOCK_S08,MOCK_S08_T3,1767924000.367,11,MOCK_CONDITION_2,,MOCK_LEVEL_2,20.9346,29.9874,-1.46622,-0.0499087,0.498205,-4.99225,0.0450197,0.704394,-0.0998745,0.170925,0.260273,0.255623,0.103458,0.160552,2.33606,0.492897,-9.45938,34.5084,9.97186,167.179,0.173547,-0.0268415,0.0158889,-0.142677,0.388378,0.120474,-8.63679,-8.66788,-3.17491
MOCK_S08,MOCK_S08_T3,1767924000.400,12,MOCK_CONDITION_2,,MOCK_LEVEL_2,10.1706,1.32745,-4.86552,-0.0920476,0.436943,-4.88337,0.029081,0.436457,-0.386055,0.3681,0.0179309,0.369936,0.196078,0.218513,14.3715,0.439874,-11.6069,43.9254,12.2566,177.864,0.121088,0.0103398,-0.00654352,0.124984,0.333563,0.0775982,-16.6128,-2.83464,-2.55331
MOCK_S08,MOCK_S08_T3,1767924000.433,13,MOCK_CONDITION_2,,MOCK_LEVEL_2,13.0308,8.56895,-3.02655,-0.181782,0.589515,5.78053,0.0364121,0.456075,-0.50282,0.180726,0.0762495,-0.504964,0.24932,0.211622,9.42757,0.423882,-12.3081,23.8211,11.5317,195.251,0.0943864,0.00306433,-0.008391,0.144335,0.31544,0.123927,17.8034,0.682184,2.89892
MOCK_S08,MOCK_S08_T3,1767924000.467,14,MOCK_CONDITION_2,,MOCK_LEVEL_2,4.63957,-0.37849,-5.88272,-0.0127144,0.485917,7.13833,0.0270993,0.503457,-0.221212,0.297634,0.202501,-0.161246,0.179364,0.201428,10.8814,0.500653,-4.29491,43.7835,9.7225,153.559,0.147336,-0.00913725,0.00570329,-0.0469391,0.216181,0.0789588,2.84149,-5.19915,-8.39954
MOCK_S08,MOCK_S08_T3,1767924000.500,15,MOCK_CONDITION_2,,MOCK_LEVEL_2,18.2391,10.6168,2.32284,-0.0625213,0.554719,4.56664,0.0225718,0.665281,-0.323605,0.519371,0.106523,-0.105926,0.355506,0.191765,8.73207,0.506434,-2.65665,49.8954,13.8577,163.115,0.11307,-0.0201543,-0.00234154,-0.095897,0.559187,0.014328,-9.8771,4.5766,4.76899
MOCK_S08,MOCK_S08_T3,1767924000.533,16,MOCK_CONDITION_2,,MOCK_LEVEL_2,2.63932,-3.9947,1.00097,0.0490918,0.4964,15.8919,0.0349061,0.636244,-0.334977,0.331439,0.102934,0.170889,0.0898885,0.224836,18.905,0.423015,-6.21714,51.4324,6.43096,269.335,0.121802,0.00599857,-0.0107182,0.199691,0.507753,0.0582682,-10.5926,4.02616,-0.302294
MOCK_S08,MOCK_S08_T3,1767924000.567,17,MOCK_CONDITION_2,,MOCK_LEVEL_2,16.0877,-7.98633,-0.91042,0.0103683,0.623744,-6.95753,0.0281852,0.629762,-0.728095,0.111952,0.326835,0.260896,0.273542,0.194047,3.71456,0.399882,-1.87497,64.5601,10.9613,168.853,0.206152,-0.0123523,0.0189668,0.183309,0.418668,0.0397617,20.0047,12.9835,-1.52822
MOCK_S08,MOCK_S08_T3,1767924000.600,18,MOCK_CONDITION_2,,MOCK_LEVEL_2,12.6204,-6.42952,-7.38226,-0.134742,0.451562,7.22427,0.0388805,0.777913,-0.261618,0.274054,0.707546,-0.173951,0.415185,0.254432,26.747,0.513614,-13.0427,37.1477,11.2987,134.409,0.147255,-0.00795734,0.0056463,0.0570538,0.545913,0.00526539,-6.9073,5.66922,3.09532
MOCK_S08,MOCK_S08_T3,1767924000.633,19,MOCK_CONDITION_2,,MOCK_LEVEL_2,25.249,0.180438,-0.521519,-0.0444228,0.553961,6.8839,0.0427872,0.519615,-0.183407,-0.024788,-0.228358,-0.018854,0.332998,0.186042,23.816,0.393401,-2.70371,37.5949,14.053,91.8659,0.11368,-0.0112946,-0.0177342,0.0347227,0.372867,0.161462,-6.94943,-17.5407,8.76757
MOCK_S08,MOCK_S08_T3,1767924000.667,20,MOCK_CONDITION_2,,MOCK_LEVEL_2,9.52352,10.9524,-5.27843,0.0449927,0.536452,0.0698126,0.027386,0.799336,-0.283616,-0.0760208,0.024571,-0.101898,0.0702229,0.158767,10.0326,0.47322,-11.1082,30.5054,9.76051,195.548,0.130179,-0.0221725,0.00929593,0.127204,0.396004,0.118415,7.37728,-16.5664,-6.61416
MOCK_S08,MOCK_S08_T3,1767924000.700,21,MOCK_CONDITION_2,,MOCK_LEVEL_2,24.5481,6.5419,5.81303,-0.0172961,0.473957,4.90195,0.0335217,0.517201,-0.715443,0.22712,0.118019,0.203955,0.123319,0.315729,12.6177,0.420485,-4.02038,22.4664,8.05002,261.487,0.122606,-0.00585136,0.0160959,0.0684044,0.397121,0.0286178,-0.673093,10.7103,1.03495
MOCK_S08,MOCK_S08_T3,1767924000.733,22,MOCK_CONDITION_2,,MOCK_LEVEL_2,18.1861,10.0668,-14.0186,0.0401995,0.479985,1.30544,0.0178579,0.746331,-0.603439,0.0266393,0.00521482,0.215859,0.36431,0.204889,22.4586,0.477451,-7.47659,37.1109,12.2437,207.892,0.200452,-0.01506,-0.000198651,-0.0628778,0.459453,0.106309,6.37569,-9.1714,-10.1915
MOCK_S08,MOCK_S08_T3,1767924000.767,23,MOCK_CONDITION_2,,MOCK_LEVEL_2,5.50901,6.63029,-11.6773,-0.0609326,0.506851,1.00588,0.0220155,0.444053,-0.991306,0.363966,0.421948,-0.0294979,0.292567,0.257368,11.9931,0.44428,-4.08774,42.3262,10.4975,131.876,0.170627,-0.0062627,0.0128576,-0.121795,0.504048,0.13873,16.0622,-8.74715,-3.76502
MOCK_S08,MOCK_S08_T3,1767924000.800,24,MOCK_CONDITION_2,,MOCK_LEVEL_2,3.00986,11.9254,8.86151,-0.109465,0.549463,7.62178,0.0281093,0.621001,-0.880544,-0.209821,0.374285,-0.00688101,0.279622,0.195856,11.4921,0.414121,-6.62123,44.2562,9.86444,185.179,0.203372,-0.0111467,-0.00864204,0.037707,0.493775,0.0496903,2.15297,-0.632885,-0.849456
MOCK_S08,MOCK_S08_T3,1767924000.833,25,MOCK_CONDITION_2,,MOCK_LEVEL_2,16.5799,7.23733,1.47335,0.0127418,0.538261,4.53219,0.0367819,0.655556,-0.259886,-0.116525,0.497738,0.135517,0.263018,0.239409,23.0087,0.421207,-0.852539,43.9703,14.7582,84.7475,0.159229,0.00351621,0.00696284,0.0280438,0.407368,0.0790937,12.0055,-17.596,3.53548
MOCK_S08,MOCK_S08_T3,1767924000.867,26,MOCK_CONDITION_2,,MOCK_LEVEL_2,15.6565,5.77316,-6.84891,-0.119782,0.565413,1.77139,0.0360109,0.655409,-0.357655,0.204134,0.512023,0.328464,0.38302,0.195362,9.33732,0.486778,-9.72677,57.1701,10.5109,205.618,0.100063,-0.0176099,-0.00461388,0.110697,0.579839,0.0959428,15.5274,15.5143,4.48916
MOCK_S08,MOCK_S08_T3,1767924000.900,27,MOCK_CONDITION_2,,MOCK_LEVEL_2,8.16673,11.4089,-2.35991,-0.0102576,0.538965,-0.35243,0.0393216,0.643062,-0.159177,0.0641652,0.371761,-0.16714,0.401101,0.124227,13.5747,0.462956,0.289947,29.3566,4.79342,295.396,0.114045,-0.0171085,-0.00924333,-0.0386481,0.486015,0.0338493,17.2424,-4.89728,-7.54715
MOCK_S08,MOCK_S08_T3,1767924000.933,28,MOCK_CONDITION_2,,MOCK_LEVEL_2,14.9155,-27.1327,-6.71877,-0.0858946,0.569527,6.45047,0.0281378,0.620032,-0.531879,0.0649726,0.603559,0.27636,0.212619,0.215744,18.4225,0.441467,-2.21566,46.2287,13.8684,191.86,0.0805417,0.00779231,0.0118379,0.0631004,0.431758,0.101948,12.0794,0.265428,1.57853
MOCK_S08,MOCK_S08_T3,1767924000.967,29,MOCK_CONDITION_2,,MOCK_LEVEL_2,9.09561,16.9736,1.65494,-0.0505968,0.650705,9.76378,0.027599,0.628805,-0.338915,-0.0523419,0.544984,-0.121414,0.212901,0.231598,23.9983,0.490586,0.566359,44.9791,11.5971,174.304,0.132832,0.00199111,0.00671391,0.0285365,0.410008,0.016619,7.90739,19.0938,2.41837
